-- MariaDB dump 10.19  Distrib 10.6.12-MariaDB, for debian-linux-gnu (x86_64)
--
-- Host: localhost    Database: kanimcilegon
-- ------------------------------------------------------
-- Server version	10.6.12-MariaDB-0ubuntu0.22.04.1

/*!40101 SET @OLD_CHARACTER_SET_CLIENT=@@CHARACTER_SET_CLIENT */;
/*!40101 SET @OLD_CHARACTER_SET_RESULTS=@@CHARACTER_SET_RESULTS */;
/*!40101 SET @OLD_COLLATION_CONNECTION=@@COLLATION_CONNECTION */;
/*!40101 SET NAMES utf8mb4 */;
/*!40103 SET @OLD_TIME_ZONE=@@TIME_ZONE */;
/*!40103 SET TIME_ZONE='+00:00' */;
/*!40014 SET @OLD_UNIQUE_CHECKS=@@UNIQUE_CHECKS, UNIQUE_CHECKS=0 */;
/*!40014 SET @OLD_FOREIGN_KEY_CHECKS=@@FOREIGN_KEY_CHECKS, FOREIGN_KEY_CHECKS=0 */;
/*!40101 SET @OLD_SQL_MODE=@@SQL_MODE, SQL_MODE='NO_AUTO_VALUE_ON_ZERO' */;
/*!40111 SET @OLD_SQL_NOTES=@@SQL_NOTES, SQL_NOTES=0 */;

--
-- Table structure for table `auth_group`
--

DROP TABLE IF EXISTS `auth_group`;
/*!40101 SET @saved_cs_client     = @@character_set_client */;
/*!40101 SET character_set_client = utf8 */;
CREATE TABLE `auth_group` (
  `id` int(11) NOT NULL AUTO_INCREMENT,
  `name` varchar(150) NOT NULL,
  PRIMARY KEY (`id`),
  UNIQUE KEY `name` (`name`)
) ENGINE=InnoDB DEFAULT CHARSET=utf8mb4 COLLATE=utf8mb4_general_ci;
/*!40101 SET character_set_client = @saved_cs_client */;

--
-- Dumping data for table `auth_group`
--

LOCK TABLES `auth_group` WRITE;
/*!40000 ALTER TABLE `auth_group` DISABLE KEYS */;
/*!40000 ALTER TABLE `auth_group` ENABLE KEYS */;
UNLOCK TABLES;

--
-- Table structure for table `auth_group_permissions`
--

DROP TABLE IF EXISTS `auth_group_permissions`;
/*!40101 SET @saved_cs_client     = @@character_set_client */;
/*!40101 SET character_set_client = utf8 */;
CREATE TABLE `auth_group_permissions` (
  `id` bigint(20) NOT NULL AUTO_INCREMENT,
  `group_id` int(11) NOT NULL,
  `permission_id` int(11) NOT NULL,
  PRIMARY KEY (`id`),
  UNIQUE KEY `auth_group_permissions_group_id_permission_id_0cd325b0_uniq` (`group_id`,`permission_id`),
  KEY `auth_group_permissio_permission_id_84c5c92e_fk_auth_perm` (`permission_id`),
  CONSTRAINT `auth_group_permissio_permission_id_84c5c92e_fk_auth_perm` FOREIGN KEY (`permission_id`) REFERENCES `auth_permission` (`id`),
  CONSTRAINT `auth_group_permissions_group_id_b120cbf9_fk_auth_group_id` FOREIGN KEY (`group_id`) REFERENCES `auth_group` (`id`)
) ENGINE=InnoDB DEFAULT CHARSET=utf8mb4 COLLATE=utf8mb4_general_ci;
/*!40101 SET character_set_client = @saved_cs_client */;

--
-- Dumping data for table `auth_group_permissions`
--

LOCK TABLES `auth_group_permissions` WRITE;
/*!40000 ALTER TABLE `auth_group_permissions` DISABLE KEYS */;
/*!40000 ALTER TABLE `auth_group_permissions` ENABLE KEYS */;
UNLOCK TABLES;

--
-- Table structure for table `auth_permission`
--

DROP TABLE IF EXISTS `auth_permission`;
/*!40101 SET @saved_cs_client     = @@character_set_client */;
/*!40101 SET character_set_client = utf8 */;
CREATE TABLE `auth_permission` (
  `id` int(11) NOT NULL AUTO_INCREMENT,
  `name` varchar(255) NOT NULL,
  `content_type_id` int(11) NOT NULL,
  `codename` varchar(100) NOT NULL,
  PRIMARY KEY (`id`),
  UNIQUE KEY `auth_permission_content_type_id_codename_01ab375a_uniq` (`content_type_id`,`codename`),
  CONSTRAINT `auth_permission_content_type_id_2f476e4b_fk_django_co` FOREIGN KEY (`content_type_id`) REFERENCES `django_content_type` (`id`)
) ENGINE=InnoDB AUTO_INCREMENT=93 DEFAULT CHARSET=utf8mb4 COLLATE=utf8mb4_general_ci;
/*!40101 SET character_set_client = @saved_cs_client */;

--
-- Dumping data for table `auth_permission`
--

LOCK TABLES `auth_permission` WRITE;
/*!40000 ALTER TABLE `auth_permission` DISABLE KEYS */;
INSERT INTO `auth_permission` VALUES (1,'Can add log entry',1,'add_logentry'),(2,'Can change log entry',1,'change_logentry'),(3,'Can delete log entry',1,'delete_logentry'),(4,'Can view log entry',1,'view_logentry'),(5,'Can add permission',2,'add_permission'),(6,'Can change permission',2,'change_permission'),(7,'Can delete permission',2,'delete_permission'),(8,'Can view permission',2,'view_permission'),(9,'Can add group',3,'add_group'),(10,'Can change group',3,'change_group'),(11,'Can delete group',3,'delete_group'),(12,'Can view group',3,'view_group'),(13,'Can add user',4,'add_user'),(14,'Can change user',4,'change_user'),(15,'Can delete user',4,'delete_user'),(16,'Can view user',4,'view_user'),(17,'Can add content type',5,'add_contenttype'),(18,'Can change content type',5,'change_contenttype'),(19,'Can delete content type',5,'delete_contenttype'),(20,'Can view content type',5,'view_contenttype'),(21,'Can add session',6,'add_session'),(22,'Can change session',6,'change_session'),(23,'Can delete session',6,'delete_session'),(24,'Can view session',6,'view_session'),(25,'Can add berita',7,'add_berita'),(26,'Can change berita',7,'change_berita'),(27,'Can delete berita',7,'delete_berita'),(28,'Can view berita',7,'view_berita'),(29,'Can add file arsip dan dokumen',8,'add_filearsipdandokumen'),(30,'Can change file arsip dan dokumen',8,'change_filearsipdandokumen'),(31,'Can delete file arsip dan dokumen',8,'delete_filearsipdandokumen'),(32,'Can view file arsip dan dokumen',8,'view_filearsipdandokumen'),(33,'Can add foto galeri',9,'add_fotogaleri'),(34,'Can change foto galeri',9,'change_fotogaleri'),(35,'Can delete foto galeri',9,'delete_fotogaleri'),(36,'Can view foto galeri',9,'view_fotogaleri'),(37,'Can add main menu',10,'add_mainmenu'),(38,'Can change main menu',10,'change_mainmenu'),(39,'Can delete main menu',10,'delete_mainmenu'),(40,'Can view main menu',10,'view_mainmenu'),(41,'Can add menu',11,'add_menu'),(42,'Can change menu',11,'change_menu'),(43,'Can delete menu',11,'delete_menu'),(44,'Can view menu',11,'view_menu'),(45,'Can add youtube video',12,'add_youtubevideo'),(46,'Can change youtube video',12,'change_youtubevideo'),(47,'Can delete youtube video',12,'delete_youtubevideo'),(48,'Can view youtube video',12,'view_youtubevideo'),(49,'Can add content',13,'add_content'),(50,'Can change content',13,'change_content'),(51,'Can delete content',13,'delete_content'),(52,'Can view content',13,'view_content'),(53,'Can add sub menu',14,'add_submenu'),(54,'Can change sub menu',14,'change_submenu'),(55,'Can delete sub menu',14,'delete_submenu'),(56,'Can view sub menu',14,'view_submenu'),(57,'Can add berita image',15,'add_beritaimage'),(58,'Can change berita image',15,'change_beritaimage'),(59,'Can delete berita image',15,'delete_beritaimage'),(60,'Can view berita image',15,'view_beritaimage'),(61,'Can add kakanim',16,'add_kakanim'),(62,'Can change kakanim',16,'change_kakanim'),(63,'Can delete kakanim',16,'delete_kakanim'),(64,'Can view kakanim',16,'view_kakanim'),(65,'Can add struktur organisasi',17,'add_strukturorganisasi'),(66,'Can change struktur organisasi',17,'change_strukturorganisasi'),(67,'Can delete struktur organisasi',17,'delete_strukturorganisasi'),(68,'Can view struktur organisasi',17,'view_strukturorganisasi'),(69,'Can add visi dan misi',18,'add_visidanmisi'),(70,'Can change visi dan misi',18,'change_visidanmisi'),(71,'Can delete visi dan misi',18,'delete_visidanmisi'),(72,'Can view visi dan misi',18,'view_visidanmisi'),(73,'Can add list perusahaan dan penginapan wilayah kerja',19,'add_listperusahaandanpenginapanwilayahkerja'),(74,'Can change list perusahaan dan penginapan wilayah kerja',19,'change_listperusahaandanpenginapanwilayahkerja'),(75,'Can delete list perusahaan dan penginapan wilayah kerja',19,'delete_listperusahaandanpenginapanwilayahkerja'),(76,'Can view list perusahaan dan penginapan wilayah kerja',19,'view_listperusahaandanpenginapanwilayahkerja'),(77,'Can add index kepuasan masyarakat',20,'add_indexkepuasanmasyarakat'),(78,'Can change index kepuasan masyarakat',20,'change_indexkepuasanmasyarakat'),(79,'Can delete index kepuasan masyarakat',20,'delete_indexkepuasanmasyarakat'),(80,'Can view index kepuasan masyarakat',20,'view_indexkepuasanmasyarakat'),(81,'Can add index persepsi korupsi',21,'add_indexpersepsikorupsi'),(82,'Can change index persepsi korupsi',21,'change_indexpersepsikorupsi'),(83,'Can delete index persepsi korupsi',21,'delete_indexpersepsikorupsi'),(84,'Can view index persepsi korupsi',21,'view_indexpersepsikorupsi'),(85,'Can add laporan pelayanan wna',22,'add_laporanpelayananwna'),(86,'Can change laporan pelayanan wna',22,'change_laporanpelayananwna'),(87,'Can delete laporan pelayanan wna',22,'delete_laporanpelayananwna'),(88,'Can view laporan pelayanan wna',22,'view_laporanpelayananwna'),(89,'Can add laporan pelayanan wni',23,'add_laporanpelayananwni'),(90,'Can change laporan pelayanan wni',23,'change_laporanpelayananwni'),(91,'Can delete laporan pelayanan wni',23,'delete_laporanpelayananwni'),(92,'Can view laporan pelayanan wni',23,'view_laporanpelayananwni');
/*!40000 ALTER TABLE `auth_permission` ENABLE KEYS */;
UNLOCK TABLES;

--
-- Table structure for table `auth_user`
--

DROP TABLE IF EXISTS `auth_user`;
/*!40101 SET @saved_cs_client     = @@character_set_client */;
/*!40101 SET character_set_client = utf8 */;
CREATE TABLE `auth_user` (
  `id` int(11) NOT NULL AUTO_INCREMENT,
  `password` varchar(128) NOT NULL,
  `last_login` datetime(6) DEFAULT NULL,
  `is_superuser` tinyint(1) NOT NULL,
  `username` varchar(150) NOT NULL,
  `first_name` varchar(150) NOT NULL,
  `last_name` varchar(150) NOT NULL,
  `email` varchar(254) NOT NULL,
  `is_staff` tinyint(1) NOT NULL,
  `is_active` tinyint(1) NOT NULL,
  `date_joined` datetime(6) NOT NULL,
  PRIMARY KEY (`id`),
  UNIQUE KEY `username` (`username`)
) ENGINE=InnoDB AUTO_INCREMENT=2 DEFAULT CHARSET=utf8mb4 COLLATE=utf8mb4_general_ci;
/*!40101 SET character_set_client = @saved_cs_client */;

--
-- Dumping data for table `auth_user`
--

LOCK TABLES `auth_user` WRITE;
/*!40000 ALTER TABLE `auth_user` DISABLE KEYS */;
INSERT INTO `auth_user` VALUES (1,'pbkdf2_sha256$600000$yMTgen96FodymDpg3XoGH3$36GgttUYI4VsL1g9ajUL5+oIcnweyXvkDPKLTD6HgdE=','2023-07-08 22:07:29.527296',1,'admin','','','',1,1,'2023-05-28 23:40:28.306781');
/*!40000 ALTER TABLE `auth_user` ENABLE KEYS */;
UNLOCK TABLES;

--
-- Table structure for table `auth_user_groups`
--

DROP TABLE IF EXISTS `auth_user_groups`;
/*!40101 SET @saved_cs_client     = @@character_set_client */;
/*!40101 SET character_set_client = utf8 */;
CREATE TABLE `auth_user_groups` (
  `id` bigint(20) NOT NULL AUTO_INCREMENT,
  `user_id` int(11) NOT NULL,
  `group_id` int(11) NOT NULL,
  PRIMARY KEY (`id`),
  UNIQUE KEY `auth_user_groups_user_id_group_id_94350c0c_uniq` (`user_id`,`group_id`),
  KEY `auth_user_groups_group_id_97559544_fk_auth_group_id` (`group_id`),
  CONSTRAINT `auth_user_groups_group_id_97559544_fk_auth_group_id` FOREIGN KEY (`group_id`) REFERENCES `auth_group` (`id`),
  CONSTRAINT `auth_user_groups_user_id_6a12ed8b_fk_auth_user_id` FOREIGN KEY (`user_id`) REFERENCES `auth_user` (`id`)
) ENGINE=InnoDB DEFAULT CHARSET=utf8mb4 COLLATE=utf8mb4_general_ci;
/*!40101 SET character_set_client = @saved_cs_client */;

--
-- Dumping data for table `auth_user_groups`
--

LOCK TABLES `auth_user_groups` WRITE;
/*!40000 ALTER TABLE `auth_user_groups` DISABLE KEYS */;
/*!40000 ALTER TABLE `auth_user_groups` ENABLE KEYS */;
UNLOCK TABLES;

--
-- Table structure for table `auth_user_user_permissions`
--

DROP TABLE IF EXISTS `auth_user_user_permissions`;
/*!40101 SET @saved_cs_client     = @@character_set_client */;
/*!40101 SET character_set_client = utf8 */;
CREATE TABLE `auth_user_user_permissions` (
  `id` bigint(20) NOT NULL AUTO_INCREMENT,
  `user_id` int(11) NOT NULL,
  `permission_id` int(11) NOT NULL,
  PRIMARY KEY (`id`),
  UNIQUE KEY `auth_user_user_permissions_user_id_permission_id_14a6b632_uniq` (`user_id`,`permission_id`),
  KEY `auth_user_user_permi_permission_id_1fbb5f2c_fk_auth_perm` (`permission_id`),
  CONSTRAINT `auth_user_user_permi_permission_id_1fbb5f2c_fk_auth_perm` FOREIGN KEY (`permission_id`) REFERENCES `auth_permission` (`id`),
  CONSTRAINT `auth_user_user_permissions_user_id_a95ead1b_fk_auth_user_id` FOREIGN KEY (`user_id`) REFERENCES `auth_user` (`id`)
) ENGINE=InnoDB DEFAULT CHARSET=utf8mb4 COLLATE=utf8mb4_general_ci;
/*!40101 SET character_set_client = @saved_cs_client */;

--
-- Dumping data for table `auth_user_user_permissions`
--

LOCK TABLES `auth_user_user_permissions` WRITE;
/*!40000 ALTER TABLE `auth_user_user_permissions` DISABLE KEYS */;
/*!40000 ALTER TABLE `auth_user_user_permissions` ENABLE KEYS */;
UNLOCK TABLES;

--
-- Table structure for table `django_admin_log`
--

DROP TABLE IF EXISTS `django_admin_log`;
/*!40101 SET @saved_cs_client     = @@character_set_client */;
/*!40101 SET character_set_client = utf8 */;
CREATE TABLE `django_admin_log` (
  `id` int(11) NOT NULL AUTO_INCREMENT,
  `action_time` datetime(6) NOT NULL,
  `object_id` longtext DEFAULT NULL,
  `object_repr` varchar(200) NOT NULL,
  `action_flag` smallint(5) unsigned NOT NULL CHECK (`action_flag` >= 0),
  `change_message` longtext NOT NULL,
  `content_type_id` int(11) DEFAULT NULL,
  `user_id` int(11) NOT NULL,
  PRIMARY KEY (`id`),
  KEY `django_admin_log_content_type_id_c4bce8eb_fk_django_co` (`content_type_id`),
  KEY `django_admin_log_user_id_c564eba6_fk_auth_user_id` (`user_id`),
  CONSTRAINT `django_admin_log_content_type_id_c4bce8eb_fk_django_co` FOREIGN KEY (`content_type_id`) REFERENCES `django_content_type` (`id`),
  CONSTRAINT `django_admin_log_user_id_c564eba6_fk_auth_user_id` FOREIGN KEY (`user_id`) REFERENCES `auth_user` (`id`)
) ENGINE=InnoDB AUTO_INCREMENT=246 DEFAULT CHARSET=utf8mb4 COLLATE=utf8mb4_general_ci;
/*!40101 SET character_set_client = @saved_cs_client */;

--
-- Dumping data for table `django_admin_log`
--

LOCK TABLES `django_admin_log` WRITE;
/*!40000 ALTER TABLE `django_admin_log` DISABLE KEYS */;
INSERT INTO `django_admin_log` VALUES (1,'2023-05-29 03:30:03.164441','1','Beranda',1,'[{\"added\": {}}]',10,1),(2,'2023-05-29 03:30:11.140334','2','Layanan Imigrasi',1,'[{\"added\": {}}]',10,1),(3,'2023-05-29 03:30:21.569184','3','Informasi Publik',1,'[{\"added\": {}}]',10,1),(4,'2023-05-29 03:30:28.548495','4','Profile',1,'[{\"added\": {}}]',10,1),(5,'2023-05-29 03:30:32.371918','5','PPID',1,'[{\"added\": {}}]',10,1),(6,'2023-05-29 03:31:53.942977','2','Warga Negara Indoesia',1,'[{\"added\": {}}]',11,1),(7,'2023-05-29 03:32:29.612005','3','Warga Negara Asing',1,'[{\"added\": {}}]',11,1),(8,'2023-05-29 03:32:45.108455','4','Informasi Publik',1,'[{\"added\": {}}]',11,1),(9,'2023-05-29 03:32:52.904916','5','Berita',1,'[{\"added\": {}}]',11,1),(10,'2023-05-29 03:33:01.942648','6','Arsip dan Dokumen',1,'[{\"added\": {}}]',11,1),(11,'2023-05-29 03:33:09.055021','7','Dasbor Publik',1,'[{\"added\": {}}]',11,1),(12,'2023-05-29 03:33:42.061632','8','Profile',1,'[{\"added\": {}}]',11,1),(13,'2023-05-29 03:33:47.758289','9','Galeri',1,'[{\"added\": {}}]',11,1),(14,'2023-05-29 03:33:58.443896','10','PPID',1,'[{\"added\": {}}]',11,1),(15,'2023-05-29 03:34:25.214561','1','Paspor Baru',1,'[{\"added\": {}}]',14,1),(16,'2023-05-29 03:34:37.552440','2','Penyerahan Paspor',1,'[{\"added\": {}}]',14,1),(17,'2023-05-29 03:34:52.213823','3','Pergantian Paspor',1,'[{\"added\": {}}]',14,1),(18,'2023-05-29 03:35:09.724692','4','Pergantian Paspor Hilang/Rusak',1,'[{\"added\": {}}]',14,1),(19,'2023-05-29 03:35:57.163151','5','Perpanjang Visa Kunjungan Saat Kedatangan',1,'[{\"added\": {}}]',14,1),(20,'2023-05-29 03:36:11.395482','6','Izin Tinggal Kunjungan',1,'[{\"added\": {}}]',14,1),(21,'2023-05-29 03:36:23.549706','7','Izin Tinggal Terbatas',1,'[{\"added\": {}}]',14,1),(22,'2023-05-29 03:36:39.356102','8','Izin Masuk Kembali',1,'[{\"added\": {}}]',14,1),(23,'2023-05-29 03:36:49.607016','9','Izin Tinggal Tetap',1,'[{\"added\": {}}]',14,1),(24,'2023-05-29 03:37:02.344545','10','Alih Status Izin Tinggal',1,'[{\"added\": {}}]',14,1),(25,'2023-05-29 03:37:11.533454','11','Perubahan Alamat',1,'[{\"added\": {}}]',14,1),(26,'2023-05-29 03:37:42.102404','12','Pendaftaran Anak Berkewarganegaraan Ganda dan Fasilitas Keimigrasian (Ganda Terbatas)',1,'[{\"added\": {}}]',14,1),(27,'2023-05-29 03:38:02.378788','13','Biaya Keimigrasian',1,'[{\"added\": {}}]',14,1),(28,'2023-05-29 03:38:17.030811','14','Kantor Imigrasi Cilegon',1,'[{\"added\": {}}]',14,1),(29,'2023-05-29 03:38:38.081672','15','Kemenkumham Republik Indonesia',1,'[{\"added\": {}}]',14,1),(30,'2023-05-29 03:38:54.374609','16','Kemenkumham Kanwil Banten',1,'[{\"added\": {}}]',14,1),(31,'2023-05-29 03:39:14.662399','17','Daftar Isian Pelaksanaan Anggaran',1,'[{\"added\": {}}]',14,1),(32,'2023-05-29 03:39:36.393563','18','Laporan Akuntabilitas Kinerja',1,'[{\"added\": {}}]',14,1),(33,'2023-05-29 03:39:41.413942','18','Laporan Akuntabilitas Kinerja',2,'[{\"changed\": {\"fields\": [\"Menu\"]}}]',14,1),(34,'2023-05-29 03:39:54.152839','19','Laporan Pelayanan',1,'[{\"added\": {}}]',14,1),(35,'2023-05-29 03:40:06.946484','20','IPK dan IKM',1,'[{\"added\": {}}]',14,1),(36,'2023-05-29 03:40:22.452456','21','Sejarah Imigrasi',1,'[{\"added\": {}}]',14,1),(37,'2023-05-29 03:40:34.073451','22','Sejarah Kantor',1,'[{\"added\": {}}]',14,1),(38,'2023-05-29 03:40:43.279527','23','Visi dan Misi',1,'[{\"added\": {}}]',14,1),(39,'2023-05-29 03:40:55.155838','24','Struktur Organisasi',1,'[{\"added\": {}}]',14,1),(40,'2023-05-29 03:41:09.250788','25','Tugas dan Fungsi',1,'[{\"added\": {}}]',14,1),(41,'2023-05-29 03:41:17.550794','26','Wilayah Kerja',1,'[{\"added\": {}}]',14,1),(42,'2023-05-29 03:41:36.449095','27','Kakanim dari Waktu',1,'[{\"added\": {}}]',14,1),(43,'2023-05-29 03:41:51.755472','28','Foto',1,'[{\"added\": {}}]',14,1),(44,'2023-05-29 03:41:59.534936','29','VIdeo',1,'[{\"added\": {}}]',14,1),(45,'2023-05-29 03:43:01.253629','30','Dasar Hukum PPID',1,'[{\"added\": {}}]',14,1),(46,'2023-05-29 03:43:16.567596','31','SK Penetapan PPID',1,'[{\"added\": {}}]',14,1),(47,'2023-05-29 03:43:27.633967','32','Struktur PPID',1,'[{\"added\": {}}]',14,1),(48,'2023-05-29 03:45:03.434805','33','Tugas dan Fungsi PPID',1,'[{\"added\": {}}]',14,1),(49,'2023-05-29 03:45:27.555520','34','Standar Pelayanan Informasi',1,'[{\"added\": {}}]',14,1),(50,'2023-05-29 03:46:23.971400','35','Kegiatan Tata kelola Informasi Publik',1,'[{\"added\": {}}]',14,1),(51,'2023-05-29 03:56:30.258856','36','SK Informasi yang Dikecualikan',1,'[{\"added\": {}}]',14,1),(52,'2023-05-29 03:56:45.119432','37','Daftar Informasi Publik',1,'[{\"added\": {}}]',14,1),(53,'2023-05-29 03:56:56.719406','38','Informasi Berkala',1,'[{\"added\": {}}]',14,1),(54,'2023-05-29 03:57:09.524888','39','Informasi Setiap Saat',1,'[{\"added\": {}}]',14,1),(55,'2023-05-29 03:57:19.861865','40','Informasi Serta Merta',1,'[{\"added\": {}}]',14,1),(56,'2023-05-29 03:57:29.365848','41','Informasi Dikecualikan',1,'[{\"added\": {}}]',14,1),(57,'2023-05-29 03:57:37.537335','42','Profile PPID',1,'[{\"added\": {}}]',14,1),(58,'2023-05-29 03:58:04.834127','43','Form Permintaan Informasi & Pernyataan Kebenaran',1,'[{\"added\": {}}]',14,1),(59,'2023-05-29 04:05:40.953720','2','Warga Negara Indonesia',2,'[{\"changed\": {\"fields\": [\"Menu name\"]}}]',11,1),(60,'2023-05-29 04:05:48.498055','3','Warga Negara Asing',2,'[]',11,1),(61,'2023-05-29 04:07:13.296947','1','FotoGaleri object (1)',1,'[{\"added\": {}}]',9,1),(62,'2023-05-29 04:07:25.061257','2','FotoGaleri object (2)',1,'[{\"added\": {}}]',9,1),(63,'2023-05-29 04:07:31.167011','3','FotoGaleri object (3)',1,'[{\"added\": {}}]',9,1),(64,'2023-05-29 04:07:36.335347','4','FotoGaleri object (4)',1,'[{\"added\": {}}]',9,1),(65,'2023-05-29 04:07:42.584034','5','FotoGaleri object (5)',1,'[{\"added\": {}}]',9,1),(66,'2023-05-29 04:07:50.022112','6','FotoGaleri object (6)',1,'[{\"added\": {}}]',9,1),(67,'2023-05-29 04:07:54.773380','7','FotoGaleri object (7)',1,'[{\"added\": {}}]',9,1),(68,'2023-05-29 04:08:05.744579','8','FotoGaleri object (8)',1,'[{\"added\": {}}]',9,1),(69,'2023-05-29 04:08:10.312476','9','FotoGaleri object (9)',1,'[{\"added\": {}}]',9,1),(70,'2023-05-29 04:08:16.388591','10','FotoGaleri object (10)',1,'[{\"added\": {}}]',9,1),(71,'2023-05-29 04:08:21.798105','11','FotoGaleri object (11)',1,'[{\"added\": {}}]',9,1),(72,'2023-05-29 04:08:27.082632','12','FotoGaleri object (12)',1,'[{\"added\": {}}]',9,1),(73,'2023-05-29 04:08:32.395227','13','FotoGaleri object (13)',1,'[{\"added\": {}}]',9,1),(74,'2023-05-29 04:08:37.462210','14','FotoGaleri object (14)',1,'[{\"added\": {}}]',9,1),(75,'2023-05-29 04:11:22.372202','1','Web Application Testing Example Test Cases: This is a complete Testing Checklist for both Web-based',1,'[{\"added\": {}}]',7,1),(76,'2023-05-29 04:11:35.451717','2','Make a testing checklist as an integral part of y',1,'[{\"added\": {}}]',7,1),(77,'2023-05-29 04:11:48.232186','3','Although this is a common checklist,',1,'[{\"added\": {}}]',7,1),(78,'2023-05-29 04:12:01.671491','4','Importance Of Using A Checklist For Testing',1,'[{\"added\": {}}]',7,1),(79,'2023-05-29 04:12:13.251495','5','Notes:',1,'[{\"added\": {}}]',7,1),(80,'2023-05-29 04:12:55.157154','1','Notes:',1,'[{\"added\": {}}]',15,1),(81,'2023-05-29 04:13:41.512662','5','Notes:',2,'[{\"changed\": {\"fields\": [\"Berita descrition\"]}}]',7,1),(82,'2023-05-29 04:14:01.474529','5','Notes:',2,'[{\"changed\": {\"fields\": [\"Berita descrition\"]}}]',7,1),(83,'2023-05-29 04:18:05.354665','2','Importance Of Using A Checklist For Testing',1,'[{\"added\": {}}]',15,1),(84,'2023-05-29 04:18:12.233429','3','Although this is a common checklist,',1,'[{\"added\": {}}]',15,1),(85,'2023-05-29 04:18:18.706021','4','Make a testing checklist as an integral part of y',1,'[{\"added\": {}}]',15,1),(86,'2023-05-29 04:18:28.454057','5','Web Application Testing Example Test Cases: This is a complete Testing Checklist for both Web-based',1,'[{\"added\": {}}]',15,1),(87,'2023-05-29 04:18:57.039739','6','Notes:',1,'[{\"added\": {}}]',15,1),(88,'2023-05-29 04:19:11.468193','7','Make a testing checklist as an integral part of y',1,'[{\"added\": {}}]',15,1),(89,'2023-05-29 04:19:19.357085','8','Although this is a common checklist,',1,'[{\"added\": {}}]',15,1),(90,'2023-05-29 04:26:26.791237','1','Aplikasi Pendaftaran Paspor Melalui M-Paspor Kantor Imigrasi Kelas II TPI Cilegon',1,'[{\"added\": {}}]',12,1),(91,'2023-05-29 04:26:53.299996','2','PERESMIAN RUANG DETENI GEDUNG SEKSI INTELIJEN DAN PENINDAKAN KEIMIGRASIAN KANTOR IMIGRASI CILEGON',1,'[{\"added\": {}}]',12,1),(92,'2023-05-29 04:27:09.786925','3','Pegawai Kantor Imigrasi Cilegon antusias mengikuti Sosialisasi M-Paspor',1,'[{\"added\": {}}]',12,1),(93,'2023-05-29 04:27:26.527718','4','Tutorial Penggunaan Aplikasi Mobile Paspor ( M-Paspor)',1,'[{\"added\": {}}]',12,1),(94,'2023-05-29 04:27:43.113447','5','Sosialisasi Keimigrasian di Wilayah kerja Kantor Imigrasi Kelas II TPI Cilegon',1,'[{\"added\": {}}]',12,1),(95,'2023-05-29 04:56:03.299496','1','Paspor Baru',1,'[{\"added\": {}}]',13,1),(96,'2023-05-29 06:30:25.046929','2','Cerpen',1,'[{\"added\": {}}]',13,1),(97,'2023-05-29 06:30:30.149696','1','Paspor Baru',2,'[{\"changed\": {\"fields\": [\"Category content\"]}}]',13,1),(98,'2023-05-29 10:04:57.861530','11','Biaya Keimigrasian',1,'[{\"added\": {}}]',11,1),(99,'2023-05-29 11:24:59.413120','6','Biaya Keimigrasian',1,'[{\"added\": {}}]',10,1),(100,'2023-05-29 11:25:32.757761','12','Dokumen Perjalanan',1,'[{\"added\": {}}]',11,1),(101,'2023-05-29 11:25:37.832817','13','Visa',1,'[{\"added\": {}}]',11,1),(102,'2023-05-29 11:25:47.275131','14','Izin Keimigrasian',1,'[{\"added\": {}}]',11,1),(103,'2023-05-29 11:25:57.066633','15','PNBP Keimigrasian Lainnya',1,'[{\"added\": {}}]',11,1),(104,'2023-05-29 11:26:42.488501','4','Informasi Publik',3,'',11,1),(105,'2023-05-29 11:27:20.339448','44','Dokumen Perjalanan Republik Indonesia',1,'[{\"added\": {}}]',14,1),(106,'2023-05-29 11:27:35.986908','45','Visa Kunjungan',1,'[{\"added\": {}}]',14,1),(107,'2023-05-29 11:27:48.229385','46','Visa Tinggal Terbatas',1,'[{\"added\": {}}]',14,1),(108,'2023-05-29 11:28:00.177896','47','Izin Kunjungan',1,'[{\"added\": {}}]',14,1),(109,'2023-05-29 11:28:14.522148','48','Izin Tinggal Tetap',1,'[{\"added\": {}}]',14,1),(110,'2023-05-29 11:28:32.311898','49','Izin Masuk Kembali (Re-Entry Permit)',1,'[{\"added\": {}}]',14,1),(111,'2023-05-29 11:28:42.926507','50','Biaya Beban',1,'[{\"added\": {}}]',14,1),(112,'2023-05-29 11:28:54.416860','51','Smart Card',1,'[{\"added\": {}}]',14,1),(113,'2023-05-29 11:29:45.105883','52','Kartu Perjalanan Pebisnis Asia Pacific Economic Cooperation (KPP APEC)/APEC Business Travel Card (ABTC)',1,'[{\"added\": {}}]',14,1),(114,'2023-05-29 11:30:13.391119','53','Fasilitas Keimigrasian (Afidavit) Bagi Anak Berkewarganegaraan Ganda',1,'[{\"added\": {}}]',14,1),(115,'2023-05-29 11:30:27.863227','54','Surat Keterangan Keimigrasian',1,'[{\"added\": {}}]',14,1),(116,'2023-05-29 11:31:54.666880','45','Visa Kunjungan',2,'[{\"changed\": {\"fields\": [\"Menu\"]}}]',14,1),(117,'2023-05-29 11:31:59.130222','46','Visa Tinggal Terbatas',2,'[{\"changed\": {\"fields\": [\"Menu\"]}}]',14,1),(118,'2023-05-29 11:32:08.067693','47','Izin Kunjungan',2,'[{\"changed\": {\"fields\": [\"Menu\"]}}]',14,1),(119,'2023-05-29 11:32:11.967649','47','Izin Kunjungan',2,'[]',14,1),(120,'2023-05-29 11:32:16.121127','48','Izin Tinggal Tetap',2,'[{\"changed\": {\"fields\": [\"Menu\"]}}]',14,1),(121,'2023-05-29 11:32:20.589666','49','Izin Masuk Kembali (Re-Entry Permit)',2,'[{\"changed\": {\"fields\": [\"Menu\"]}}]',14,1),(122,'2023-05-29 11:32:56.085314','55','Izin Tinggal Tetap',1,'[{\"added\": {}}]',14,1),(123,'2023-05-29 11:33:04.086706','50','Biaya Beban',2,'[{\"changed\": {\"fields\": [\"Menu\"]}}]',14,1),(124,'2023-05-29 11:33:10.439992','51','Smart Card',2,'[{\"changed\": {\"fields\": [\"Menu\"]}}]',14,1),(125,'2023-05-29 11:33:13.996248','52','Kartu Perjalanan Pebisnis Asia Pacific Economic Cooperation (KPP APEC)/APEC Business Travel Card (ABTC)',2,'[{\"changed\": {\"fields\": [\"Menu\"]}}]',14,1),(126,'2023-05-29 11:33:16.570599','52','Kartu Perjalanan Pebisnis Asia Pacific Economic Cooperation (KPP APEC)/APEC Business Travel Card (ABTC)',2,'[]',14,1),(127,'2023-05-29 11:33:20.113653','53','Fasilitas Keimigrasian (Afidavit) Bagi Anak Berkewarganegaraan Ganda',2,'[{\"changed\": {\"fields\": [\"Menu\"]}}]',14,1),(128,'2023-05-29 11:33:23.811425','54','Surat Keterangan Keimigrasian',2,'[{\"changed\": {\"fields\": [\"Menu\"]}}]',14,1),(129,'2023-05-29 12:04:59.811046','44','Test Dokumen Perjalanan',1,'[{\"added\": {}}]',13,1),(130,'2023-05-29 12:05:27.467641','45','Test Visa Kunjungan',1,'[{\"added\": {}}]',13,1),(131,'2023-05-29 12:06:00.827339','46','Test Tinggal Terbatas',1,'[{\"added\": {}}]',13,1),(132,'2023-05-29 12:19:44.405076','55','Izin Tinggal Terbatas',2,'[{\"changed\": {\"fields\": [\"Submenu name\", \"Permalink\"]}}]',14,1),(133,'2023-05-29 17:01:36.706046','46','Test Tinggal Terbatas',2,'[{\"changed\": {\"fields\": [\"Content\"]}}]',13,1),(134,'2023-05-29 17:03:39.381327','46','Test Tinggal Terbatas',2,'[{\"changed\": {\"fields\": [\"Content\"]}}]',13,1),(135,'2023-05-29 17:04:35.681495','46','Test Tinggal Terbatas',2,'[{\"changed\": {\"fields\": [\"Content\"]}}]',13,1),(136,'2023-05-29 17:06:20.361161','46','Test Tinggal Terbatas',2,'[{\"changed\": {\"fields\": [\"Content\"]}}]',13,1),(137,'2023-05-29 17:07:23.640541','45','Test Visa Kunjungan',2,'[{\"changed\": {\"fields\": [\"Content\"]}}]',13,1),(138,'2023-05-30 01:56:09.738425','6','Sweet Love Paragraphs for Her',1,'[{\"added\": {}}]',7,1),(139,'2023-05-30 01:56:21.187562','7','Heartwarming Love Paragraphs for Her',1,'[{\"added\": {}}]',7,1),(140,'2023-05-30 01:56:35.957934','8','Long Love Paragraphs for Her',1,'[{\"added\": {}}]',7,1),(141,'2023-05-30 01:56:52.857782','9','Deep Love Paragraphs for Her',1,'[{\"added\": {}}]',7,1),(142,'2023-05-30 01:57:04.868054','10','Love Paragraphs for Her to Send over Text',1,'[{\"added\": {}}]',7,1),(143,'2023-05-30 01:57:29.264144','11','Cute Love Paragraphs for Her',1,'[{\"added\": {}}]',7,1),(144,'2023-05-30 01:57:46.128018','12','Relationship Love Paragraphs for Her',1,'[{\"added\": {}}]',7,1),(145,'2023-05-30 01:57:58.287832','13','Relationship Love Paragraphs for Her',1,'[{\"added\": {}}]',7,1),(146,'2023-05-30 01:58:06.538507','13','Good Morning Love Paragraphs for Her',2,'[{\"changed\": {\"fields\": [\"Berita title\"]}}]',7,1),(147,'2023-05-30 01:58:20.148124','14','Good Night Love Paragraphs for Her',1,'[{\"added\": {}}]',7,1),(148,'2023-05-30 01:58:31.641513','15','I Miss You Love Paragraphs for Her',1,'[{\"added\": {}}]',7,1),(149,'2023-05-30 01:58:53.017738','16','Romantic Love Paragraphs for Her',1,'[{\"added\": {}}]',7,1),(150,'2023-05-30 01:59:30.868537','9','Sweet Love Paragraphs for Her',1,'[{\"added\": {}}]',15,1),(151,'2023-05-30 01:59:37.750298','10','Heartwarming Love Paragraphs for Her',1,'[{\"added\": {}}]',15,1),(152,'2023-05-30 01:59:45.159814','11','Long Love Paragraphs for Her',1,'[{\"added\": {}}]',15,1),(153,'2023-05-30 01:59:51.269801','12','Deep Love Paragraphs for Her',1,'[{\"added\": {}}]',15,1),(154,'2023-05-30 01:59:57.650241','13','Love Paragraphs for Her to Send over Text',1,'[{\"added\": {}}]',15,1),(155,'2023-05-30 02:00:05.231476','14','Cute Love Paragraphs for Her',1,'[{\"added\": {}}]',15,1),(156,'2023-05-30 02:00:13.839277','15','Relationship Love Paragraphs for Her',1,'[{\"added\": {}}]',15,1),(157,'2023-05-30 02:00:24.292319','16','Good Night Love Paragraphs for Her',1,'[{\"added\": {}}]',15,1),(158,'2023-05-30 02:00:41.770551','17','I Miss You Love Paragraphs for Her',1,'[{\"added\": {}}]',15,1),(159,'2023-05-30 02:00:54.690486','18','Romantic Love Paragraphs for Her',1,'[{\"added\": {}}]',15,1),(160,'2023-05-30 03:55:43.878722','19','Good Morning Love Paragraphs for Her',1,'[{\"added\": {}}]',15,1),(161,'2023-05-30 05:26:38.934900','20','Romantic Love Paragraphs for Her',1,'[{\"added\": {}}]',15,1),(162,'2023-05-30 06:47:04.124060','3','Test Pegantian Paspor',1,'[{\"added\": {}}]',13,1),(163,'2023-05-30 06:47:36.295621','3','Test Pegantian Paspor',2,'[{\"changed\": {\"fields\": [\"Alur proses dan prosedur\", \"Biaya\"]}}]',13,1),(164,'2023-05-30 07:03:14.211727','21','jsdhgksahdkgjhsdakljghsdkjghskjdahkgsad',1,'[{\"added\": {}}]',13,1),(165,'2023-05-30 08:26:18.285290','16','Timpora',1,'[{\"added\": {}}]',11,1),(166,'2023-05-30 08:26:44.943923','56','Dasar Hukum Pembentukan TIMPORA',1,'[{\"added\": {}}]',14,1),(167,'2023-05-30 08:27:00.127042','7','Zona Integrasi',1,'[{\"added\": {}}]',10,1),(168,'2023-05-30 08:27:15.417840','8','Zona Integritas',1,'[{\"added\": {}}]',10,1),(169,'2023-05-30 08:27:16.648177','17','Zona Integritasi',1,'[{\"added\": {}}]',11,1),(170,'2023-05-30 08:27:23.837961','7','Zona Integrasi',3,'',10,1),(171,'2023-05-30 08:27:36.883873','57','Pengertian',1,'[{\"added\": {}}]',14,1),(172,'2023-05-30 08:27:51.537780','58','6 Area Perubahan',1,'[{\"added\": {}}]',14,1),(173,'2023-05-30 08:28:15.232540','59','Dokumentasi Kegiatan PZI',1,'[{\"added\": {}}]',14,1),(174,'2023-05-30 08:28:40.369789','60','Jingle Kantor Imigrasi Kelas II TPI Cilegon',1,'[{\"added\": {}}]',14,1),(175,'2023-05-30 08:29:01.330589','61','Paparan WBK (Zona Integritas) Tahun 2022',1,'[{\"added\": {}}]',14,1),(176,'2023-05-30 11:30:38.702336','1','FileArsipDanDokumen object (1)',1,'[{\"added\": {}}]',8,1),(177,'2023-05-30 11:30:58.890547','2','FileArsipDanDokumen object (2)',1,'[{\"added\": {}}]',8,1),(178,'2023-05-30 11:41:14.071459','3','FileArsipDanDokumen object (3)',1,'[{\"added\": {}}]',8,1),(179,'2023-05-30 11:52:36.151415','56','Dasar Hukum Pembentukan TIMPORA',2,'[{\"changed\": {\"fields\": [\"Permalink\"]}}]',14,1),(180,'2023-05-30 12:35:31.051038','4','FileArsipDanDokumen object (4)',1,'[{\"added\": {}}]',8,1),(181,'2023-05-30 13:08:05.213744','57','Pengertian',1,'[{\"added\": {}}]',13,1),(182,'2023-05-30 13:10:31.584213','58','6 Area Perubahan',1,'[{\"added\": {}}]',13,1),(183,'2023-05-30 13:12:47.598842','30','Dasar Hukum PPID',1,'[{\"added\": {}}]',13,1),(184,'2023-05-30 13:13:25.522647','30','Dasar Hukum PPID',2,'[{\"changed\": {\"fields\": [\"Content\"]}}]',13,1),(185,'2023-05-30 13:13:43.712992','30','Dasar Hukum PPID',2,'[]',13,1),(186,'2023-05-30 13:14:23.283075','30','Dasar Hukum PPID',2,'[]',13,1),(187,'2023-05-30 13:14:49.944336','30','Dasar Hukum PPID',3,'',13,1),(188,'2023-05-30 13:15:03.223478','30','Dasar Hukum PPID',1,'[{\"added\": {}}]',13,1),(189,'2023-05-30 13:15:29.642793','30','Dasar Hukum PPID',2,'[{\"changed\": {\"fields\": [\"Content\"]}}]',13,1),(190,'2023-05-30 13:15:44.932776','30','Dasar Hukum PPID',2,'[{\"changed\": {\"fields\": [\"Content\"]}}]',13,1),(191,'2023-05-30 13:18:31.564485','30','Dasar Hukum PPID',2,'[{\"changed\": {\"fields\": [\"Content\"]}}]',13,1),(192,'2023-05-30 13:21:08.283903','30','Dasar Hukum PPID',2,'[{\"changed\": {\"fields\": [\"Content\"]}}]',13,1),(193,'2023-05-30 13:27:29.726024','15','FotoGaleri object (15)',1,'[{\"added\": {}}]',9,1),(194,'2023-05-30 13:27:36.140996','16','FotoGaleri object (16)',1,'[{\"added\": {}}]',9,1),(195,'2023-05-30 13:27:45.391280','17','FotoGaleri object (17)',1,'[{\"added\": {}}]',9,1),(196,'2023-05-30 13:31:27.238537','6','Jingle Kantor Imigrasi Cilegon \'Menggapai Asa\'',1,'[{\"added\": {}}]',12,1),(197,'2023-05-30 13:32:37.380499','7','Paparan Zona Integritas',1,'[{\"added\": {}}]',12,1),(198,'2023-05-30 13:33:19.406539','6','Jingle Kantor Imigrasi Cilegon \'Menggapai Asa\'',2,'[{\"changed\": {\"fields\": [\"Youtube category\"]}}]',12,1),(199,'2023-05-30 13:33:25.667324','5','Sosialisasi Keimigrasian di Wilayah kerja Kantor Imigrasi Kelas II TPI Cilegon',2,'[{\"changed\": {\"fields\": [\"Youtube category\"]}}]',12,1),(200,'2023-05-30 13:42:36.603881','31','SK Penetapan PPID',1,'[{\"added\": {}}]',13,1),(201,'2023-05-30 13:43:47.073832','31','SK Penetapan PPID',2,'[{\"changed\": {\"fields\": [\"Content\"]}}]',13,1),(202,'2023-05-30 18:55:53.161525','1','VisiDanMisi object (1)',1,'[{\"added\": {}}]',18,1),(203,'2023-05-30 19:38:12.837416','1','Kakanim object (1)',1,'[{\"added\": {}}]',16,1),(204,'2023-05-31 06:09:13.648961','1','StrukturOrganisasi object (1)',1,'[{\"added\": {}}]',17,1),(205,'2023-05-31 06:24:14.481286','2','StrukturOrganisasi object (2)',1,'[{\"added\": {}}]',17,1),(206,'2023-06-04 08:11:41.701484','1','VisiDanMisi object (1)',2,'[{\"changed\": {\"fields\": [\"Misi\"]}}]',18,1),(207,'2023-06-04 08:16:07.218324','14','FotoGaleri object (14)',3,'',9,1),(208,'2023-06-04 08:16:07.220483','13','FotoGaleri object (13)',3,'',9,1),(209,'2023-06-04 08:16:07.222122','12','FotoGaleri object (12)',3,'',9,1),(210,'2023-06-04 08:16:07.223914','11','FotoGaleri object (11)',3,'',9,1),(211,'2023-06-04 08:16:07.225682','10','FotoGaleri object (10)',3,'',9,1),(212,'2023-06-04 08:16:07.227379','9','FotoGaleri object (9)',3,'',9,1),(213,'2023-06-04 08:16:07.229033','8','FotoGaleri object (8)',3,'',9,1),(214,'2023-06-04 08:16:07.230737','3','FotoGaleri object (3)',3,'',9,1),(215,'2023-06-04 08:16:07.232636','2','FotoGaleri object (2)',3,'',9,1),(216,'2023-06-04 08:16:07.234359','1','FotoGaleri object (1)',3,'',9,1),(217,'2023-06-04 08:16:51.792827','19','Good Morning Love Paragraphs for Her',2,'[{\"changed\": {\"fields\": [\"Berita image file\"]}}]',15,1),(218,'2023-06-04 08:19:43.944603','1','Paspor Baru',2,'[{\"changed\": {\"fields\": [\"Content\"]}}]',13,1),(219,'2023-06-04 20:19:13.521691','1','ListPerusahaanDanPenginapanWilayahKerja object (1)',1,'[{\"added\": {}}]',19,1),(220,'2023-06-04 20:19:33.341079','2','ListPerusahaanDanPenginapanWilayahKerja object (2)',1,'[{\"added\": {}}]',19,1),(221,'2023-06-04 20:19:44.491090','3','ListPerusahaanDanPenginapanWilayahKerja object (3)',1,'[{\"added\": {}}]',19,1),(222,'2023-06-04 20:19:57.517107','4','ListPerusahaanDanPenginapanWilayahKerja object (4)',1,'[{\"added\": {}}]',19,1),(223,'2023-06-04 20:20:07.874734','5','ListPerusahaanDanPenginapanWilayahKerja object (5)',1,'[{\"added\": {}}]',19,1),(224,'2023-06-04 20:20:18.291413','6','ListPerusahaanDanPenginapanWilayahKerja object (6)',1,'[{\"added\": {}}]',19,1),(225,'2023-06-04 20:20:27.305526','7','ListPerusahaanDanPenginapanWilayahKerja object (7)',1,'[{\"added\": {}}]',19,1),(226,'2023-06-04 20:20:36.071313','8','ListPerusahaanDanPenginapanWilayahKerja object (8)',1,'[{\"added\": {}}]',19,1),(227,'2023-06-04 20:20:46.981083','9','ListPerusahaanDanPenginapanWilayahKerja object (9)',1,'[{\"added\": {}}]',19,1),(228,'2023-06-04 20:20:56.315381','10','ListPerusahaanDanPenginapanWilayahKerja object (10)',1,'[{\"added\": {}}]',19,1),(229,'2023-06-04 20:21:05.282191','10','ListPerusahaanDanPenginapanWilayahKerja object (10)',2,'[{\"changed\": {\"fields\": [\"List of perusahaan penginapan\"]}}]',19,1),(230,'2023-06-04 20:48:47.532083','10','ListPerusahaanDanPenginapanWilayahKerja object (10)',2,'[{\"changed\": {\"fields\": [\"List of perusahaan penginapan\"]}}]',19,1),(231,'2023-07-08 22:07:41.332290','1','LaporanPelayananWNI object (1)',1,'[{\"added\": {}}]',23,1),(232,'2023-07-08 22:07:51.835719','2','LaporanPelayananWNI object (2)',1,'[{\"added\": {}}]',23,1),(233,'2023-07-08 22:08:04.197916','3','LaporanPelayananWNI object (3)',1,'[{\"added\": {}}]',23,1),(234,'2023-07-08 22:23:57.577129','1','LaporanPelayananWNI object (1)',2,'[{\"changed\": {\"fields\": [\"Date\"]}}]',23,1),(235,'2023-07-09 05:44:14.411267','1','LaporanPelayananWNA object (1)',1,'[{\"added\": {}}]',22,1),(236,'2023-07-09 08:12:33.341724','1','IndexPersepsiKorupsi object (1)',1,'[{\"added\": {}}]',21,1),(237,'2023-07-09 08:13:04.822779','2','IndexPersepsiKorupsi object (2)',1,'[{\"added\": {}}]',21,1),(238,'2023-07-09 08:13:24.153390','1','IndexKepuasanMasyarakat object (1)',1,'[{\"added\": {}}]',20,1),(239,'2023-07-09 08:13:31.044621','2','IndexPersepsiKorupsi object (2)',2,'[{\"changed\": {\"fields\": [\"Date\"]}}]',21,1),(240,'2023-07-09 08:13:35.515933','1','IndexPersepsiKorupsi object (1)',2,'[{\"changed\": {\"fields\": [\"Date\"]}}]',21,1),(241,'2023-07-09 08:13:49.205656','2','IndexKepuasanMasyarakat object (2)',1,'[{\"added\": {}}]',20,1),(242,'2023-07-09 08:14:00.941746','3','IndexKepuasanMasyarakat object (3)',1,'[{\"added\": {}}]',20,1),(243,'2023-07-09 08:14:11.671447','4','IndexKepuasanMasyarakat object (4)',1,'[{\"added\": {}}]',20,1),(244,'2023-07-09 08:14:22.700230','3','IndexPersepsiKorupsi object (3)',1,'[{\"added\": {}}]',21,1),(245,'2023-07-09 08:14:31.103768','4','IndexPersepsiKorupsi object (4)',1,'[{\"added\": {}}]',21,1);
/*!40000 ALTER TABLE `django_admin_log` ENABLE KEYS */;
UNLOCK TABLES;

--
-- Table structure for table `django_content_type`
--

DROP TABLE IF EXISTS `django_content_type`;
/*!40101 SET @saved_cs_client     = @@character_set_client */;
/*!40101 SET character_set_client = utf8 */;
CREATE TABLE `django_content_type` (
  `id` int(11) NOT NULL AUTO_INCREMENT,
  `app_label` varchar(100) NOT NULL,
  `model` varchar(100) NOT NULL,
  PRIMARY KEY (`id`),
  UNIQUE KEY `django_content_type_app_label_model_76bd3d3b_uniq` (`app_label`,`model`)
) ENGINE=InnoDB AUTO_INCREMENT=24 DEFAULT CHARSET=utf8mb4 COLLATE=utf8mb4_general_ci;
/*!40101 SET character_set_client = @saved_cs_client */;

--
-- Dumping data for table `django_content_type`
--

LOCK TABLES `django_content_type` WRITE;
/*!40000 ALTER TABLE `django_content_type` DISABLE KEYS */;
INSERT INTO `django_content_type` VALUES (1,'admin','logentry'),(3,'auth','group'),(2,'auth','permission'),(4,'auth','user'),(5,'contenttypes','contenttype'),(7,'main','berita'),(15,'main','beritaimage'),(13,'main','content'),(8,'main','filearsipdandokumen'),(9,'main','fotogaleri'),(20,'main','indexkepuasanmasyarakat'),(21,'main','indexpersepsikorupsi'),(16,'main','kakanim'),(22,'main','laporanpelayananwna'),(23,'main','laporanpelayananwni'),(19,'main','listperusahaandanpenginapanwilayahkerja'),(10,'main','mainmenu'),(11,'main','menu'),(17,'main','strukturorganisasi'),(14,'main','submenu'),(18,'main','visidanmisi'),(12,'main','youtubevideo'),(6,'sessions','session');
/*!40000 ALTER TABLE `django_content_type` ENABLE KEYS */;
UNLOCK TABLES;

--
-- Table structure for table `django_migrations`
--

DROP TABLE IF EXISTS `django_migrations`;
/*!40101 SET @saved_cs_client     = @@character_set_client */;
/*!40101 SET character_set_client = utf8 */;
CREATE TABLE `django_migrations` (
  `id` bigint(20) NOT NULL AUTO_INCREMENT,
  `app` varchar(255) NOT NULL,
  `name` varchar(255) NOT NULL,
  `applied` datetime(6) NOT NULL,
  PRIMARY KEY (`id`)
) ENGINE=InnoDB AUTO_INCREMENT=35 DEFAULT CHARSET=utf8mb4 COLLATE=utf8mb4_general_ci;
/*!40101 SET character_set_client = @saved_cs_client */;

--
-- Dumping data for table `django_migrations`
--

LOCK TABLES `django_migrations` WRITE;
/*!40000 ALTER TABLE `django_migrations` DISABLE KEYS */;
INSERT INTO `django_migrations` VALUES (1,'contenttypes','0001_initial','2023-05-28 23:39:56.177437'),(2,'auth','0001_initial','2023-05-28 23:39:56.583521'),(3,'admin','0001_initial','2023-05-28 23:39:56.668195'),(4,'admin','0002_logentry_remove_auto_add','2023-05-28 23:39:56.675109'),(5,'admin','0003_logentry_add_action_flag_choices','2023-05-28 23:39:56.681070'),(6,'contenttypes','0002_remove_content_type_name','2023-05-28 23:39:56.739792'),(7,'auth','0002_alter_permission_name_max_length','2023-05-28 23:39:56.778922'),(8,'auth','0003_alter_user_email_max_length','2023-05-28 23:39:56.801790'),(9,'auth','0004_alter_user_username_opts','2023-05-28 23:39:56.808313'),(10,'auth','0005_alter_user_last_login_null','2023-05-28 23:39:56.843384'),(11,'auth','0006_require_contenttypes_0002','2023-05-28 23:39:56.846116'),(12,'auth','0007_alter_validators_add_error_messages','2023-05-28 23:39:56.852604'),(13,'auth','0008_alter_user_username_max_length','2023-05-28 23:39:56.874799'),(14,'auth','0009_alter_user_last_name_max_length','2023-05-28 23:39:56.897704'),(15,'auth','0010_alter_group_name_max_length','2023-05-28 23:39:56.920097'),(16,'auth','0011_update_proxy_permissions','2023-05-28 23:39:56.928520'),(17,'auth','0012_alter_user_first_name_max_length','2023-05-28 23:39:56.950855'),(18,'main','0001_initial','2023-05-28 23:39:57.215918'),(19,'sessions','0001_initial','2023-05-28 23:39:57.252926'),(20,'main','0002_alter_content_category_content','2023-05-28 23:42:43.670338'),(21,'main','0003_alter_filearsipdandokumen_category','2023-05-28 23:43:16.987350'),(22,'main','0004_kakanim_strukturorganisasi_and_more','2023-05-28 23:56:21.630098'),(23,'main','0005_alter_content_content_menu_and_more','2023-05-29 04:51:33.760674'),(24,'main','0006_alter_content_content','2023-05-29 04:56:34.452461'),(25,'main','0007_fotogaleri_foto_category_and_more','2023-05-30 13:26:49.701817'),(26,'main','0008_youtubevideo_youtube_category','2023-05-30 13:29:35.195850'),(27,'main','0009_alter_filearsipdandokumen_category_and_more','2023-05-30 13:33:14.965205'),(28,'main','0010_visidanmisi_alter_filearsipdandokumen_category','2023-05-30 17:45:10.663657'),(29,'main','0011_alter_filearsipdandokumen_category_and_more','2023-06-04 08:10:21.450455'),(30,'main','0012_listperusahaandanpenginapanwilayahkerja_and_more','2023-06-04 20:17:45.471029'),(31,'main','0013_indexkepuasanmasyarakat_indexpersepsikorupsi_and_more','2023-07-08 21:47:34.826819'),(32,'main','0014_alter_filearsipdandokumen_category','2023-07-08 22:14:35.067999'),(33,'main','0015_alter_filearsipdandokumen_category','2023-07-08 22:14:35.074567'),(34,'main','0016_alter_filearsipdandokumen_category','2023-07-08 22:14:35.078940');
/*!40000 ALTER TABLE `django_migrations` ENABLE KEYS */;
UNLOCK TABLES;

--
-- Table structure for table `django_session`
--

DROP TABLE IF EXISTS `django_session`;
/*!40101 SET @saved_cs_client     = @@character_set_client */;
/*!40101 SET character_set_client = utf8 */;
CREATE TABLE `django_session` (
  `session_key` varchar(40) NOT NULL,
  `session_data` longtext NOT NULL,
  `expire_date` datetime(6) NOT NULL,
  PRIMARY KEY (`session_key`),
  KEY `django_session_expire_date_a5c62663` (`expire_date`)
) ENGINE=InnoDB DEFAULT CHARSET=utf8mb4 COLLATE=utf8mb4_general_ci;
/*!40101 SET character_set_client = @saved_cs_client */;

--
-- Dumping data for table `django_session`
--

LOCK TABLES `django_session` WRITE;
/*!40000 ALTER TABLE `django_session` DISABLE KEYS */;
INSERT INTO `django_session` VALUES ('1ijkako8x8e13cds9iubpb2ic7e5u68p','.eJxVjDsOwjAQBe_iGllx_NtQ0nMGy-v14gCypTipEHeHSCmgfTPzXiLEbS1h63kJM4mzUOL0u2FMj1x3QPdYb02mVtdlRrkr8qBdXhvl5-Vw_w5K7OVb2-S10YA0essDKSAecTLgLGbD3ijtnFFuQO8gO2D2AH5iytESWCLx_gDL1Tel:1q4Dxv:_u7IGCDSOMoZO5-wNArDMR3vdFLR7YW-LLUzsu2gqqQ','2023-06-14 05:01:43.381364'),('24rxlgkghhdsxw9dxia3qbbd1jaitume','.eJxVjDsOwjAQBe_iGllx_NtQ0nMGy-v14gCypTipEHeHSCmgfTPzXiLEbS1h63kJM4mzUOL0u2FMj1x3QPdYb02mVtdlRrkr8qBdXhvl5-Vw_w5K7OVb2-S10YA0essDKSAecTLgLGbD3ijtnFFuQO8gO2D2AH5iytESWCLx_gDL1Tel:1qIG5R:2GsV5nRSx1IpD5suPUbJRiHRqIGrNe7fy1tVXoikErY','2023-07-22 22:07:29.529903'),('630z64ahai1ylxr3pf8qxiu08janfa1x','.eJxVjDsOwjAQBe_iGllx_NtQ0nMGy-v14gCypTipEHeHSCmgfTPzXiLEbS1h63kJM4mzUOL0u2FMj1x3QPdYb02mVtdlRrkr8qBdXhvl5-Vw_w5K7OVb2-S10YA0essDKSAecTLgLGbD3ijtnFFuQO8gO2D2AH5iytESWCLx_gDL1Tel:1q5uBL:FEjVunoW2RN3S11rGJncsKznM5MnfsPxirNaIg7qTS0','2023-06-18 20:18:31.045210'),('6w8jglqm15o5jo5ef6km2csa4lf16jyg','.eJxVjDsOwjAQBe_iGllx_NtQ0nMGy-v14gCypTipEHeHSCmgfTPzXiLEbS1h63kJM4mzUOL0u2FMj1x3QPdYb02mVtdlRrkr8qBdXhvl5-Vw_w5K7OVb2-S10YA0essDKSAecTLgLGbD3ijtnFFuQO8gO2D2AH5iytESWCLx_gDL1Tel:1q3pze:Pc8nA7SgJGZXfQgMzkNUW-Igf-YW5ZBjBs5b0xrQrk4','2023-06-13 03:25:54.628331'),('9ujk73wt36ssl8c8e78w774n6lfvz220','.eJxVjDsOwjAQBe_iGllx_NtQ0nMGy-v14gCypTipEHeHSCmgfTPzXiLEbS1h63kJM4mzUOL0u2FMj1x3QPdYb02mVtdlRrkr8qBdXhvl5-Vw_w5K7OVb2-S10YA0essDKSAecTLgLGbD3ijtnFFuQO8gO2D2AH5iytESWCLx_gDL1Tel:1q3ZjM:ptWzO_hWbAvmG5PWq_A4J2wnoEzcb9oreXcDM2_Qg0Q','2023-06-12 10:04:00.168650'),('fufps48u80sy2kpmn7nanvjj4tiygakl','.eJxVjDsOwjAQBe_iGllx_NtQ0nMGy-v14gCypTipEHeHSCmgfTPzXiLEbS1h63kJM4mzUOL0u2FMj1x3QPdYb02mVtdlRrkr8qBdXhvl5-Vw_w5K7OVb2-S10YA0essDKSAecTLgLGbD3ijtnFFuQO8gO2D2AH5iytESWCLx_gDL1Tel:1q3sVk:0j-fdMrdgxoEfC4wNtnedZHMubUMFFEHP7M6uF2H_8w','2023-06-13 06:07:12.952496'),('k0ch3cii29z34mbuba2khnxfh4lh3jvb','.eJxVjDsOwjAQBe_iGllx_NtQ0nMGy-v14gCypTipEHeHSCmgfTPzXiLEbS1h63kJM4mzUOL0u2FMj1x3QPdYb02mVtdlRrkr8qBdXhvl5-Vw_w5K7OVb2-S10YA0essDKSAecTLgLGbD3ijtnFFuQO8gO2D2AH5iytESWCLx_gDL1Tel:1q3Pzz:75VnC-vzd77Dz6xyqsCqdrdjtGBQP93v_yFKcPt98HU','2023-06-11 23:40:31.092144'),('o6wy9wont7hr7qmdmlrjuknqub7v2hgf','.eJxVjDsOwjAQBe_iGllx_NtQ0nMGy-v14gCypTipEHeHSCmgfTPzXiLEbS1h63kJM4mzUOL0u2FMj1x3QPdYb02mVtdlRrkr8qBdXhvl5-Vw_w5K7OVb2-S10YA0essDKSAecTLgLGbD3ijtnFFuQO8gO2D2AH5iytESWCLx_gDL1Tel:1q3Vzi:IMKjtLOVm708YlTLZcBc_PaGBzxCq0sgnlg7gSzEDdI','2023-06-12 06:04:38.058369'),('orwkwvhs3c6musd3idzoe9k7nsobtf5o','.eJxVjDsOwjAQBe_iGllx_NtQ0nMGy-v14gCypTipEHeHSCmgfTPzXiLEbS1h63kJM4mzUOL0u2FMj1x3QPdYb02mVtdlRrkr8qBdXhvl5-Vw_w5K7OVb2-S10YA0essDKSAecTLgLGbD3ijtnFFuQO8gO2D2AH5iytESWCLx_gDL1Tel:1q5NtD:y9k6ENYu_O8vXxIW2ZO_tsewhIYhvEWaXufiD0L4bkE','2023-06-17 09:49:39.655494'),('tlnzhg8e44u3rbceta7zgjsij8lbsxnc','.eJxVjDsOwjAQBe_iGllx_NtQ0nMGy-v14gCypTipEHeHSCmgfTPzXiLEbS1h63kJM4mzUOL0u2FMj1x3QPdYb02mVtdlRrkr8qBdXhvl5-Vw_w5K7OVb2-S10YA0essDKSAecTLgLGbD3ijtnFFuQO8gO2D2AH5iytESWCLx_gDL1Tel:1q3WqU:ppewaWwugom1Yeo0-3gEppwE6zsdl_yUP5oxhZAguys','2023-06-12 06:59:10.641852');
/*!40000 ALTER TABLE `django_session` ENABLE KEYS */;
UNLOCK TABLES;

--
-- Table structure for table `main_berita`
--

DROP TABLE IF EXISTS `main_berita`;
/*!40101 SET @saved_cs_client     = @@character_set_client */;
/*!40101 SET character_set_client = utf8 */;
CREATE TABLE `main_berita` (
  `id` bigint(20) NOT NULL AUTO_INCREMENT,
  `category_berita` varchar(30) NOT NULL,
  `berita_title` varchar(100) NOT NULL,
  `berita_descrition` longtext NOT NULL,
  `create_at` datetime(6) NOT NULL,
  PRIMARY KEY (`id`)
) ENGINE=InnoDB AUTO_INCREMENT=17 DEFAULT CHARSET=utf8mb4 COLLATE=utf8mb4_general_ci;
/*!40101 SET character_set_client = @saved_cs_client */;

--
-- Dumping data for table `main_berita`
--

LOCK TABLES `main_berita` WRITE;
/*!40000 ALTER TABLE `main_berita` DISABLE KEYS */;
INSERT INTO `main_berita` VALUES (1,'KANTOR_IMIGRASI_CILEGON','Web Application Testing Example Test Cases: This is a complete Testing Checklist for both Web-based','This is a very comprehensive list of Web Application Testing Example Test Cases/scenarios. Our goal is to share one of the most comprehensive testing checklists ever written and this is not yet done.\r\n\r\nWe’ll keep this post updated in the future as well with more test cases and scenarios. If you don’t have time to read it now, please feel free to share this with your friends and bookmark it for later.','2023-05-29 04:11:22.371312'),(2,'KANTOR_IMIGRASI_CILEGON','Make a testing checklist as an integral part of y','our Test case writing process. Using this checklist, you can easily create hundreds of Test cases for testing web or desktop applications.\r\n\r\nThese are all general test cases and should be applicable to almost all kinds of applications. Refer to these tests while writing test cases for your project and I’m sure you will cover most of the testing types except the application-specific business rules provided in your SRS documents.','2023-05-29 04:11:35.451055'),(3,'KANTOR_IMIGRASI_CILEGON','Although this is a common checklist,','I recommend preparing a standard testing checklist tailored to your specific needs using the below test cases in addition to application-specific tests.','2023-05-29 04:11:48.231524'),(4,'KANTOR_IMIGRASI_CILEGON','Importance Of Using A Checklist For Testing','#1) Maintaining a standard repository of reusable test cases for your application will ensure that the most common bugs will be caught more quickly.\r\n#2) A checklist helps to complete writing test cases quickly for new versions of the application.\r\n#3) Reusing the test cases helps to save money on resources to write repetitive tests.\r\n#4) Important test cases will be covered always, thereby making it almost impossible to forget.\r\n#5) The testing checklist can be referred by developers to ensure if the most common issues are fixed in the development phase itself.','2023-05-29 04:12:01.670754'),(5,'KANTOR_IMIGRASI_CILEGON','Notes:','Execute these scenarios with different user roles e.g., admin users, guest users, etc.\r\nFor web applications, these scenarios should be tested on multiple browsers like IE,','2023-05-29 04:12:13.250795'),(6,'KEMENKUMHAM_REPUBLIK_INDONESIA','Sweet Love Paragraphs for Her','1. I can only use so many words in the dictionary to show you how much I love you. I love you so much that you are always on my mind, putting a smile on my face and making my heart skip a beat. There are so many ways for me to express my love, and I plan on showing you just how much love I have for you for the rest of my life. I hope that my actions let you know the extent of my affection, adoration, and commitment to you.','2023-05-30 01:56:09.737440'),(7,'KEMENKUMHAM_REPUBLIK_INDONESIA','Heartwarming Love Paragraphs for Her','6. Loving you is like an addiction for me. Every moment I spend loving you is like the moments I spend in heaven. The day I stop loving you is the day I die. I love you more than myself. Keep that sweet smile on your face always!','2023-05-30 01:56:21.186567'),(8,'KEMENKUMHAM_REPUBLIK_INDONESIA','Long Love Paragraphs for Her','11. I never believed in love at first sight until I saw you. Every cell in my body knew you were the one – and with each passing day, I fall in love more and more. The more I know about you, the deeper you become embedded in my heart. I am certain that I will love you even more in the future.','2023-05-30 01:56:35.957182'),(9,'KEMENKUMHAM_REPUBLIK_INDONESIA','Deep Love Paragraphs for Her','You have made me believe that fairy tales are real. Thanks to you, we don’t even have to try, and it is always a good time when we are together. May God keep blessing us, and may we keep discovering that hope has stored everything best for us. I love you, sweetheart.','2023-05-30 01:56:52.857064'),(10,'KEMENKUMHAM_REPUBLIK_INDONESIA','Love Paragraphs for Her to Send over Text','You and I, both ending up together, was not an accident. Our story was written in the stars even before we met each other. I thank God every day from the core of my heart for this! I wish you knew how much I adore you. I love you!','2023-05-30 01:57:04.867187'),(11,'KEMENKUMHAM_KANWIL_BANTEN','Cute Love Paragraphs for Her','The doctor took an x-ray of my heart and almost fainted. He asked me what happened with a scared look on his face. I told him, don’t worry, I gave my heart to you. That’s why it is missing.','2023-05-30 01:57:29.263404'),(12,'KEMENKUMHAM_KANWIL_BANTEN','Relationship Love Paragraphs for Her','I never thought of falling in love with someone I barely knew. Then suddenly, I met you one day, and something in my ear whispered that this is the girl that I have always yearned for. Since then, all I know is that I love you and want to be with you forever.','2023-05-30 01:57:46.127230'),(13,'KEMENKUMHAM_KANWIL_BANTEN','Good Morning Love Paragraphs for Her','I promise to forever care for you. I love you and I will move mountains for you if need be. I will keep you out of harm’s way. I will be anything you need at any given time. No matter what you ask of me, I will do it, because you are the love of my life. You are my everything. Forever.','2023-05-30 01:57:58.287114'),(14,'KEMENKUMHAM_KANWIL_BANTEN','Good Night Love Paragraphs for Her','Under the glittery starlight and gleaming midnight, I hope you find your sacred place. On this quiet night, I hope you can quiet the chaos within you. On such a comforting night, I hope you sleep as well as a baby. Good night, love.','2023-05-30 01:58:20.147328'),(15,'KEMENKUMHAM_KANWIL_BANTEN','I Miss You Love Paragraphs for Her','I miss you, my dear and beloved lady, so much that sometimes it is difficult to breathe. I want to run to you and fall into your tender embrace, smell your hair, feel your warmth, and be with you always.','2023-05-30 01:58:31.640819'),(16,'KEMENKUMHAM_KANWIL_BANTEN','Romantic Love Paragraphs for Her','You are my soulmate, which I will forever know. Even if I lost all of my memories one day, I would fall in love with you all over again. Because every fiber of my being knows that you are the person I want to be with for the rest of my life.','2023-05-30 01:58:53.017134');
/*!40000 ALTER TABLE `main_berita` ENABLE KEYS */;
UNLOCK TABLES;

--
-- Table structure for table `main_beritaimage`
--

DROP TABLE IF EXISTS `main_beritaimage`;
/*!40101 SET @saved_cs_client     = @@character_set_client */;
/*!40101 SET character_set_client = utf8 */;
CREATE TABLE `main_beritaimage` (
  `id` bigint(20) NOT NULL AUTO_INCREMENT,
  `berita_image_file` varchar(100) NOT NULL,
  `image_added_at` datetime(6) NOT NULL,
  `berita_id` bigint(20) NOT NULL,
  PRIMARY KEY (`id`),
  KEY `main_beritaimage_berita_id_1afc7913_fk_main_berita_id` (`berita_id`),
  CONSTRAINT `main_beritaimage_berita_id_1afc7913_fk_main_berita_id` FOREIGN KEY (`berita_id`) REFERENCES `main_berita` (`id`)
) ENGINE=InnoDB AUTO_INCREMENT=21 DEFAULT CHARSET=utf8mb4 COLLATE=utf8mb4_general_ci;
/*!40101 SET character_set_client = @saved_cs_client */;

--
-- Dumping data for table `main_beritaimage`
--

LOCK TABLES `main_beritaimage` WRITE;
/*!40000 ALTER TABLE `main_beritaimage` DISABLE KEYS */;
INSERT INTO `main_beritaimage` VALUES (1,'berita/Circle_Visual.png','2023-05-29 04:12:55.156362',5),(2,'berita/tu09tpc-a-large-bed-in-a-room.jpeg','2023-05-29 04:18:05.353732',4),(3,'berita/wp5163347-portrait-landscape-wallpapers.jpg','2023-05-29 04:18:12.232911',3),(4,'berita/peakpx_Ftk5Mq2.jpg','2023-05-29 04:18:18.705260',2),(5,'berita/Logo_Akmil_Cropped-removebg-preview.png','2023-05-29 04:18:28.453248',1),(6,'berita/compass-2925824_1920.png','2023-05-29 04:18:57.038843',5),(7,'berita/Desain_menu_sudirman.png','2023-05-29 04:19:11.467449',2),(8,'berita/Desain_menu_gunung_tidar.png','2023-05-29 04:19:19.356284',3),(9,'berita/imigrasi-logo.png','2023-05-30 01:59:30.867865',6),(10,'berita/poltekim-logo.png','2023-05-30 01:59:37.749701',7),(11,'berita/lapor-imigrasi-logo.png','2023-05-30 01:59:45.159007',8),(12,'berita/kpk-logo.png','2023-05-30 01:59:51.269147',9),(13,'berita/timpora-logo.png','2023-05-30 01:59:57.649621',10),(14,'berita/m-paspor-banner.png','2023-05-30 02:00:05.230365',11),(15,'berita/pattern.png','2023-05-30 02:00:13.838346',12),(16,'berita/map.png','2023-05-30 02:00:24.291484',14),(17,'berita/arrow-40163_1280.png','2023-05-30 02:00:41.769750',15),(18,'berita/maxresdefault.jpg','2023-05-30 02:00:54.689768',16),(19,'berita/IMG_9057.jpg','2023-05-30 03:55:43.877859',13),(20,'berita/LogoAkmil2_LogoAkmil_Mtl_AlbedoTransparency.png','2023-05-30 05:26:38.934056',16);
/*!40000 ALTER TABLE `main_beritaimage` ENABLE KEYS */;
UNLOCK TABLES;

--
-- Table structure for table `main_content`
--

DROP TABLE IF EXISTS `main_content`;
/*!40101 SET @saved_cs_client     = @@character_set_client */;
/*!40101 SET character_set_client = utf8 */;
CREATE TABLE `main_content` (
  `content_menu_id` bigint(20) NOT NULL,
  `content_name` varchar(50) NOT NULL,
  `create_at` datetime(6) NOT NULL,
  `content` longtext DEFAULT NULL,
  `category_content` varchar(50) NOT NULL,
  `tentang_layanan_dan_persyaratan` longtext DEFAULT NULL,
  `alur_proses_dan_prosedur` longtext DEFAULT NULL,
  `biaya` longtext DEFAULT NULL,
  PRIMARY KEY (`content_menu_id`),
  CONSTRAINT `main_content_content_menu_id_c8600ab6_fk_main_submenu_id` FOREIGN KEY (`content_menu_id`) REFERENCES `main_submenu` (`id`)
) ENGINE=InnoDB DEFAULT CHARSET=utf8mb4 COLLATE=utf8mb4_general_ci;
/*!40101 SET character_set_client = @saved_cs_client */;

--
-- Dumping data for table `main_content`
--

LOCK TABLES `main_content` WRITE;
/*!40000 ALTER TABLE `main_content` DISABLE KEYS */;
INSERT INTO `main_content` VALUES (1,'Paspor Baru','2023-05-29 04:56:03.295003','','LAYANAN_IMIGRASI','<p style=\"text-align:center\"><a href=\"https://t2.genius.com/unsafe/340x340/https%3A%2F%2Fimages.genius.com%2F9814c857d1226a4cae15e6b8b0b7dfae.1000x1000x1.png\" target=\"_blank\"><img alt=\"\" src=\"https://t2.genius.com/unsafe/340x340/https%3A%2F%2Fimages.genius.com%2F9814c857d1226a4cae15e6b8b0b7dfae.1000x1000x1.png\" style=\"height:340px; width:340px\" /></a></p>\r\n\r\n<p style=\"text-align:center\">[Intro: ikura &amp; REAL AKIBA BOYZ]<br />\r\nMuteki no egao de arasu media<br />\r\nShiritai sono himitsu misuteriasu<br />\r\nNuketeru toko sae kanojo no eria<br />\r\nKanpeki de usotsuki na kimi wa<br />\r\nTensaitekina aidoru sama<br />\r\n(You&#39;re my savior, you&#39;re my saving grace)</p>\r\n\r\n<p style=\"text-align:center\">[Verse 1: ikura]<br />\r\nKyou nani tabeta? Suki na hon wa?<br />\r\nAsobi ni iku nara doko ni iku no?<br />\r\nNanimo tabetenai, sore wa naisho<br />\r\nNani wo kikaretemo norari kurari</p>\r\n\r\n<p style=\"text-align:center\">[Verse 2: ikura]<br />\r\nSou tantan to, dakedo sansan to<br />\r\nMiesou de mienai himitsu wa mitsu no aji<br />\r\nAre mo nai, nai, nai<br />\r\nKore mo nai, nai, nai<br />\r\nSuki na taipu wa? Aite wa?<br />\r\nSaa kotaete</p>\r\n\r\n<p style=\"text-align:center\">[Pre-Chorus: ikura &amp; REAL AKIBA BOYZ]<br />\r\n&quot;Dareka wo suki ni naru koto nante (Hey! Hey!)<br />\r\nWatashi wakaranakute sa&quot; (Hey! Hey!)<br />\r\nUso ka hontou ka shirienai (Hey! Hey! Hey! Hеy!)<br />\r\nSonna kotoba ni mata hitori ochiru (Hey! Hey! Hey! Hеy!)<br />\r\nMata suki ni saseru<br />\r\nYou might also like<br />\r\nYOASOBI - アイドル (Idol) (English Translation)<br />\r\nGenius English Translations<br />\r\nCupid (Twin Version)<br />\r\nFIFTY FIFTY (피프티피프티)<br />\r\nYOASOBI - 夜に駆ける (Yoru Ni Kakeru/Racing Into The Night) (Romanized)<br />\r\nGenius Romanizations<br />\r\n[Chorus: ikura]<br />\r\nDaremo ga me wo ubawareteiku<br />\r\nKimi wa kanpeki de kyuukyoku no aidoru<br />\r\nKonrinzai arawarenai<br />\r\nIchibanboshi no umarekawari<br />\r\nAh, sono egao de aishiteru de<br />\r\nDaremo kare mo toriko ni shite iku<br />\r\nSono hitomi ga<br />\r\nSono kotoba ga uso demo<br />\r\nSore wa kanzen na ai</p>\r\n\r\n<p style=\"text-align:center\">[Verse 3: ikura]<br />\r\nHai, hai, ano ko wa tokubetsu desu<br />\r\nWareware wa hana kara omake desu<br />\r\nOhoshi sama no hikitateyaku B desu<br />\r\nSubete ga ano ko no okagena wake nai<br />\r\nSharakusai<br />\r\nNetami shitto nante nai wake ga nai<br />\r\nKore wa neta janai<br />\r\nKara koso yurusenai<br />\r\nKanpeki janai<br />\r\nKimi ja yurusenai<br />\r\nJibun wo yurusenai<br />\r\nDare yori mo tsuyoi<br />\r\nKimi igai wa mitomenai<br />\r\n[Chorus: ikura &amp; REAL AKIBA BOYZ]<br />\r\nDaremo ga shinji agameteru<br />\r\nMasani saikyou de muteki no aidoru<br />\r\nJakuten nante miataranai<br />\r\nIchibanboshi wo yadoshiteiru<br />\r\nYowai to konante misecha (Hey! Hey!)<br />\r\nDame, dame (Hey! Hey!)<br />\r\nShiritakunai toko wa misezu ni (Hey! Hey! Hey! Hey!)<br />\r\nYuiitsumuni janakucha (Hey! Hey!)<br />\r\nIya, iya (Hey! Hey!)<br />\r\nSorekoso honmono no ai (Hey!)</p>\r\n\r\n<p style=\"text-align:center\">[Bridge: ikura]<br />\r\nTokui no egao de wakasu media<br />\r\nKakushikiru kono himitsu dake wa<br />\r\nAishiteru tte uso de tsumu kyaria<br />\r\nKorekoso watashi nari no ai da<br />\r\nNagareru ase mo kireina Aqua<br />\r\nRuby wo kakushita kono mabuta<br />\r\nUtai odori mau watashi wa maria<br />\r\nSou uso wa tobikiri no ai da</p>\r\n\r\n<p style=\"text-align:center\">[Pre-Chorus: ikura]<br />\r\nDareka ni aisareta koto mo<br />\r\nDareka no koto aishita koto mo nai<br />\r\nSonna watashi no uso ga<br />\r\nItsuka hontou ni naru koto<br />\r\n(Shinjiteru)<br />\r\n[Chorus: ikura &amp; REAL AKIBA BOYZ]<br />\r\nItsuka kitto zenbu te ni ireru<br />\r\nWatashi wa sou yokubarina aidoru<br />\r\nToushindai de minna no koto<br />\r\nChanto aishitai kara<br />\r\nKyou mo uso wo tsuku no (Hey! Hey!)<br />\r\nKono kotoba ga (Hey! Hey!)<br />\r\nItsuka hontou ni naru hi wo negatte (Hey! Hey! Hey! Hey!)<br />\r\nSore demo mada (Hey! Hey!)<br />\r\nKimi to kimi ni dake wa iezu ni ita kedo (Hey! Hey! Hey! Hey!)</p>\r\n\r\n<p style=\"text-align:center\">[Outro: ikura &amp; REAL AKIBA BOYZ]<br />\r\nAh, yatto ieta<br />\r\nKore wa zettai uso janai<br />\r\nAishiteru<br />\r\n(Hey! Hey! Hey! Hey!<br />\r\nHey! Hey! Hey! Hey!<br />\r\nHey! Hey! Hey! Hey!<br />\r\nHey! Hey! Hey! Hey!<br />\r\nYou&#39;re my savior, my true savior, my saving grace)</p>','<p style=\"text-align:center\"><img alt=\"\" src=\"https://t2.genius.com/unsafe/340x340/https%3A%2F%2Fimages.genius.com%2Fa8124b2c6e6245702850c18fc787c4cb.1000x1000x1.jpg\" style=\"height:340px; width:340px\" /></p>\r\n\r\n<p style=\"text-align:center\">[Intro: ikura &amp; REAL AKIBA BOYZ]<br />\r\nMuteki no egao de arasu media<br />\r\nShiritai sono himitsu misuteriasu<br />\r\nNuketeru toko sae kanojo no eria<br />\r\nKanpeki de usotsuki na kimi wa<br />\r\nTensaitekina aidoru sama<br />\r\n(You&#39;re my savior, you&#39;re my saving grace)</p>\r\n\r\n<p style=\"text-align:center\">[Verse 1: ikura]<br />\r\nKyou nani tabeta? Suki na hon wa?<br />\r\nAsobi ni iku nara doko ni iku no?<br />\r\nNanimo tabetenai, sore wa naisho<br />\r\nNani wo kikaretemo norari kurari</p>\r\n\r\n<p style=\"text-align:center\">[Verse 2: ikura]<br />\r\nSou tantan to, dakedo sansan to<br />\r\nMiesou de mienai himitsu wa mitsu no aji<br />\r\nAre mo nai, nai, nai<br />\r\nKore mo nai, nai, nai<br />\r\nSuki na taipu wa? Aite wa?<br />\r\nSaa kotaete</p>\r\n\r\n<p style=\"text-align:center\">[Pre-Chorus: ikura &amp; REAL AKIBA BOYZ]<br />\r\n&quot;Dareka wo suki ni naru koto nante (Hey! Hey!)<br />\r\nWatashi wakaranakute sa&quot; (Hey! Hey!)<br />\r\nUso ka hontou ka shirienai (Hey! Hey! Hey! Hеy!)<br />\r\nSonna kotoba ni mata hitori ochiru (Hey! Hey! Hey! Hеy!)<br />\r\nMata suki ni saseru<br />\r\nYou might also like<br />\r\nYOASOBI - アイドル (Idol) (English Translation)<br />\r\nGenius English Translations<br />\r\nCupid (Twin Version)<br />\r\nFIFTY FIFTY (피프티피프티)<br />\r\nYOASOBI - 夜に駆ける (Yoru Ni Kakeru/Racing Into The Night) (Romanized)<br />\r\nGenius Romanizations<br />\r\n[Chorus: ikura]<br />\r\nDaremo ga me wo ubawareteiku<br />\r\nKimi wa kanpeki de kyuukyoku no aidoru<br />\r\nKonrinzai arawarenai<br />\r\nIchibanboshi no umarekawari<br />\r\nAh, sono egao de aishiteru de<br />\r\nDaremo kare mo toriko ni shite iku<br />\r\nSono hitomi ga<br />\r\nSono kotoba ga uso demo<br />\r\nSore wa kanzen na ai</p>\r\n\r\n<p style=\"text-align:center\">[Verse 3: ikura]<br />\r\nHai, hai, ano ko wa tokubetsu desu<br />\r\nWareware wa hana kara omake desu<br />\r\nOhoshi sama no hikitateyaku B desu<br />\r\nSubete ga ano ko no okagena wake nai<br />\r\nSharakusai<br />\r\nNetami shitto nante nai wake ga nai<br />\r\nKore wa neta janai<br />\r\nKara koso yurusenai<br />\r\nKanpeki janai<br />\r\nKimi ja yurusenai<br />\r\nJibun wo yurusenai<br />\r\nDare yori mo tsuyoi<br />\r\nKimi igai wa mitomenai<br />\r\n[Chorus: ikura &amp; REAL AKIBA BOYZ]<br />\r\nDaremo ga shinji agameteru<br />\r\nMasani saikyou de muteki no aidoru<br />\r\nJakuten nante miataranai<br />\r\nIchibanboshi wo yadoshiteiru<br />\r\nYowai to konante misecha (Hey! Hey!)<br />\r\nDame, dame (Hey! Hey!)<br />\r\nShiritakunai toko wa misezu ni (Hey! Hey! Hey! Hey!)<br />\r\nYuiitsumuni janakucha (Hey! Hey!)<br />\r\nIya, iya (Hey! Hey!)<br />\r\nSorekoso honmono no ai (Hey!)</p>\r\n\r\n<p style=\"text-align:center\">[Bridge: ikura]<br />\r\nTokui no egao de wakasu media<br />\r\nKakushikiru kono himitsu dake wa<br />\r\nAishiteru tte uso de tsumu kyaria<br />\r\nKorekoso watashi nari no ai da<br />\r\nNagareru ase mo kireina Aqua<br />\r\nRuby wo kakushita kono mabuta<br />\r\nUtai odori mau watashi wa maria<br />\r\nSou uso wa tobikiri no ai da</p>\r\n\r\n<p style=\"text-align:center\">[Pre-Chorus: ikura]<br />\r\nDareka ni aisareta koto mo<br />\r\nDareka no koto aishita koto mo nai<br />\r\nSonna watashi no uso ga<br />\r\nItsuka hontou ni naru koto<br />\r\n(Shinjiteru)<br />\r\n[Chorus: ikura &amp; REAL AKIBA BOYZ]<br />\r\nItsuka kitto zenbu te ni ireru<br />\r\nWatashi wa sou yokubarina aidoru<br />\r\nToushindai de minna no koto<br />\r\nChanto aishitai kara<br />\r\nKyou mo uso wo tsuku no (Hey! Hey!)<br />\r\nKono kotoba ga (Hey! Hey!)<br />\r\nItsuka hontou ni naru hi wo negatte (Hey! Hey! Hey! Hey!)<br />\r\nSore demo mada (Hey! Hey!)<br />\r\nKimi to kimi ni dake wa iezu ni ita kedo (Hey! Hey! Hey! Hey!)</p>\r\n\r\n<p style=\"text-align:center\">[Outro: ikura &amp; REAL AKIBA BOYZ]<br />\r\nAh, yatto ieta<br />\r\nKore wa zettai uso janai<br />\r\nAishiteru<br />\r\n(Hey! Hey! Hey! Hey!<br />\r\nHey! Hey! Hey! Hey!<br />\r\nHey! Hey! Hey! Hey!<br />\r\nHey! Hey! Hey! Hey!<br />\r\nYou&#39;re my savior, my true savior, my saving grace)</p>','<p style=\"text-align:center\"><img alt=\"\" src=\"https://t2.genius.com/unsafe/340x340/https%3A%2F%2Fimages.genius.com%2Fea0ed207d97747fc8130b39be4748564.1000x1000x1.jpg\" /></p>\r\n\r\n<p style=\"text-align:center\">[Intro]<br />\r\nNamida nagasu koto sura nai mama<br />\r\nSugoshita hibi no ato hitotsu mo nokosazu ni<br />\r\nSayonara da</p>\r\n\r\n<p style=\"text-align:center\">[Verse 1]<br />\r\nHitori de mukaeta asa ni<br />\r\nNarihibiku dareka no oto<br />\r\nFutari de sugoshita heya de<br />\r\nMe wo tojita mama kangaeteta<br />\r\nWarui no wa dare da<br />\r\nWakannai yo<br />\r\nDare no sei demo nai<br />\r\nTabun</p>\r\n\r\n<p style=\"text-align:center\">[Chorus]<br />\r\nBokura wa nankai datte kitto<br />\r\nSou nannen datte kitto<br />\r\nSayonara to tomo ni owaru dake nanda<br />\r\nShikata ga nai yo kitto<br />\r\n&quot;Okaeri&quot;<br />\r\nOmowazu koboreta kotoba wa<br />\r\nChigau na<br />\r\nYou might also like<br />\r\nYOASOBI - 夜に駆ける (Yoru Ni Kakeru/Racing Into The Night) (Romanized)<br />\r\nGenius Romanizations<br />\r\nYOASOBI - アイドル (Idol) (Romanized)<br />\r\nGenius Romanizations<br />\r\nDitto<br />\r\nNewJeans (뉴진스)<br />\r\n[Verse 2]<br />\r\nHitori de mukaeta asa ni<br />\r\nFuto omou dareka no koto<br />\r\nFutari de sugoshita hibi no<br />\r\nAtarimae ga mada nokotteiru<br />\r\nWarui no wa kimi da<br />\r\nSou dakke<br />\r\nWarui no wa boku da<br />\r\nTabun</p>\r\n\r\n<p style=\"text-align:center\">[Verse 3]<br />\r\nKore mo taishuuteki renai desho<br />\r\nSore wa saishuuteki na kotae da yo<br />\r\nBokura dandan to zurete itta no<br />\r\nSore mo tada yoku arukiki nareta sutoorii da<br />\r\nAnna ni kagayaiteita hibi ni sura<br />\r\nHokori wa tsumotte ikunda</p>\r\n\r\n<p style=\"text-align:center\">[Chorus]<br />\r\nBokura wa nankai datte kitto<br />\r\nSou nannen datte kitto<br />\r\nSayonara ni tsuzuku michi wo arukunda<br />\r\nShikata ga nai yo kitto<br />\r\n&quot;Okaeri&quot;<br />\r\nItsumo no you ni koboreochita<br />\r\n[Bridge]<br />\r\nWakariaenai koto nante sa<br />\r\nIkura demo arunda kitto<br />\r\nSubete wo yurushiaeru wake janai kara<br />\r\nTada, yasashisa no hibi wo<br />\r\nTsurai hibi to kanjite shimatta no nara<br />\r\nModorenai kara, ah<br />\r\n(Bokura wa nankai datte kitto)</p>\r\n\r\n<p style=\"text-align:center\">[Chorus]<br />\r\nBokura wa nankai datte kitto<br />\r\nSou nannen datte kitto<br />\r\nSayonara to tomo ni owaru dake nanda<br />\r\nShikata ga nai yo kitto<br />\r\n&quot;Okaeri&quot;<br />\r\nOmowazu koboreta kotoba wa<br />\r\nChigau na<br />\r\nSore demo nankai datte kitto<br />\r\nSou nannen datte kitto<br />\r\nHajimari ni modoru koto ga dekita nara<br />\r\nNante, omotte shimau yo<br />\r\n&quot;Okaeri&quot;<br />\r\nTodokazu koboreta kotoba ni<br />\r\nWaratta</p>\r\n\r\n<p style=\"text-align:center\">[Outro]<br />\r\nSukoshi hieta asa da</p>'),(2,'Cerpen','2023-05-29 06:30:25.045731','','LAYANAN_IMIGRASI','<h4><strong>Cerpen Bahasa Indonesia &ndash; Persahabatan Sejati</strong></h4>\r\n\r\n<p>&nbsp;</p>\r\n\r\n<p>&nbsp;</p>\r\n\r\n<p>Saat ini aku berada di kelas 3 SMP, setiap hari kujalani bersama dengan ketiga sahabatku yaitu Aris, Andri, dan Ana. Kita berempat sudah bersahabat sejak kecil.</p>\r\n\r\n<p>Suatu saat kami menulis surat perjanjian persahabatan di sobekan kertas yang dimasukkan ke dalam sebuah botol, kemudian botol tersebut dikubur di bawah pohon yang nantinya surat tersebut akan kami buka saat kami menerima hasil ujian kelulusan.</p>\r\n\r\n<p>Hari yang kami berempat tunggu akhirnya tiba, kami pun menerima hasil ujian dan hasilnya kita berempat lulus semua.</p>\r\n\r\n<p>Kami serentak langsung pergi berlari ke bawah pohon yang pernah kami datangi dan menggali tepat di mana botol yang dahulu dikubur berada.</p>\r\n\r\n<p>Kemudian, kami berempat membuka botol tersebut dan membaca tulisan yang dulu pernah kami tulis. Kertas tersebut bertuliskan &ldquo;<em>Kami berjanji akan selalu bersama untuk selamanya.</em>&rdquo;</p>\r\n\r\n<p>Keesokan hari, aris berencana untuk merayakan kelulusan kami berempat. Malamnya kami berempat pergi bersama ke suatu tempat dan di situlah saat-saat yang tidak bisa aku lupakan karena aris berencana untuk menyatakan perasaannya kepadaku. Akhirnya aku dan anis berpacaran.</p>\r\n\r\n<p>Begitu juga dengan Andri, dia pun berpacaran dengan Ana. Malam itu sungguh malam yang istimewa untuk kami berempat. Kami pun bergegas untuk pulang.</p>\r\n\r\n<p>Ketika perjalanan pulang, entah mengapa perasaanku tidak enak.</p>\r\n\r\n<p>&ldquo;Perasaanku&nbsp;<em>ngga</em>&nbsp;enak banget ya?&rdquo; Ucapku penuh cemas.</p>\r\n\r\n<p><em>&ldquo;Udahlah</em>&nbsp;Ndi, santai aja, kita&nbsp;<em>ngga</em>&nbsp;bakalan kenapa-kenapa&rdquo; jawab Andri dengan santai.</p>\r\n\r\n<p>Tidak lama setelah itu, hal yang dikhawatirkan Nindi terjadi.</p>\r\n\r\n<p>&ldquo;Arissss awasss! di depan ada juang!&rdquo; Teriak Nindi.</p>\r\n\r\n<p>&ldquo;Aaaaaaaaaa!!!&rdquo;</p>\r\n\r\n<p>Bruuukkk. Mobil yang kami kendarai masuk ke dalam jurang. Aku tak kuasa menahan air mata yang terus mengalir sampai aku tidak sadarkan diri.</p>\r\n\r\n<p>Perlahan aku buka mataku sedikit demi sedikit dan aku melihat ibu berada di sampingku.</p>\r\n\r\n<p>&ldquo;Nindi.. kamu sudah sadar, Nak?&rdquo; Tanya ibuku.</p>\r\n\r\n<p>&ldquo;Ibu.. aku di mana? Di mana Ana, Andri, dan Aris?&rdquo; tanyaku.</p>\r\n\r\n<p>&ldquo;Kamu di rumah sakit Nak, kamu yang sabar ya, Andri dan aris tidak tertolong di lokasi kecelakaan&rdquo; Jawab ibu sambil menitikkan air mata.</p>\r\n\r\n<p>Aku terdiam mendengar ucapan ibu dan air mataku menetes, tangisku tiada henti mendengar pernyataan ibu.</p>\r\n\r\n<p>&ldquo;Aris, mengapa kamu tinggalkan aku, padahal aku sayang banget ke kamu, aku cinta kamu, tapi kamu&nbsp;<em>ninggalin</em>&nbsp;aku begitu cepat, semua pergi&nbsp;<em>ninggalin</em>&nbsp;aku.&rdquo; batinku berkata.</p>\r\n\r\n<p>Lantas, 2 hari berlalu dan aku berkunjung ke makam mereka, aku berharap kami bisa menghabiskan waktu bersama sampai tua. Tetapi sekarang semua itu hanya angan-angan. Aku berjanji akan selalu mengenang kalian.</p>','<h3><strong>Contoh Cerpen Singkat Pendidikan</strong></h3>\r\n\r\n<p>Berikut adalah contoh teks cerpen bahasa Indonesia bertemakan pendidikan.</p>\r\n\r\n<h4>Cerpen Bahasa Indonesia &ndash; Mengajarkan tentang Bersikap Rendah Hati</h4>\r\n\r\n<p>Ada seorang anak bernama Fitri, dia merupakan murid kelas 6 SD yang sangat pintar dan baik hati. Di sekolah sangat banyak teman yang menyukainya karena sikapnya tersebut. Tidak jarang, semua ingin berteman dengan Fitri. Ada lagi anak perempuan bernama Ita, ia berbanding terbalik dengan Fitri. Ia pintar namun sangat sombong. Temannya hanya dua yaitu Lisa dan Lily, gadis kembar di sekolahnya.</p>\r\n\r\n<p>Suatu hari, Ibu guru mengumumkan bahwa akan ada perlombaan membaca pidato dua minggu lagi. Bu Yati selaku wali kelas 6 membuka kesempatan seluas-luasnya bagi siapa saja yang ingin ikut seleksi. Fitri dan Ita jelas ikut berpartisipasi. Setiap hari mereka selalu latihan membaca pidato agar lolos seleksi. Sampai hari penyeleksian tiba, keduanya memberikan tampilan yang memukau lalu dinyatakan lolos.</p>\r\n\r\n<p>Saat hari perlombaan tiba, Ita terus saja membanggakan dirinya, menyatakan bahwa pasti ia akan juara. Sebab sebelumnya dia juga pernah menjadi juara waktu kelas 5 SD di lomba pidato. Berbeda dengan Fitri, ia tidak henti-hentinya berdoa dan berlatih, mencoba menghafal kembali teks pidato. Ita pun dipanggil lebih dulu, sang juara kelas 5 SD kini mendadak lupa teks pidato yang sudah dihafalnya.</p>\r\n\r\n<p>Setelah itu, Fitri maju dan memberikan penampilan yang sangat bagus. Semua juri kagum termasuk Bu Yati yang saat itu datang untuk menemani mereka lomba. Pengumuman pun tiba, Fitri keluar menjadi juara 1 sedangkan Ita harus menahan air matanya karena dia tidak menang sama sekali.&nbsp;<a href=\"https://berita.99.co/contoh-cerpen-pendidikan/\">Cerpen pendidikan</a>&nbsp;ini mengajarkan kita bahwa harus menjadi orang yang rendah hati dan jangan sombong.</p>','<h3><strong>Contoh Cerpen Singkat Kehidupan Sehari-hari</strong></h3>\r\n\r\n<p>Berikut adalah kumpulan cerpen singkat yang ketiga, bertemakan kehidupan sehari hari dan sosial.</p>\r\n\r\n<h4><strong>Cerpen Bahasa Indonesia &ndash; Melupakan Prioritas Terpenting</strong></h4>\r\n\r\n<p>Suara alarm berdering begitu nyaring mengusik tidur nyenyak seorang Nathan. Dia enggan membuka mata namun akhirnya terpaksa ia buka.</p>\r\n\r\n<p>&ldquo;Oh Tuhan!&rdquo; Nathan kaget melihat jam ternyata sekarang sudah pukul 7 pagi. Nathan langsung bergegas mandi dan tanpa sarapan ia berangkat ke kantor. Sesampainya Nathan di kantor, Nathan telat mengikuti pertemuan pagi ini karena telah dimajukan lebih awal dari biasanya dengan alasan Bapak Direktur ada keperluan di luar kota.</p>\r\n\r\n<p>&ldquo;Permisi, Pak. Saya Boleh masuk?&rdquo; Tanya Nathan izin kepada bapak direktur yang memimpin pertemuan.</p>\r\n\r\n<p>&rdquo;Silakan masuk, tapi maaf proyekmu digantikan oleh saudara Arkan.&rdquo;</p>\r\n\r\n<p>&ldquo;Kenapa pak? Saya hanya telat 15 menit.&rdquo;</p>\r\n\r\n<p>&ldquo;Maaf saudara Nathan ini bukan masalah lama atau tidaknya Anda terlambat, namun ini tentang ke konsistensi Anda dalam bekerja.&rdquo; Jelas Bapak direktur dengan tegas.</p>\r\n\r\n<p>Langsung seketika Nathan hanya bisa terdiam dengan wajah pucatnya. Setelah pertemuan ini selesai Nathan berjalan gontai pergi menuju meja kerja miliknya.</p>\r\n\r\n<p>&ldquo;Ada apa Nath? Kok telat.&rdquo;</p>\r\n\r\n<p>&ldquo;Memang salah saya, saya semalam bergadang&nbsp;<em>nonton</em>&nbsp;bola, sampai melupakan project penting yang sangat menguntungkan bagi saya.&rdquo;</p>\r\n\r\n<p>&ldquo;Oalah harusnya kamu harus lebih mengurangi hobimu.&rdquo; Sambung Meri sedikit memberi nasihat.</p>\r\n\r\n<p>Itulah contoh cerita pendek singkat tentang kehidupan sehari hari. Menarik bukan?</p>'),(3,'Test Pegantian Paspor','2023-05-30 06:47:04.123128','','STANDAR','<p>asdfasdfasdfsadf</p>','<p>6twerothoeuiwrhtuioewryhtiuer</p>','<p>woetipoweu60weuo56ijweoi56</p>'),(21,'jsdhgksahdkgjhsdakljghsdkjghskjdahkgsad','2023-05-30 07:03:14.210828','<p>gsadtgaserpijawoeijtmvoieutboiaesuotijbawetews</p>\r\n\r\n<p><img alt=\"\" src=\"/images/uploads/2023/05/28/maxresdefault.jpg\" style=\"height:720px; width:1280px\" /></p>','STANDAR','','',''),(30,'Dasar Hukum PPID','2023-05-30 13:15:03.222824','<p>&nbsp;</p>\r\n\r\n<table border=\"1\" cellpadding=\"1\" cellspacing=\"1\" style=\"width:500px\">\r\n	<tbody>\r\n		<tr>\r\n			<td>\r\n			<p><strong>Pasal 2</strong></p>\r\n\r\n			<p>1.&nbsp;Undang-Undang Nomor 40 Tahun 1999 tentang Pers;</p>\r\n\r\n			<p>2.&nbsp;Undang-Undang Nomor 32 Tahun 2004 tentang Penyiaran;</p>\r\n\r\n			<p>3.&nbsp;Undang-Undang Nomor 11 Tahun 2008 tentang Informasi dan Transaksi Elektronik;</p>\r\n\r\n			<p>4.&nbsp;Undang-Undang Nomor 14 Tahun 2008 tentang Keterbukaan Informasi Publik;</p>\r\n\r\n			<p>5.&nbsp;Undang-Undang Nomor 25 Tahun 2009 tentang Pelayanan Publik;</p>\r\n\r\n			<p>6.&nbsp;Peraturan Menteri Hukum dan Hak Asasi Manusia Republik Indonesia Nomor M.HH-05.OT.01.01 Tahun Tahun 2010 tentang Organisasi dan Tata Kerja Kementerian Hukum dan Hak Asasi Manusia Republik Indonesia;</p>\r\n\r\n			<p>7.&nbsp;Peraturan Menteri Hukum dan Hak Asasi Manusia Republik Indonesia Nomor M.HH-04.IN.04.02 Tahun 2011 tentang Tata Cara Pengelolaan dan Pelayanan Informasi Publik Kementerian Hukum dan Hak Asasi Manusia Republik Indonesia;</p>\r\n\r\n			<p>8.&nbsp;Keputusan Menteri Hukum dan Hak Asasi Manusia Nomor M.HH-01.IN.01.03 Tahun 2010 tentang Pejabat Pengelola Informasi dan Dokumentasi Kementerian Hukum dan Hak Asasi Manusia Republik Indonesia.</p>\r\n			</td>\r\n		</tr>\r\n	</tbody>\r\n</table>\r\n\r\n<p>&nbsp;</p>','STANDAR','','',''),(31,'SK Penetapan PPID','2023-05-30 13:42:36.602902','<p><img src=\"/images/uploads/2023/05/30/image-20230530204204-1.png\" style=\"height:705px; width:500px\" /></p>\r\n\r\n<p><img src=\"/images/uploads/2023/05/30/image-20230530204223-2.png\" style=\"height:705px; width:500px\" /></p>\r\n\r\n<p><img src=\"/images/uploads/2023/05/30/image-20230530204228-3.png\" style=\"height:705px; width:500px\" /></p>\r\n\r\n<p><img src=\"/images/uploads/2023/05/30/image-20230530204232-4.png\" style=\"height:705px; width:500px\" /></p>\r\n\r\n<p>&nbsp;</p>','STANDAR','','',''),(44,'Test Dokumen Perjalanan','2023-05-29 12:04:59.810349','<table border=\"1\" cellpadding=\"1\" cellspacing=\"1\" style=\"width:500px\">\r\n	<tbody>\r\n		<tr>\r\n			<td>sadfas</td>\r\n			<td>asdfas</td>\r\n		</tr>\r\n		<tr>\r\n			<td>asdfsa</td>\r\n			<td>f</td>\r\n		</tr>\r\n		<tr>\r\n			<td>asdfsadf</td>\r\n			<td>asdfsadf</td>\r\n		</tr>\r\n	</tbody>\r\n</table>\r\n\r\n<p>&nbsp;</p>','STANDAR','','',''),(45,'Test Visa Kunjungan','2023-05-29 12:05:27.467068','<table border=\"1\" cellpadding=\"1\" cellspacing=\"1\" style=\"width:500px\">\r\n	<tbody>\r\n		<tr>\r\n			<td>\r\n			<table>\r\n				<tbody>\r\n					<tr>\r\n						<td colspan=\"3\">\r\n						<p><strong>VISA KUNJUNGAN</strong></p>\r\n						</td>\r\n					</tr>\r\n					<tr>\r\n						<td>Visa Tinggal Terbatas</td>\r\n						<td>PerPermohonan</td>\r\n						<td>US$150</td>\r\n					</tr>\r\n					<tr>\r\n						<td>Visa Tinggal Terbatas Saat Kedatangan</td>\r\n						<td>PerPermohonan</td>\r\n						<td>Rp 700.000</td>\r\n					</tr>\r\n					<tr>\r\n						<td>PERSETUJUAN VISA DIREKTUR JENDERAL IMIGRASI</td>\r\n						<td>PerPermohonan</td>\r\n						<td>Rp 200.000</td>\r\n					</tr>\r\n				</tbody>\r\n			</table>\r\n			</td>\r\n		</tr>\r\n	</tbody>\r\n</table>\r\n\r\n<p>&nbsp;</p>','STANDAR','','',''),(46,'Test Tinggal Terbatas','2023-05-29 12:06:00.826741','<table border=\"1\" cellpadding=\"1\" cellspacing=\"1\" style=\"width:500px\">\r\n	<tbody>\r\n		<tr>\r\n			<td>\r\n			<table>\r\n				<tbody>\r\n					<tr>\r\n						<td colspan=\"3\">\r\n						<table>\r\n							<tbody>\r\n								<tr>\r\n									<td colspan=\"3\">\r\n									<p><strong>VISA TINGGAL TERBATAS</strong></p>\r\n									</td>\r\n								</tr>\r\n								<tr>\r\n									<td>Visa Tinggal Terbatas</td>\r\n									<td>PerPermohonan</td>\r\n									<td>US$150</td>\r\n								</tr>\r\n								<tr>\r\n									<td>Visa Tinggal Terbatas Saat Kedatangan</td>\r\n									<td>PerPermohonan</td>\r\n									<td>Rp 700.000</td>\r\n								</tr>\r\n								<tr>\r\n									<td>PERSETUJUAN VISA DIREKTUR JENDERAL IMIGRASI</td>\r\n									<td>PerPermohonan</td>\r\n									<td>Rp 200.000</td>\r\n								</tr>\r\n							</tbody>\r\n						</table>\r\n						</td>\r\n					</tr>\r\n				</tbody>\r\n			</table>\r\n			</td>\r\n		</tr>\r\n	</tbody>\r\n</table>\r\n\r\n<p>&nbsp;</p>','STANDAR','','',''),(57,'Pengertian','2023-05-30 13:08:05.212845','<p>Kantor Imigrasi Kelas II TPI Cilegon mendukung program pemerintah untuk melakukan penataan terhadap sistem penyelenggaraan organisasi Kementerian Hukum dan HAM Republik Indonesia yang baik, efektif dan efisien sehingga dapat melayani masyarakat secara cepat tepat dan profesional.</p>\r\n\r\n<p>Dalam penerapan Reformasi Birokrasi Kantor Imigrasi Kelas II TPI Cilegon berkomitmen mewujudkan Pembangunan Zona Integritas atau ZI menuju Wilayah Bebas dari Korupsi (WBK) dan Wilayah Birokrasi Bersih dan Melayani (WBBM) untuk membangun Unit Kerja Bebas dalam hal pencegahan korupsi dan pungutan liar serta meningkatkan kualitas pelayanan publik sesuai slogan &ldquo;Akan Sangat Baik Bila Pelayanan Kami Memuaskan Masyarakat&rdquo;.</p>\r\n\r\n<p>Syarat Pembanguan Zona Integritas disuatu Lembaga apabila telah mendapat opini dari BPK RI minimal Wajar Dalam Pengecualian (WDP), sementara Kementerian Hukum dan HAM RI telah mendapat opini dari BPK RI bahkan lebih tinggi Wajar Tanpa Pengecualian (WTP). Peluang ini direspon cepat oleh Kantor Imigrasi Kelas II TPI Cilegon untuk menjadi salah satu unit kerja yang melaksanakan Pembangunan Zona Integritas (PZI) menuju WBK dan WBBM.</p>\r\n\r\n<p>Kantor Imigrasi Kelas II TPI Cilegon membangun Zona Integritas dengan berpedoman pada Pernyataan Komitmen Bersama Pembangunan Zona Integritas menuju WBK dan WBBM dilingkungan Kementerian Hukum Dan HAM RI yang ditandatangani oleh Menteri Hukum dan HAM RI yang disertai oleh seluruh Unit Eselon 1 dilingkungan Kementerian Hukum dan HAM RI.</p>\r\n\r\n<p>Penandatanganan Pencanangan Pembangunan Zona Integritas di Kantor Wilayah Kementerian Hukum dan HAM Banten dengan disaksikan oleh unsur FORKOPIMDA dan Tokoh Masyarakat.</p>\r\n\r\n<p>Dengan komitmen yang penuh dari pimpinan dan seluruh jajaran dibuktikan dengan Pembuatan Surat Keputusan Tim Kerja, Mendeklarasikan Pembangunan Zona Integritas melalui Penandatanganan Pakta Integritas, Pemasangan Banner tentang Zona Integritas dilingkungan Kantor Imigrasi Kelas II TPI Cilegon.</p>','STANDAR','','',''),(58,'6 Area Perubahan','2023-05-30 13:10:31.583316','<p><strong>Program 1. Manajemen Perubahan</strong></p>\r\n\r\n<p>Manajemen Perubahan bertujuan untuk mengubah secara sistematis dan konsisten mekanisme kerja pola pikir dan budaya kerja. Untuk mendorong Pembangunan Zona Integritas dibentuknya Tim Kerja dalam bentuk Surat Keputusan Kepala Kantor untuk menyusun rencana Pembangunan Zona Integritas dilakukan pemantauan dan evaluasi capaian Pembangunan Zona Integritas.</p>\r\n\r\n<p>Penyusunan rencana pembangunan oleh Tim Kerja terdiri atas rencana aksi dan capaian target yang menjadi sasaran pemantauan dan evaluasi capaian hasil Pembanguan Zona Integritas dilakukan dalam rangka perkembangan pelaksanaan secara berkala (per bulan, triwulan, semester) guna meminimalkan resiko yang dihadapi dan melakukan perbaikan atas masalah yang dihadapi sesuai rekomendasi pimpinan.</p>\r\n\r\n<p>Perubahan pola pikir dan budaya kerja dilakukan dengan cara Pimpinan menjadi teladan bagi anggotanya/menetapkan agen perubahan membangun budaya kerja dan pola pikir serta keterlibatan seluruh anggota dalam Pembangunan Zona Integritas.</p>\r\n\r\n<p>&nbsp;</p>\r\n\r\n<p><strong>Program 2. Penataan Tata Laksana</strong></p>\r\n\r\n<p>Merupakan Peningkatan efisiensi dan efektifitas secara prosedur yang jelas terukur melalui beberapa hal: Penyusunan SOP dalam setiap kegiatan layanan, ketersediaan E Office dalam pelaksanaan tugas pengisian jurnal harian, keterbukaan informasi publik dengan adanya website, Instagram, twitter, facebook, youtube Humas Kantor Imigrasi Kelas II TPI Cilegon.</p>\r\n\r\n<p>&nbsp;</p>\r\n\r\n<p><strong>Program 3. Penataan Sistem Manajemen SDM</strong></p>\r\n\r\n<p>Penataan Sistem Manajemen SDM untuk meningkatkan profesionalisme dan akuntabilitas disiplin melalui perencanaan kebutuhan pegawai, pola mutasi internal, pengembangan pegawai berbasis kompetensi, dengan adanya pembinaan mental melalui siraman rohani, penetapan kerja individu (pengisian jurnal harian, penegakan aturan disiplin dan kode etik sistem informasi kepegawaian atau simpeg, bentuk konsistensi Kantor Imigrasi Kelas II TPI Cilegon dalam Pembangunan Zona Integritas berupa Pemberian Reward kepada pegawai yang berprestasi guna menumbuhkan motivasi kerja</p>\r\n\r\n<p>&nbsp;</p>\r\n\r\n<p><strong>Program 4. Penguatan Akuntabilitas</strong></p>\r\n\r\n<p>Kepala Kantor berperan dalam menciptakan hubungan kerja yang baik, penguatan akuntabilitas dilaksanakan melalui keterlibatan langsung Kepala Kantor Imigrasi Kelas II TPI Cilegon dalam melakukan penyusunan, perencanaan penetapan kinerja serta memantau pencapaian kinerja secara berkala dalam rangka menyampaikan target.</p>\r\n\r\n<p>&nbsp;</p>\r\n\r\n<p><strong>Program 5. Penguatan Pengawasan</strong></p>\r\n\r\n<p>Bertujuan untuk menciptakan penyelenggaraan kinerja yang bersih dan bebas dari KKN, pengendalaian gratifikasi dengan dibentuknya Tim Unit Pengendalian Gratifikasi, melakukan pemasangan CCTV di ruang pelayanan publik , pemasangan spanduk dan banner bertuliskan tolak gratifikasi, pemasangan nomor pengaduan Kepala Kantor dan adanya ruang pengaduan masyarakat serta penanganan benturan kepentingan, penerapan sistem pengawasan internal serta mensosialisasikan Whistle Blowing System. Kegiatan tersebut dilengkapi dengan Surat Kepala Kantor untuk penunjukkan setiap anggota dan melaporkan hasil kegiatan secara berkala. Dibentuknya Tim Pengawasan Internal. Dibentuknya Tim Pengawasan Internal dengan tujuan melakukan pengawasan internal kantor dan mencegah segala hal yang menghambat Pembangunan Zona Integritas serta penegakkan disiplin pegawai.</p>\r\n\r\n<p>&nbsp;</p>\r\n\r\n<p><strong>Program 6. Peningkatan Kualitas Pelayanan Publik</strong></p>\r\n\r\n<p>Peningkatan Kualitas Pelayanan dengan menghadirkan inovasi pelayanan melalui pemenuhan standar pelayanan dengan peningkatan sarana dan prasarana serta meningkatkan kemampuan pegawai dalam membangun budaya pelayanan prima melalui pelatihan hospitality. Dalam peningkatan kualitas pelayanan masyarakat dapat memberi penilaian melalui alat indeks kepuasan masyarakat di media pengaduan masyarakat yang disediakan dengan menjadikan setiap keluhan untuk melakukan perbaikan layanan.</p>','STANDAR','','','');
/*!40000 ALTER TABLE `main_content` ENABLE KEYS */;
UNLOCK TABLES;

--
-- Table structure for table `main_filearsipdandokumen`
--

DROP TABLE IF EXISTS `main_filearsipdandokumen`;
/*!40101 SET @saved_cs_client     = @@character_set_client */;
/*!40101 SET character_set_client = utf8 */;
CREATE TABLE `main_filearsipdandokumen` (
  `id` bigint(20) NOT NULL AUTO_INCREMENT,
  `category` varchar(50) NOT NULL,
  `file_name` varchar(200) NOT NULL,
  `file` varchar(100) NOT NULL,
  `file_added_at` datetime(6) NOT NULL,
  PRIMARY KEY (`id`)
) ENGINE=InnoDB AUTO_INCREMENT=5 DEFAULT CHARSET=utf8mb4 COLLATE=utf8mb4_general_ci;
/*!40101 SET character_set_client = @saved_cs_client */;

--
-- Dumping data for table `main_filearsipdandokumen`
--

LOCK TABLES `main_filearsipdandokumen` WRITE;
/*!40000 ALTER TABLE `main_filearsipdandokumen` DISABLE KEYS */;
INSERT INTO `main_filearsipdandokumen` VALUES (1,'LAPORAN_AKUNTABILITAS_KINERJA','Test','files/Illustration.png','2023-05-30 11:30:38.701291'),(2,'DAFTAR_ISIAN_PELAKSANAAN_ANGGARAN','Test 2','files/chamber_v2.12.0_amd64.deb','2023-05-30 11:30:58.889540'),(3,'TIMPORA','timpora test','files/FateGO_v2_58_0_MOD_signed.apk','2023-05-30 11:41:14.070675'),(4,'INFORMASI_BERKALA','test','files/com.mathewsachin.fategrandautomata.apk','2023-05-30 12:35:31.050041');
/*!40000 ALTER TABLE `main_filearsipdandokumen` ENABLE KEYS */;
UNLOCK TABLES;

--
-- Table structure for table `main_fotogaleri`
--

DROP TABLE IF EXISTS `main_fotogaleri`;
/*!40101 SET @saved_cs_client     = @@character_set_client */;
/*!40101 SET character_set_client = utf8 */;
CREATE TABLE `main_fotogaleri` (
  `id` bigint(20) NOT NULL AUTO_INCREMENT,
  `galeri_image_file` varchar(100) NOT NULL,
  `descripion_image` varchar(200) NOT NULL,
  `image_added_at` datetime(6) NOT NULL,
  `foto_category` varchar(200) NOT NULL,
  PRIMARY KEY (`id`)
) ENGINE=InnoDB AUTO_INCREMENT=18 DEFAULT CHARSET=utf8mb4 COLLATE=utf8mb4_general_ci;
/*!40101 SET character_set_client = @saved_cs_client */;

--
-- Dumping data for table `main_fotogaleri`
--

LOCK TABLES `main_fotogaleri` WRITE;
/*!40000 ALTER TABLE `main_fotogaleri` DISABLE KEYS */;
INSERT INTO `main_fotogaleri` VALUES (4,'foto/xRfPaGRwUih5gCM0FcNvQJSevw_bLntvKV.png','4','2023-05-29 04:07:36.334565','2023-05-30 13:26:49.662515+00:00'),(5,'foto/Rare_GBF_Gacha.png','5','2023-05-29 04:07:42.583350','2023-05-30 13:26:49.662515+00:00'),(6,'foto/WhatsApp_Image_2022-12-01_at_00.16.09.jpg','6','2023-05-29 04:07:50.021401','2023-05-30 13:26:49.662515+00:00'),(7,'foto/xRfPaGRwUih5gCM0FcNvQJSevw_6YxfFA5.png','7','2023-05-29 04:07:54.772651','2023-05-30 13:26:49.662515+00:00'),(15,'foto/lapor-imigrasi-logo.png','1','2023-05-30 13:27:29.725087','DOKUMENTASI'),(16,'foto/Download_on_the_App_Store_Badge_US-UK_RGB_blk_092917_1.png','2','2023-05-30 13:27:36.140425','DOKUMENTASI'),(17,'foto/google-play-badge_1.png','3','2023-05-30 13:27:45.390415','DOKUMENTASI');
/*!40000 ALTER TABLE `main_fotogaleri` ENABLE KEYS */;
UNLOCK TABLES;

--
-- Table structure for table `main_indexkepuasanmasyarakat`
--

DROP TABLE IF EXISTS `main_indexkepuasanmasyarakat`;
/*!40101 SET @saved_cs_client     = @@character_set_client */;
/*!40101 SET character_set_client = utf8 */;
CREATE TABLE `main_indexkepuasanmasyarakat` (
  `id` bigint(20) NOT NULL AUTO_INCREMENT,
  `date` datetime(6) NOT NULL,
  `total_sangat_baik` int(11) NOT NULL,
  `total_baik` int(11) NOT NULL,
  `total_kurang_baik` int(11) NOT NULL,
  `total_tidak_baik` int(11) NOT NULL,
  `p` varchar(5) NOT NULL,
  PRIMARY KEY (`id`)
) ENGINE=InnoDB AUTO_INCREMENT=5 DEFAULT CHARSET=utf8mb4 COLLATE=utf8mb4_general_ci;
/*!40101 SET character_set_client = @saved_cs_client */;

--
-- Dumping data for table `main_indexkepuasanmasyarakat`
--

LOCK TABLES `main_indexkepuasanmasyarakat` WRITE;
/*!40000 ALTER TABLE `main_indexkepuasanmasyarakat` DISABLE KEYS */;
INSERT INTO `main_indexkepuasanmasyarakat` VALUES (1,'2023-07-01 15:13:20.000000',5,1,6,1,'1'),(2,'2023-07-06 15:13:44.000000',6,1,67,2,'2'),(3,'2023-06-14 15:13:55.000000',7,2,6,1,'1'),(4,'2023-06-15 15:14:07.000000',6,1,7,1,'2');
/*!40000 ALTER TABLE `main_indexkepuasanmasyarakat` ENABLE KEYS */;
UNLOCK TABLES;

--
-- Table structure for table `main_indexpersepsikorupsi`
--

DROP TABLE IF EXISTS `main_indexpersepsikorupsi`;
/*!40101 SET @saved_cs_client     = @@character_set_client */;
/*!40101 SET character_set_client = utf8 */;
CREATE TABLE `main_indexpersepsikorupsi` (
  `id` bigint(20) NOT NULL AUTO_INCREMENT,
  `date` datetime(6) NOT NULL,
  `total_sangat_baik` int(11) NOT NULL,
  `total_baik` int(11) NOT NULL,
  `total_kurang_baik` int(11) NOT NULL,
  `total_tidak_baik` int(11) NOT NULL,
  `p` varchar(5) NOT NULL,
  PRIMARY KEY (`id`)
) ENGINE=InnoDB AUTO_INCREMENT=5 DEFAULT CHARSET=utf8mb4 COLLATE=utf8mb4_general_ci;
/*!40101 SET character_set_client = @saved_cs_client */;

--
-- Dumping data for table `main_indexpersepsikorupsi`
--

LOCK TABLES `main_indexpersepsikorupsi` WRITE;
/*!40000 ALTER TABLE `main_indexpersepsikorupsi` DISABLE KEYS */;
INSERT INTO `main_indexpersepsikorupsi` VALUES (1,'2023-07-03 15:12:21.000000',4,2,5,6,'1'),(2,'2023-07-04 15:13:01.000000',24,5,6,1,'2'),(3,'2023-06-02 15:14:17.000000',7,25,6,1,'1'),(4,'2023-06-15 15:14:27.000000',6,1,7,2,'2');
/*!40000 ALTER TABLE `main_indexpersepsikorupsi` ENABLE KEYS */;
UNLOCK TABLES;

--
-- Table structure for table `main_kakanim`
--

DROP TABLE IF EXISTS `main_kakanim`;
/*!40101 SET @saved_cs_client     = @@character_set_client */;
/*!40101 SET character_set_client = utf8 */;
CREATE TABLE `main_kakanim` (
  `id` bigint(20) NOT NULL AUTO_INCREMENT,
  `name` varchar(50) NOT NULL,
  `masa_jabatan` varchar(50) NOT NULL,
  `foto` varchar(100) NOT NULL,
  PRIMARY KEY (`id`)
) ENGINE=InnoDB AUTO_INCREMENT=2 DEFAULT CHARSET=utf8mb4 COLLATE=utf8mb4_general_ci;
/*!40101 SET character_set_client = @saved_cs_client */;

--
-- Dumping data for table `main_kakanim`
--

LOCK TABLES `main_kakanim` WRITE;
/*!40000 ALTER TABLE `main_kakanim` DISABLE KEYS */;
INSERT INTO `main_kakanim` VALUES (1,'Test','Masa Jabatan 2040-2045','kakanim/kpk-logo.png');
/*!40000 ALTER TABLE `main_kakanim` ENABLE KEYS */;
UNLOCK TABLES;

--
-- Table structure for table `main_laporanpelayananwna`
--

DROP TABLE IF EXISTS `main_laporanpelayananwna`;
/*!40101 SET @saved_cs_client     = @@character_set_client */;
/*!40101 SET character_set_client = utf8 */;
CREATE TABLE `main_laporanpelayananwna` (
  `id` bigint(20) NOT NULL AUTO_INCREMENT,
  `date` datetime(6) NOT NULL,
  `total_ijin_tinggal_kunjungan` int(11) NOT NULL,
  `total_izin_tinggal_terbatas` int(11) NOT NULL,
  PRIMARY KEY (`id`)
) ENGINE=InnoDB AUTO_INCREMENT=2 DEFAULT CHARSET=utf8mb4 COLLATE=utf8mb4_general_ci;
/*!40101 SET character_set_client = @saved_cs_client */;

--
-- Dumping data for table `main_laporanpelayananwna`
--

LOCK TABLES `main_laporanpelayananwna` WRITE;
/*!40000 ALTER TABLE `main_laporanpelayananwna` DISABLE KEYS */;
INSERT INTO `main_laporanpelayananwna` VALUES (1,'2023-07-26 12:44:12.000000',12,42);
/*!40000 ALTER TABLE `main_laporanpelayananwna` ENABLE KEYS */;
UNLOCK TABLES;

--
-- Table structure for table `main_laporanpelayananwni`
--

DROP TABLE IF EXISTS `main_laporanpelayananwni`;
/*!40101 SET @saved_cs_client     = @@character_set_client */;
/*!40101 SET character_set_client = utf8 */;
CREATE TABLE `main_laporanpelayananwni` (
  `id` bigint(20) NOT NULL AUTO_INCREMENT,
  `date` datetime(6) NOT NULL,
  `total_paspor_baru` int(11) NOT NULL,
  `total_pergantian_paspor` int(11) NOT NULL,
  `total_pergantian_paspor_hilang_rusak` int(11) NOT NULL,
  `total_penyerahan_paspor` int(11) NOT NULL,
  PRIMARY KEY (`id`)
) ENGINE=InnoDB AUTO_INCREMENT=4 DEFAULT CHARSET=utf8mb4 COLLATE=utf8mb4_general_ci;
/*!40101 SET character_set_client = @saved_cs_client */;

--
-- Dumping data for table `main_laporanpelayananwni`
--

LOCK TABLES `main_laporanpelayananwni` WRITE;
/*!40000 ALTER TABLE `main_laporanpelayananwni` DISABLE KEYS */;
INSERT INTO `main_laporanpelayananwni` VALUES (1,'2023-07-04 05:07:37.000000',12,5,6,3),(2,'2023-06-07 05:07:48.000000',23,56,46,7),(3,'2023-04-09 05:07:59.000000',152,1,67,1);
/*!40000 ALTER TABLE `main_laporanpelayananwni` ENABLE KEYS */;
UNLOCK TABLES;

--
-- Table structure for table `main_listperusahaandanpenginapanwilayahkerja`
--

DROP TABLE IF EXISTS `main_listperusahaandanpenginapanwilayahkerja`;
/*!40101 SET @saved_cs_client     = @@character_set_client */;
/*!40101 SET character_set_client = utf8 */;
CREATE TABLE `main_listperusahaandanpenginapanwilayahkerja` (
  `id` bigint(20) NOT NULL AUTO_INCREMENT,
  `wilayah_kerja` varchar(20) NOT NULL,
  `list_of_perusahaan_penginapan` longtext NOT NULL,
  `create_at` datetime(6) NOT NULL,
  PRIMARY KEY (`id`)
) ENGINE=InnoDB AUTO_INCREMENT=11 DEFAULT CHARSET=utf8mb4 COLLATE=utf8mb4_general_ci;
/*!40101 SET character_set_client = @saved_cs_client */;

--
-- Dumping data for table `main_listperusahaandanpenginapanwilayahkerja`
--

LOCK TABLES `main_listperusahaandanpenginapanwilayahkerja` WRITE;
/*!40000 ALTER TABLE `main_listperusahaandanpenginapanwilayahkerja` DISABLE KEYS */;
INSERT INTO `main_listperusahaandanpenginapanwilayahkerja` VALUES (1,'BOJONEGARA','<ol>\r\n	<li style=\"margin-right: 130px;\"><span style=\"font-size:11pt\"><span style=\"font-family:Calibri,sans-serif\"><strong><span dir=\"ltr\" lang=\"ms\" style=\"font-family:&quot;Arial&quot;,sans-serif\">PT. ANGEL PRODUCTS PT. APEXINDO</span></strong></span></span></li>\r\n	<li><span style=\"font-size:11pt\"><span style=\"font-family:Calibri,sans-serif\"><strong><span dir=\"ltr\" lang=\"ms\" style=\"font-family:&quot;Arial&quot;,sans-serif\">PT. EMIRA ENERGI</span></strong></span></span></li>\r\n	<li style=\"margin-right: 90px;\"><span style=\"font-size:11pt\"><span style=\"font-family:Calibri,sans-serif\"><strong><span dir=\"ltr\" lang=\"ms\" style=\"font-family:&quot;Arial&quot;,sans-serif\">PT. BAKRIE CONSTRUCTION PT. GTA CONSTRUCTION PT. ARTHA TEKNIK ABADI</span></strong></span></span></li>\r\n	<li style=\"margin-right: 70px;\"><span style=\"font-size:11pt\"><span style=\"font-family:Calibri,sans-serif\"><strong><span dir=\"ltr\" lang=\"ms\" style=\"font-family:&quot;Arial&quot;,sans-serif\">PT. JAVA TAIKO MINERALINDO PT. SUMBER GUNUNG MAJU PT. APEXINDO PRATAMA DUTA</span></strong></span></span></li>\r\n	<li style=\"margin-right: 5px;\"><span style=\"font-size:11pt\"><span style=\"font-family:Calibri,sans-serif\"><strong><span dir=\"ltr\" lang=\"ms\" style=\"font-family:&quot;Arial&quot;,sans-serif\">PT. RAJA GIEDANG MAS NOJONEGARA PT. GUNUNG PATSEAN SUMBER REJEKI PT. FARIKA STEEL</span></strong></span></span></li>\r\n	<li style=\"margin-right: 94px;\"><span style=\"font-size:11pt\"><span style=\"font-family:Calibri,sans-serif\"><strong><span dir=\"ltr\" lang=\"ms\" style=\"font-family:&quot;Arial&quot;,sans-serif\">PT. BITUNG SARANA MULIA PT. BANDAR BAKAU JAYA</span></strong></span></span></li>\r\n	<li style=\"margin-right: 65px;\"><span style=\"font-size:11pt\"><span style=\"font-family:Calibri,sans-serif\"><strong><span dir=\"ltr\" lang=\"ms\" style=\"font-family:&quot;Arial&quot;,sans-serif\">PT. WASKITA BETON PRECAST PT. HAKAASTON BOJONEGARA PT. KARYA PUTRA BERKAH</span></strong></span></span></li>\r\n	<li style=\"margin-right: 109px;\"><span style=\"font-size:11pt\"><span style=\"font-family:Calibri,sans-serif\"><strong><span dir=\"ltr\" lang=\"ms\" style=\"font-family:&quot;Arial&quot;,sans-serif\">PT. KAISHUN INDUSTRIES PT. SMS</span></strong></span></span></li>\r\n	<li style=\"margin-right: 36px;\"><span style=\"font-size:11pt\"><span style=\"font-family:Calibri,sans-serif\"><strong><span dir=\"ltr\" lang=\"ms\" style=\"font-family:&quot;Arial&quot;,sans-serif\">PT. SAMUDERA MARINE INDONESIA PT. BATU ALAM MAKMUR</span></strong></span></span></li>\r\n	<li style=\"margin-right: 118px;\"><span style=\"font-size:11pt\"><span style=\"font-family:Calibri,sans-serif\"><strong><span dir=\"ltr\" lang=\"ms\" style=\"font-family:&quot;Arial&quot;,sans-serif\">PT. PACIFIC LUBRITAMA PT. ROYAL KARYA</span></strong></span></span></li>\r\n	<li style=\"margin-right: 58px;\"><span style=\"font-size:11pt\"><span style=\"font-family:Calibri,sans-serif\"><strong><span dir=\"ltr\" lang=\"ms\" style=\"font-family:&quot;Arial&quot;,sans-serif\">PT. GAMA BOJONEGARA GAYA PT. CHINA HARBOUR INDONESIA</span></strong></span></span></li>\r\n	<li style=\"margin-right: 36px;\"><span style=\"font-size:11pt\"><span style=\"font-family:Calibri,sans-serif\"><strong><span dir=\"ltr\" lang=\"ms\" style=\"font-family:&quot;Arial&quot;,sans-serif\">PT. CILEGON DISTRIBUSINDO RAYA PT. HAOHAN CEMENT</span></strong></span></span></li>\r\n	<li style=\"margin-right: 1px;\"><span style=\"font-size:11pt\"><span style=\"font-family:Calibri,sans-serif\"><strong><span dir=\"ltr\" lang=\"ms\" style=\"font-family:&quot;Arial&quot;,sans-serif\">PT. MOTIVE MULIA MERAH PUTIH BETON PT. SUN FOOK CEMENT</span></strong></span></span></li>\r\n	<li style=\"margin-right: 65px;\"><span style=\"font-size:11pt\"><span style=\"font-family:Calibri,sans-serif\"><strong><span dir=\"ltr\" lang=\"ms\" style=\"font-family:&quot;Arial&quot;,sans-serif\">PT. MULTIMAS NABATI ASAHAN PT. ASTASITI MAHADHANA</span></strong></span></span></li>\r\n	<li style=\"margin-right: 90px;\"><span style=\"font-size:11pt\"><span style=\"font-family:Calibri,sans-serif\"><strong><span dir=\"ltr\" lang=\"ms\" style=\"font-family:&quot;Arial&quot;,sans-serif\">PT. SINAR DINAMIKA BETON PT. PILAREN CILEGON</span></strong></span></span></li>\r\n	<li style=\"margin-right: 128px;\"><span style=\"font-size:11pt\"><span style=\"font-family:Calibri,sans-serif\"><strong><span dir=\"ltr\" lang=\"ms\" style=\"font-family:&quot;Arial&quot;,sans-serif\">PT. PUTRA BAJA DELI PT. SHINKO PLANTECH PLTU JAWA 7</span></strong></span></span></li>\r\n	<li style=\"margin-right: 13px;\"><span style=\"font-size:11pt\"><span style=\"font-family:Calibri,sans-serif\"><strong><span dir=\"ltr\" lang=\"ms\" style=\"font-family:&quot;Arial&quot;,sans-serif\">PT. ARTAWA INDONESIA WORKSHOP PT. SUN FOOK INDUSTRIES INDONESIA HOTEL DE LUMA</span></strong></span></span></li>\r\n</ol>','2023-06-04 20:19:13.520840'),(2,'CIBEBER','<ol>\r\n	<li><span style=\"font-size:11pt\"><span style=\"font-family:Calibri,sans-serif\"><strong><span dir=\"ltr\" lang=\"ms\" style=\"font-size:16.0pt\"><span style=\"font-family:&quot;Arial&quot;,sans-serif\">PT. CILEGON KARYA NUSA</span></span></strong></span></span></li>\r\n	<li><span style=\"font-size:11pt\"><span style=\"font-family:Calibri,sans-serif\"><strong><span dir=\"ltr\" lang=\"ms\" style=\"font-size:16.0pt\"><span style=\"font-family:&quot;Arial&quot;,sans-serif\">PT. SARANA TEHNIK ABADI</span></span></strong></span></span></li>\r\n	<li><span style=\"font-size:11pt\"><span style=\"font-family:Calibri,sans-serif\"><strong><span dir=\"ltr\" lang=\"ms\" style=\"font-size:16.0pt\"><span style=\"font-family:&quot;Arial&quot;,sans-serif\">PT. BHINNEKA BAJANAS</span></span></strong></span></span></li>\r\n	<li><span style=\"font-size:11pt\"><span style=\"font-family:Calibri,sans-serif\"><strong><span dir=\"ltr\" lang=\"ms\" style=\"font-size:16.0pt\"><span style=\"font-family:&quot;Arial&quot;,sans-serif\">PT. GUNA TEGUH ABADI</span></span></strong></span></span></li>\r\n	<li><span style=\"font-size:11pt\"><span style=\"font-family:Calibri,sans-serif\"><strong><span dir=\"ltr\" lang=\"ms\" style=\"font-size:16.0pt\"><span style=\"font-family:&quot;Arial&quot;,sans-serif\">PT. WINTECO INDONESIA</span></span></strong></span></span></li>\r\n	<li><span style=\"font-size:11pt\"><span style=\"font-family:Calibri,sans-serif\"><strong><span dir=\"ltr\" lang=\"ms\" style=\"font-size:16.0pt\"><span style=\"font-family:&quot;Arial&quot;,sans-serif\">PT. SENTRA KARYA MANDIRI</span></span></strong></span></span></li>\r\n	<li><span style=\"font-size:11pt\"><span style=\"font-family:Calibri,sans-serif\"><strong><span dir=\"ltr\" lang=\"ms\" style=\"font-size:16.0pt\"><span style=\"font-family:&quot;Arial&quot;,sans-serif\">PT. BANGUN BETON INDONESIA</span></span></strong></span></span></li>\r\n	<li><span style=\"font-size:11pt\"><span style=\"font-family:Calibri,sans-serif\"><strong><span dir=\"ltr\" lang=\"ms\" style=\"font-size:16.0pt\"><span style=\"font-family:&quot;Arial&quot;,sans-serif\">PT. ASA PRIMA ABADI</span></span></strong></span></span></li>\r\n	<li><span style=\"font-size:11pt\"><span style=\"font-family:Calibri,sans-serif\"><strong><span dir=\"ltr\" lang=\"ms\" style=\"font-size:16.0pt\"><span style=\"font-family:&quot;Arial&quot;,sans-serif\">PT. BANGUN ASA KALIMAYA</span></span></strong></span></span></li>\r\n	<li><span style=\"font-size:11pt\"><span style=\"font-family:Calibri,sans-serif\"><strong><span dir=\"ltr\" lang=\"ms\" style=\"font-size:16.0pt\"><span style=\"font-family:&quot;Arial&quot;,sans-serif\">PT. ANEXCO MITRA ABADI</span></span></strong></span></span></li>\r\n	<li><span style=\"font-size:11pt\"><span style=\"font-family:Calibri,sans-serif\"><strong><span dir=\"ltr\" lang=\"ms\" style=\"font-size:16.0pt\"><span style=\"font-family:&quot;Arial&quot;,sans-serif\">PT. ATUR ADI YASA</span></span></strong></span></span></li>\r\n	<li><span style=\"font-size:11pt\"><span style=\"font-family:Calibri,sans-serif\"><strong><span dir=\"ltr\" lang=\"ms\" style=\"font-size:16.0pt\"><span style=\"font-family:&quot;Arial&quot;,sans-serif\">PT. CHONG RO INDONESIA</span></span></strong></span></span></li>\r\n	<li><span style=\"font-size:11pt\"><span style=\"font-family:Calibri,sans-serif\"><strong><span dir=\"ltr\" lang=\"ms\" style=\"font-size:16.0pt\"><span style=\"font-family:&quot;Arial&quot;,sans-serif\">HOTEL ARISU</span></span></strong></span></span></li>\r\n	<li><span style=\"font-size:11pt\"><span style=\"font-family:Calibri,sans-serif\"><strong><span dir=\"ltr\" lang=\"ms\" style=\"font-size:16.0pt\"><span style=\"font-family:&quot;Arial&quot;,sans-serif\">HOTEL GRAND MANGKU PUTRA</span></span></strong></span></span></li>\r\n	<li><span style=\"font-size:11pt\"><span style=\"font-family:Calibri,sans-serif\"><strong><span dir=\"ltr\" lang=\"ms\" style=\"font-size:16.0pt\"><span style=\"font-family:&quot;Arial&quot;,sans-serif\">HOTEL HORISON FORBIS</span></span></strong></span></span></li>\r\n	<li><span style=\"font-size:11pt\"><span style=\"font-family:Calibri,sans-serif\"><strong><span dir=\"ltr\" lang=\"ms\" style=\"font-size:16.0pt\"><span style=\"font-family:&quot;Arial&quot;,sans-serif\">HOTEL SARI KURING</span></span></strong></span></span></li>\r\n	<li><strong><span dir=\"ltr\" lang=\"ms\" style=\"font-size:16.0pt\"><span style=\"font-family:&quot;Arial&quot;,sans-serif\">PCI TAMAN TROPIS</span></span></strong></li>\r\n</ol>','2023-06-04 20:19:33.340334'),(3,'CILEGON','<ol>\r\n	<li><span style=\"font-size:11pt\"><span style=\"font-family:Calibri,sans-serif\"><strong><span dir=\"ltr\" lang=\"ms\" style=\"font-size:18.0pt\"><span style=\"font-family:&quot;Arial&quot;,sans-serif\">PT. TIMAH INDUSTRI</span></span></strong></span></span></li>\r\n	<li><span style=\"font-size:11pt\"><span style=\"font-family:Calibri,sans-serif\"><strong><span dir=\"ltr\" lang=\"ms\" style=\"font-size:18.0pt\"><span style=\"font-family:&quot;Arial&quot;,sans-serif\">PT. ARTHA TEKNIK ABADI</span></span></strong></span></span></li>\r\n	<li style=\"margin-right: 1px;\"><span style=\"font-size:11pt\"><span style=\"font-family:Calibri,sans-serif\"><strong><span dir=\"ltr\" lang=\"ms\" style=\"font-size:18.0pt\"><span style=\"font-family:&quot;Arial&quot;,sans-serif\">PT. PGAS SOLUTION (PGN SUBSIDIARY) PT. DUTA INTAN METALINDO</span></span></strong></span></span></li>\r\n	<li><span style=\"font-size:11pt\"><span style=\"font-family:Calibri,sans-serif\"><strong><span dir=\"ltr\" lang=\"ms\" style=\"font-size:18.0pt\"><span style=\"font-family:&quot;Arial&quot;,sans-serif\">HOTEL AMARIS</span></span></strong></span></span></li>\r\n	<li style=\"margin-right: 77px;\"><span style=\"font-size:11pt\"><span style=\"font-family:Calibri,sans-serif\"><strong><span dir=\"ltr\" lang=\"ms\" style=\"font-size:18.0pt\"><span style=\"font-family:&quot;Arial&quot;,sans-serif\">GUEST HOUSE MELODY PERUMAHAN BUMI RAKATA ASRI</span></span></strong></span></span></li>\r\n</ol>','2023-06-04 20:19:44.490478'),(4,'CITANGKIL','<ol>\r\n	<li><span style=\"font-size:11pt\"><span style=\"font-family:Calibri,sans-serif\"><strong><span dir=\"ltr\" lang=\"ms\" style=\"font-size:8.0pt\"><span style=\"font-family:&quot;Arial&quot;,sans-serif\">PT. LATINUSA</span></span></strong></span></span></li>\r\n	<li style=\"margin-right: 1px;\"><span style=\"font-size:11pt\"><span style=\"font-family:Calibri,sans-serif\"><strong><span dir=\"ltr\" lang=\"ms\" style=\"font-size:8.0pt\"><span style=\"font-family:&quot;Arial&quot;,sans-serif\">PT. KRAKATAU PEMBENGKELAN DAN PERAWATAN PT. KRAKATAU BLUE WATER</span></span></strong></span></span></li>\r\n	<li><span style=\"font-size:11pt\"><span style=\"font-family:Calibri,sans-serif\"><strong><span dir=\"ltr\" lang=\"ms\" style=\"font-size:8.0pt\"><span style=\"font-family:&quot;Arial&quot;,sans-serif\">PT. KRAKATAU POSCO</span></span></strong></span></span></li>\r\n	<li style=\"margin-right: 67px;\"><span style=\"font-size:11pt\"><span style=\"font-family:Calibri,sans-serif\"><strong><span dir=\"ltr\" lang=\"ms\" style=\"font-size:8.0pt\"><span style=\"font-family:&quot;Arial&quot;,sans-serif\">PT. KRAKATAU STEEL HOT STRIP MILL PT. KRAKATAU STEEL</span></span></strong></span></span></li>\r\n	<li><span style=\"font-size:11pt\"><span style=\"font-family:Calibri,sans-serif\"><strong><span dir=\"ltr\" lang=\"ms\" style=\"font-size:8.0pt\"><span style=\"font-family:&quot;Arial&quot;,sans-serif\">PT. KRAKATAU TIRTA INDSUTRI</span></span></strong></span></span></li>\r\n	<li style=\"margin-right: 1px;\"><span style=\"font-size:11pt\"><span style=\"font-family:Calibri,sans-serif\"><strong><span dir=\"ltr\" lang=\"ms\" style=\"font-size:8.0pt\"><span style=\"font-family:&quot;Arial&quot;,sans-serif\">PT. KRAKATAU POSCO CHEMCTECH CALCINATION PT. KRAKATAU NIPPON STEEL SUMIKIN INDONESIA PT. KRAKATAU POSCHEM DONGSUH CHEMICAL PT. HALEYORA CILEGON</span></span></strong></span></span></li>\r\n	<li style=\"margin-right: 94px;\"><span style=\"font-size:11pt\"><span style=\"font-family:Calibri,sans-serif\"><strong><span dir=\"ltr\" lang=\"ms\" style=\"font-size:8.0pt\"><span style=\"font-family:&quot;Arial&quot;,sans-serif\">PT. HITACHI METALS INDONESIA PT. MAHAKARYA PUTRA MANDIRI PT. KRAKATAU OSAKA STEEL PT. FEDERAL KARYATAMA</span></span></strong></span></span></li>\r\n	<li><span style=\"font-size:11pt\"><span style=\"font-family:Calibri,sans-serif\"><strong><span dir=\"ltr\" lang=\"ms\" style=\"font-size:8.0pt\"><span style=\"font-family:&quot;Arial&quot;,sans-serif\">PT. WASTEC</span></span></strong></span></span></li>\r\n	<li><span style=\"font-size:11pt\"><span style=\"font-family:Calibri,sans-serif\"><strong><span dir=\"ltr\" lang=\"ms\" style=\"font-size:8.0pt\"><span style=\"font-family:&quot;Arial&quot;,sans-serif\">PT. CABOT INDONESIA</span></span></strong></span></span></li>\r\n	<li style=\"margin-right: 103px;\"><span style=\"font-size:11pt\"><span style=\"font-family:Calibri,sans-serif\"><strong><span dir=\"ltr\" lang=\"ms\" style=\"font-size:8.0pt\"><span style=\"font-family:&quot;Arial&quot;,sans-serif\">PT. KRAKATAU DAYA LISTRIK PT. PUTRA CILEGON MANDIRI PT. CIGADING HABEAM CENTER PT. AIR LIQUIDE INDONESIA</span></span></strong></span></span></li>\r\n	<li style=\"margin-right: 104px;\"><span style=\"font-size:11pt\"><span style=\"font-family:Calibri,sans-serif\"><strong><span dir=\"ltr\" lang=\"ms\" style=\"font-size:8.0pt\"><span style=\"font-family:&quot;Arial&quot;,sans-serif\">PT. KRAKATAU DAYA TIRTA PELABUHAN CILEGON MANDIRI PT. KHI PIPE</span></span></strong></span></span></li>\r\n	<li style=\"margin-right: 67px;\"><span style=\"font-size:11pt\"><span style=\"font-family:Calibri,sans-serif\"><strong><span dir=\"ltr\" lang=\"ms\" style=\"font-size:8.0pt\"><span style=\"font-family:&quot;Arial&quot;,sans-serif\">PT. KRAKATAU DAEDONG MACHINERY PT. KRAKATAU ARGO LOGISTICS</span></span></strong></span></span></li>\r\n	<li style=\"margin-right: 67px; text-align: justify;\"><span style=\"font-size:11pt\"><span style=\"font-family:Calibri,sans-serif\"><strong><span dir=\"ltr\" lang=\"ms\" style=\"font-size:8.0pt\"><span style=\"font-family:&quot;Arial&quot;,sans-serif\">PT. KRAKATAU STEEL HSM PROJECT 1 PT. KRAKATAU STEEL HSM PROJECT 2 BLAST FURNACE</span></span></strong></span></span></li>\r\n	<li style=\"margin-right: 138px;\"><span style=\"font-size:11pt\"><span style=\"font-family:Calibri,sans-serif\"><strong><span dir=\"ltr\" lang=\"ms\" style=\"font-size:8.0pt\"><span style=\"font-family:&quot;Arial&quot;,sans-serif\">PURNA BAJA HARSCO PT. ARCHROMA CILEGON</span></span></strong></span></span></li>\r\n	<li style=\"margin-right: 67px;\"><span style=\"font-size:11pt\"><span style=\"font-family:Calibri,sans-serif\"><strong><span dir=\"ltr\" lang=\"ms\" style=\"font-size:8.0pt\"><span style=\"font-family:&quot;Arial&quot;,sans-serif\">PT. WIJAYA KARYA KRAKATAU BETON PT. SAMSON TIARA</span></span></strong></span></span></li>\r\n	<li><span style=\"font-size:11pt\"><span style=\"font-family:Calibri,sans-serif\"><strong><span dir=\"ltr\" lang=\"ms\" style=\"font-size:8.0pt\"><span style=\"font-family:&quot;Arial&quot;,sans-serif\">PT. HARBISON WALKER</span></span></strong></span></span></li>\r\n	<li><span style=\"font-size:11pt\"><span style=\"font-family:Calibri,sans-serif\"><strong><span dir=\"ltr\" lang=\"ms\" style=\"font-size:8.0pt\"><span style=\"font-family:&quot;Arial&quot;,sans-serif\">PT. BLUESCOPE INDONESIA</span></span></strong></span></span></li>\r\n	<li style=\"margin-right: 48px;\"><span style=\"font-size:11pt\"><span style=\"font-family:Calibri,sans-serif\"><strong><span dir=\"ltr\" lang=\"ms\" style=\"font-size:8.0pt\"><span style=\"font-family:&quot;Arial&quot;,sans-serif\">PT. DAEKYUNG INDAH HEAVY INDSUTRY PT. THERMAX INTERNATIONAL INDONESIA PT. ROHM &amp; HAAS</span></span></strong></span></span></li>\r\n	<li><span style=\"font-size:11pt\"><span style=\"font-family:Calibri,sans-serif\"><strong><span dir=\"ltr\" lang=\"ms\" style=\"font-size:8.0pt\"><span style=\"font-family:&quot;Arial&quot;,sans-serif\">PT. ALBA PUTRA</span></span></strong></span></span></li>\r\n	<li style=\"margin-right: 100px;\"><span style=\"font-size:11pt\"><span style=\"font-family:Calibri,sans-serif\"><strong><span dir=\"ltr\" lang=\"ms\" style=\"font-size:8.0pt\"><span style=\"font-family:&quot;Arial&quot;,sans-serif\">PT. KARUNIA BERCA INDONESIA PT. SURYA BESINDO SAKTI</span></span></strong></span></span></li>\r\n	<li style=\"margin-right: 109px;\"><span style=\"font-size:11pt\"><span style=\"font-family:Calibri,sans-serif\"><strong><span dir=\"ltr\" lang=\"ms\" style=\"font-size:8.0pt\"><span style=\"font-family:&quot;Arial&quot;,sans-serif\">PT. RC GREASE LUBRICANT PT. COKRO PUTRA PERSADA PT. CIOMAS ARIYA SAMUDERA PT. MMC METAL FABRICATION PT. SWING INDONESIA</span></span></strong></span></span></li>\r\n	<li style=\"margin-right: 41px;\"><span style=\"font-size:11pt\"><span style=\"font-family:Calibri,sans-serif\"><strong><span dir=\"ltr\" lang=\"ms\" style=\"font-size:8.0pt\"><span style=\"font-family:&quot;Arial&quot;,sans-serif\">PT. SODIUM DEDOCYLBENZENE INDONESIA PT. JINSUNG KS</span></span></strong></span></span></li>\r\n	<li><span style=\"font-size:11pt\"><span style=\"font-family:Calibri,sans-serif\"><strong><span dir=\"ltr\" lang=\"ms\" style=\"font-size:8.0pt\"><span style=\"font-family:&quot;Arial&quot;,sans-serif\">PT. KRnG</span></span></strong></span></span></li>\r\n	<li><span style=\"font-size:11pt\"><span style=\"font-family:Calibri,sans-serif\"><strong><span dir=\"ltr\" lang=\"ms\" style=\"font-size:8.0pt\"><span style=\"font-family:&quot;Arial&quot;,sans-serif\">PT.DIPY INTI ENERGI</span></span></strong></span></span></li>\r\n	<li style=\"margin-right: 21px;\"><span style=\"font-size:11pt\"><span style=\"font-family:Calibri,sans-serif\"><strong><span dir=\"ltr\" lang=\"ms\" style=\"font-size:8.0pt\"><span style=\"font-family:&quot;Arial&quot;,sans-serif\">PT. KRAKATAU BANDAR SAMUDERA DRY PORT PT. ADIL JAYA CILEGON</span></span></strong></span></span></li>\r\n	<li style=\"margin-right: 65px;\"><span style=\"font-size:11pt\"><span style=\"font-family:Calibri,sans-serif\"><strong><span dir=\"ltr\" lang=\"ms\" style=\"font-size:8.0pt\"><span style=\"font-family:&quot;Arial&quot;,sans-serif\">PT. NIPPON STEEL TEXENG INDONESIA PT. AZBIL BERCA INDONESIA</span></span></strong></span></span></li>\r\n	<li style=\"margin-right: 70px;\"><span style=\"font-size:11pt\"><span style=\"font-family:Calibri,sans-serif\"><strong><span dir=\"ltr\" lang=\"ms\" style=\"font-size:8.0pt\"><span style=\"font-family:&quot;Arial&quot;,sans-serif\">PT. BINESQO MULYATAMA INDONSEIA PT. PERTAMINA GAS</span></span></strong></span></span></li>\r\n	<li style=\"margin-right: 93px;\"><span style=\"font-size:11pt\"><span style=\"font-family:Calibri,sans-serif\"><strong><span dir=\"ltr\" lang=\"ms\" style=\"font-size:8.0pt\"><span style=\"font-family:&quot;Arial&quot;,sans-serif\">PT. CENTRAL BERKAT INDONESIA PT. ARTAS ENERGI PETROGAS PT. KRAKATAU KONSULTAN</span></span></strong></span></span></li>\r\n	<li style=\"margin-right: 75px;\"><span style=\"font-size:11pt\"><span style=\"font-family:Calibri,sans-serif\"><strong><span dir=\"ltr\" lang=\"ms\" style=\"font-size:8.0pt\"><span style=\"font-family:&quot;Arial&quot;,sans-serif\">CV. HAFIS NURYATAMA KONSTRUKSI GUESTHOUSE AIRLANGGA</span></span></strong></span></span></li>\r\n</ol>','2023-06-04 20:19:57.511928'),(5,'CIWANDAN','<ol>\r\n	<li><span style=\"font-size:11pt\"><span style=\"font-family:Calibri,sans-serif\"><strong><span dir=\"ltr\" lang=\"ms\" style=\"font-size:8.0pt\"><span style=\"font-family:&quot;Arial&quot;,sans-serif\">PT. LATINUSA</span></span></strong></span></span></li>\r\n	<li style=\"margin-right: 1px;\"><span style=\"font-size:11pt\"><span style=\"font-family:Calibri,sans-serif\"><strong><span dir=\"ltr\" lang=\"ms\" style=\"font-size:8.0pt\"><span style=\"font-family:&quot;Arial&quot;,sans-serif\">PT. KRAKATAU PEMBENGKELAN DAN PERAWATAN PT. KRAKATAU BLUE WATER</span></span></strong></span></span></li>\r\n	<li><span style=\"font-size:11pt\"><span style=\"font-family:Calibri,sans-serif\"><strong><span dir=\"ltr\" lang=\"ms\" style=\"font-size:8.0pt\"><span style=\"font-family:&quot;Arial&quot;,sans-serif\">PT. KRAKATAU POSCO</span></span></strong></span></span></li>\r\n	<li style=\"margin-right: 67px;\"><span style=\"font-size:11pt\"><span style=\"font-family:Calibri,sans-serif\"><strong><span dir=\"ltr\" lang=\"ms\" style=\"font-size:8.0pt\"><span style=\"font-family:&quot;Arial&quot;,sans-serif\">PT. KRAKATAU STEEL HOT STRIP MILL PT. KRAKATAU STEEL</span></span></strong></span></span></li>\r\n	<li><span style=\"font-size:11pt\"><span style=\"font-family:Calibri,sans-serif\"><strong><span dir=\"ltr\" lang=\"ms\" style=\"font-size:8.0pt\"><span style=\"font-family:&quot;Arial&quot;,sans-serif\">PT. KRAKATAU TIRTA INDSUTRI</span></span></strong></span></span></li>\r\n	<li style=\"margin-right: 1px;\"><span style=\"font-size:11pt\"><span style=\"font-family:Calibri,sans-serif\"><strong><span dir=\"ltr\" lang=\"ms\" style=\"font-size:8.0pt\"><span style=\"font-family:&quot;Arial&quot;,sans-serif\">PT. KRAKATAU POSCO CHEMCTECH CALCINATION PT. KRAKATAU NIPPON STEEL SUMIKIN INDONESIA PT. KRAKATAU POSCHEM DONGSUH CHEMICAL PT. HALEYORA CILEGON</span></span></strong></span></span></li>\r\n	<li style=\"margin-right: 94px;\"><span style=\"font-size:11pt\"><span style=\"font-family:Calibri,sans-serif\"><strong><span dir=\"ltr\" lang=\"ms\" style=\"font-size:8.0pt\"><span style=\"font-family:&quot;Arial&quot;,sans-serif\">PT. HITACHI METALS INDONESIA PT. MAHAKARYA PUTRA MANDIRI PT. KRAKATAU OSAKA STEEL PT. FEDERAL KARYATAMA</span></span></strong></span></span></li>\r\n	<li><span style=\"font-size:11pt\"><span style=\"font-family:Calibri,sans-serif\"><strong><span dir=\"ltr\" lang=\"ms\" style=\"font-size:8.0pt\"><span style=\"font-family:&quot;Arial&quot;,sans-serif\">PT. WASTEC</span></span></strong></span></span></li>\r\n	<li><span style=\"font-size:11pt\"><span style=\"font-family:Calibri,sans-serif\"><strong><span dir=\"ltr\" lang=\"ms\" style=\"font-size:8.0pt\"><span style=\"font-family:&quot;Arial&quot;,sans-serif\">PT. CABOT INDONESIA</span></span></strong></span></span></li>\r\n	<li style=\"margin-right: 103px;\"><span style=\"font-size:11pt\"><span style=\"font-family:Calibri,sans-serif\"><strong><span dir=\"ltr\" lang=\"ms\" style=\"font-size:8.0pt\"><span style=\"font-family:&quot;Arial&quot;,sans-serif\">PT. KRAKATAU DAYA LISTRIK PT. PUTRA CILEGON MANDIRI PT. CIGADING HABEAM CENTER PT. AIR LIQUIDE INDONESIA</span></span></strong></span></span></li>\r\n	<li style=\"margin-right: 104px;\"><span style=\"font-size:11pt\"><span style=\"font-family:Calibri,sans-serif\"><strong><span dir=\"ltr\" lang=\"ms\" style=\"font-size:8.0pt\"><span style=\"font-family:&quot;Arial&quot;,sans-serif\">PT. KRAKATAU DAYA TIRTA PELABUHAN CILEGON MANDIRI PT. KHI PIPE</span></span></strong></span></span></li>\r\n	<li style=\"margin-right: 67px;\"><span style=\"font-size:11pt\"><span style=\"font-family:Calibri,sans-serif\"><strong><span dir=\"ltr\" lang=\"ms\" style=\"font-size:8.0pt\"><span style=\"font-family:&quot;Arial&quot;,sans-serif\">PT. KRAKATAU DAEDONG MACHINERY PT. KRAKATAU ARGO LOGISTICS</span></span></strong></span></span></li>\r\n	<li style=\"margin-right: 67px; text-align: justify;\"><span style=\"font-size:11pt\"><span style=\"font-family:Calibri,sans-serif\"><strong><span dir=\"ltr\" lang=\"ms\" style=\"font-size:8.0pt\"><span style=\"font-family:&quot;Arial&quot;,sans-serif\">PT. KRAKATAU STEEL HSM PROJECT 1 PT. KRAKATAU STEEL HSM PROJECT 2 BLAST FURNACE</span></span></strong></span></span></li>\r\n	<li style=\"margin-right: 138px;\"><span style=\"font-size:11pt\"><span style=\"font-family:Calibri,sans-serif\"><strong><span dir=\"ltr\" lang=\"ms\" style=\"font-size:8.0pt\"><span style=\"font-family:&quot;Arial&quot;,sans-serif\">PURNA BAJA HARSCO PT. ARCHROMA CILEGON</span></span></strong></span></span></li>\r\n	<li style=\"margin-right: 67px;\"><span style=\"font-size:11pt\"><span style=\"font-family:Calibri,sans-serif\"><strong><span dir=\"ltr\" lang=\"ms\" style=\"font-size:8.0pt\"><span style=\"font-family:&quot;Arial&quot;,sans-serif\">PT. WIJAYA KARYA KRAKATAU BETON PT. SAMSON TIARA</span></span></strong></span></span></li>\r\n	<li><span style=\"font-size:11pt\"><span style=\"font-family:Calibri,sans-serif\"><strong><span dir=\"ltr\" lang=\"ms\" style=\"font-size:8.0pt\"><span style=\"font-family:&quot;Arial&quot;,sans-serif\">PT. HARBISON WALKER</span></span></strong></span></span></li>\r\n	<li><span style=\"font-size:11pt\"><span style=\"font-family:Calibri,sans-serif\"><strong><span dir=\"ltr\" lang=\"ms\" style=\"font-size:8.0pt\"><span style=\"font-family:&quot;Arial&quot;,sans-serif\">PT. BLUESCOPE INDONESIA</span></span></strong></span></span></li>\r\n	<li style=\"margin-right: 48px;\"><span style=\"font-size:11pt\"><span style=\"font-family:Calibri,sans-serif\"><strong><span dir=\"ltr\" lang=\"ms\" style=\"font-size:8.0pt\"><span style=\"font-family:&quot;Arial&quot;,sans-serif\">PT. DAEKYUNG INDAH HEAVY INDSUTRY PT. THERMAX INTERNATIONAL INDONESIA PT. ROHM &amp; HAAS</span></span></strong></span></span></li>\r\n	<li><span style=\"font-size:11pt\"><span style=\"font-family:Calibri,sans-serif\"><strong><span dir=\"ltr\" lang=\"ms\" style=\"font-size:8.0pt\"><span style=\"font-family:&quot;Arial&quot;,sans-serif\">PT. ALBA PUTRA</span></span></strong></span></span></li>\r\n	<li style=\"margin-right: 100px;\"><span style=\"font-size:11pt\"><span style=\"font-family:Calibri,sans-serif\"><strong><span dir=\"ltr\" lang=\"ms\" style=\"font-size:8.0pt\"><span style=\"font-family:&quot;Arial&quot;,sans-serif\">PT. KARUNIA BERCA INDONESIA PT. SURYA BESINDO SAKTI</span></span></strong></span></span></li>\r\n	<li style=\"margin-right: 109px;\"><span style=\"font-size:11pt\"><span style=\"font-family:Calibri,sans-serif\"><strong><span dir=\"ltr\" lang=\"ms\" style=\"font-size:8.0pt\"><span style=\"font-family:&quot;Arial&quot;,sans-serif\">PT. RC GREASE LUBRICANT PT. COKRO PUTRA PERSADA PT. CIOMAS ARIYA SAMUDERA PT. MMC METAL FABRICATION PT. SWING INDONESIA</span></span></strong></span></span></li>\r\n	<li style=\"margin-right: 41px;\"><span style=\"font-size:11pt\"><span style=\"font-family:Calibri,sans-serif\"><strong><span dir=\"ltr\" lang=\"ms\" style=\"font-size:8.0pt\"><span style=\"font-family:&quot;Arial&quot;,sans-serif\">PT. SODIUM DEDOCYLBENZENE INDONESIA PT. JINSUNG KS</span></span></strong></span></span></li>\r\n	<li><span style=\"font-size:11pt\"><span style=\"font-family:Calibri,sans-serif\"><strong><span dir=\"ltr\" lang=\"ms\" style=\"font-size:8.0pt\"><span style=\"font-family:&quot;Arial&quot;,sans-serif\">PT. KRnG</span></span></strong></span></span></li>\r\n	<li><span style=\"font-size:11pt\"><span style=\"font-family:Calibri,sans-serif\"><strong><span dir=\"ltr\" lang=\"ms\" style=\"font-size:8.0pt\"><span style=\"font-family:&quot;Arial&quot;,sans-serif\">PT.DIPY INTI ENERGI</span></span></strong></span></span></li>\r\n	<li style=\"margin-right: 21px;\"><span style=\"font-size:11pt\"><span style=\"font-family:Calibri,sans-serif\"><strong><span dir=\"ltr\" lang=\"ms\" style=\"font-size:8.0pt\"><span style=\"font-family:&quot;Arial&quot;,sans-serif\">PT. KRAKATAU BANDAR SAMUDERA DRY PORT PT. ADIL JAYA CILEGON</span></span></strong></span></span></li>\r\n	<li style=\"margin-right: 65px;\"><span style=\"font-size:11pt\"><span style=\"font-family:Calibri,sans-serif\"><strong><span dir=\"ltr\" lang=\"ms\" style=\"font-size:8.0pt\"><span style=\"font-family:&quot;Arial&quot;,sans-serif\">PT. NIPPON STEEL TEXENG INDONESIA PT. AZBIL BERCA INDONESIA</span></span></strong></span></span></li>\r\n	<li style=\"margin-right: 70px;\"><span style=\"font-size:11pt\"><span style=\"font-family:Calibri,sans-serif\"><strong><span dir=\"ltr\" lang=\"ms\" style=\"font-size:8.0pt\"><span style=\"font-family:&quot;Arial&quot;,sans-serif\">PT. BINESQO MULYATAMA INDONSEIA PT. PERTAMINA GAS</span></span></strong></span></span></li>\r\n	<li style=\"margin-right: 93px;\"><span style=\"font-size:11pt\"><span style=\"font-family:Calibri,sans-serif\"><strong><span dir=\"ltr\" lang=\"ms\" style=\"font-size:8.0pt\"><span style=\"font-family:&quot;Arial&quot;,sans-serif\">PT. CENTRAL BERKAT INDONESIA PT. ARTAS ENERGI PETROGAS PT. KRAKATAU KONSULTAN</span></span></strong></span></span></li>\r\n	<li style=\"margin-right: 75px;\"><span style=\"font-size:11pt\"><span style=\"font-family:Calibri,sans-serif\"><strong><span dir=\"ltr\" lang=\"ms\" style=\"font-size:8.0pt\"><span style=\"font-family:&quot;Arial&quot;,sans-serif\">CV. HAFIS NURYATAMA KONSTRUKSI GUESTHOUSE AIRLANGGA</span></span></strong></span></span></li>\r\n</ol>','2023-06-04 20:20:07.870364'),(6,'GEROGOL','<ol>\r\n	<li style=\"margin-right: 167px;\"><span style=\"font-size:11pt\"><span style=\"font-family:Calibri,sans-serif\"><strong><span dir=\"ltr\" lang=\"ms\" style=\"font-family:&quot;Arial&quot;,sans-serif\">PT. DOVER CHEMICAL PT. SABA PRATAMA</span></strong></span></span></li>\r\n	<li style=\"margin-right: 49px;\"><span style=\"font-size:11pt\"><span style=\"font-family:Calibri,sans-serif\"><strong><span dir=\"ltr\" lang=\"ms\" style=\"font-family:&quot;Arial&quot;,sans-serif\">PT. MITSUBISHI CHEMICAL INDONESIA PT. MC PET FILM INDONESIA</span></strong></span></span></li>\r\n	<li style=\"margin-right: 92px;\"><span style=\"font-size:11pt\"><span style=\"font-family:Calibri,sans-serif\"><strong><span dir=\"ltr\" lang=\"ms\" style=\"font-family:&quot;Arial&quot;,sans-serif\">PT. STANDARD TOYO POLYMER PT. POLYTECH INDOHAUSEN PT. PRATAMA GALUH PERKASA PT. BUANA CENTRA SWAKARSA PT. PGN</span></strong></span></span></li>\r\n	<li style=\"margin-right: 119px;\"><span style=\"font-size:11pt\"><span style=\"font-family:Calibri,sans-serif\"><strong><span dir=\"ltr\" lang=\"ms\" style=\"font-family:&quot;Arial&quot;,sans-serif\">PT. UNGGUL INDAH CAHAYA PT. SAMATOR INDSUTRI</span></strong></span></span></li>\r\n	<li style=\"margin-right: 117px;\"><span style=\"font-size:11pt\"><span style=\"font-family:Calibri,sans-serif\"><strong><span dir=\"ltr\" lang=\"ms\" style=\"font-family:&quot;Arial&quot;,sans-serif\">PT. HOKARI LINEX PRATAMA PT. LOTTE CHEMICAL</span></strong></span></span></li>\r\n	<li><span style=\"font-size:11pt\"><span style=\"font-family:Calibri,sans-serif\"><strong><span dir=\"ltr\" lang=\"ms\" style=\"font-family:&quot;Arial&quot;,sans-serif\">PT. BUMI MULIA INDAH LESTARI</span></strong></span></span></li>\r\n	<li style=\"margin-right: 62px;\"><span style=\"font-size:11pt\"><span style=\"font-family:Calibri,sans-serif\"><strong><span dir=\"ltr\" lang=\"ms\" style=\"font-family:&quot;Arial&quot;,sans-serif\">PT. BP PTEROCHEMICAL INDONESIA PT. STYRON INDONESIA</span></strong></span></span></li>\r\n	<li><span style=\"font-size:11pt\"><span style=\"font-family:Calibri,sans-serif\"><strong><span dir=\"ltr\" lang=\"ms\" style=\"font-family:&quot;Arial&quot;,sans-serif\">PT. BUMI MERAK TRANSPORT</span></strong></span></span></li>\r\n	<li style=\"margin-right: 64px;\"><span style=\"font-size:11pt\"><span style=\"font-family:Calibri,sans-serif\"><strong><span dir=\"ltr\" lang=\"ms\" style=\"font-family:&quot;Arial&quot;,sans-serif\">PT. TRINSEOMATERIALS INDONESIA PT. VOPAK TERMINAL MERAK</span></strong></span></span></li>\r\n	<li><span style=\"font-size:11pt\"><span style=\"font-family:Calibri,sans-serif\"><strong><span dir=\"ltr\" lang=\"ms\" style=\"font-family:&quot;Arial&quot;,sans-serif\">PT. CASTROL INDONESIA</span></strong></span></span></li>\r\n	<li><span style=\"font-size:11pt\"><span style=\"font-family:Calibri,sans-serif\"><strong><span dir=\"ltr\" lang=\"ms\" style=\"font-family:&quot;Arial&quot;,sans-serif\">PT. PERTAMINA TERMINAL TANJUNG GEREM PT. COMMONWEALTH STEEL</span></strong></span></span></li>\r\n	<li><span style=\"font-size:11pt\"><span style=\"font-family:Calibri,sans-serif\"><strong><span dir=\"ltr\" lang=\"ms\" style=\"font-family:&quot;Arial&quot;,sans-serif\">PT. TENARIS SPIJ</span></strong></span></span></li>\r\n	<li><span style=\"font-size:11pt\"><span style=\"font-family:Calibri,sans-serif\"><strong><span dir=\"ltr\" lang=\"ms\" style=\"font-family:&quot;Arial&quot;,sans-serif\">PT. STOLLBERG SAMIL</span></strong></span></span></li>\r\n	<li style=\"margin-right: 110px;\"><span style=\"font-size:11pt\"><span style=\"font-family:Calibri,sans-serif\"><strong><span dir=\"ltr\" lang=\"ms\" style=\"font-family:&quot;Arial&quot;,sans-serif\">PT. DAEWOO LOGISTICS ASIA PT. IPCR</span></strong></span></span></li>\r\n	<li><span style=\"font-size:11pt\"><span style=\"font-family:Calibri,sans-serif\"><strong><span dir=\"ltr\" lang=\"ms\" style=\"font-family:&quot;Arial&quot;,sans-serif\">PT. MCA INDONESIA</span></strong></span></span></li>\r\n	<li><span style=\"font-size:11pt\"><span style=\"font-family:Calibri,sans-serif\"><strong><span dir=\"ltr\" lang=\"ms\" style=\"font-family:&quot;Arial&quot;,sans-serif\">PT. POSCOMTECH INDONESIA</span></strong></span></span></li>\r\n</ol>','2023-06-04 20:20:18.290668'),(7,'JOMBANG','<ol>\r\n	<li style=\"margin-right: 167px;\"><span style=\"font-size:11pt\"><span style=\"font-family:Calibri,sans-serif\"><strong><span dir=\"ltr\" lang=\"ms\" style=\"font-family:&quot;Arial&quot;,sans-serif\">PT. DOVER CHEMICAL PT. SABA PRATAMA</span></strong></span></span></li>\r\n	<li style=\"margin-right: 49px;\"><span style=\"font-size:11pt\"><span style=\"font-family:Calibri,sans-serif\"><strong><span dir=\"ltr\" lang=\"ms\" style=\"font-family:&quot;Arial&quot;,sans-serif\">PT. MITSUBISHI CHEMICAL INDONESIA PT. MC PET FILM INDONESIA</span></strong></span></span></li>\r\n	<li style=\"margin-right: 92px;\"><span style=\"font-size:11pt\"><span style=\"font-family:Calibri,sans-serif\"><strong><span dir=\"ltr\" lang=\"ms\" style=\"font-family:&quot;Arial&quot;,sans-serif\">PT. STANDARD TOYO POLYMER PT. POLYTECH INDOHAUSEN PT. PRATAMA GALUH PERKASA PT. BUANA CENTRA SWAKARSA PT. PGN</span></strong></span></span></li>\r\n	<li style=\"margin-right: 119px;\"><span style=\"font-size:11pt\"><span style=\"font-family:Calibri,sans-serif\"><strong><span dir=\"ltr\" lang=\"ms\" style=\"font-family:&quot;Arial&quot;,sans-serif\">PT. UNGGUL INDAH CAHAYA PT. SAMATOR INDSUTRI</span></strong></span></span></li>\r\n	<li style=\"margin-right: 117px;\"><span style=\"font-size:11pt\"><span style=\"font-family:Calibri,sans-serif\"><strong><span dir=\"ltr\" lang=\"ms\" style=\"font-family:&quot;Arial&quot;,sans-serif\">PT. HOKARI LINEX PRATAMA PT. LOTTE CHEMICAL</span></strong></span></span></li>\r\n	<li><span style=\"font-size:11pt\"><span style=\"font-family:Calibri,sans-serif\"><strong><span dir=\"ltr\" lang=\"ms\" style=\"font-family:&quot;Arial&quot;,sans-serif\">PT. BUMI MULIA INDAH LESTARI</span></strong></span></span></li>\r\n	<li style=\"margin-right: 62px;\"><span style=\"font-size:11pt\"><span style=\"font-family:Calibri,sans-serif\"><strong><span dir=\"ltr\" lang=\"ms\" style=\"font-family:&quot;Arial&quot;,sans-serif\">PT. BP PTEROCHEMICAL INDONESIA PT. STYRON INDONESIA</span></strong></span></span></li>\r\n	<li><span style=\"font-size:11pt\"><span style=\"font-family:Calibri,sans-serif\"><strong><span dir=\"ltr\" lang=\"ms\" style=\"font-family:&quot;Arial&quot;,sans-serif\">PT. BUMI MERAK TRANSPORT</span></strong></span></span></li>\r\n	<li style=\"margin-right: 64px;\"><span style=\"font-size:11pt\"><span style=\"font-family:Calibri,sans-serif\"><strong><span dir=\"ltr\" lang=\"ms\" style=\"font-family:&quot;Arial&quot;,sans-serif\">PT. TRINSEOMATERIALS INDONESIA PT. VOPAK TERMINAL MERAK</span></strong></span></span></li>\r\n	<li><span style=\"font-size:11pt\"><span style=\"font-family:Calibri,sans-serif\"><strong><span dir=\"ltr\" lang=\"ms\" style=\"font-family:&quot;Arial&quot;,sans-serif\">PT. CASTROL INDONESIA</span></strong></span></span></li>\r\n	<li><span style=\"font-size:11pt\"><span style=\"font-family:Calibri,sans-serif\"><strong><span dir=\"ltr\" lang=\"ms\" style=\"font-family:&quot;Arial&quot;,sans-serif\">PT. PERTAMINA TERMINAL TANJUNG GEREM PT. COMMONWEALTH STEEL</span></strong></span></span></li>\r\n	<li><span style=\"font-size:11pt\"><span style=\"font-family:Calibri,sans-serif\"><strong><span dir=\"ltr\" lang=\"ms\" style=\"font-family:&quot;Arial&quot;,sans-serif\">PT. TENARIS SPIJ</span></strong></span></span></li>\r\n	<li><span style=\"font-size:11pt\"><span style=\"font-family:Calibri,sans-serif\"><strong><span dir=\"ltr\" lang=\"ms\" style=\"font-family:&quot;Arial&quot;,sans-serif\">PT. STOLLBERG SAMIL</span></strong></span></span></li>\r\n	<li style=\"margin-right: 110px;\"><span style=\"font-size:11pt\"><span style=\"font-family:Calibri,sans-serif\"><strong><span dir=\"ltr\" lang=\"ms\" style=\"font-family:&quot;Arial&quot;,sans-serif\">PT. DAEWOO LOGISTICS ASIA PT. IPCR</span></strong></span></span></li>\r\n	<li><span style=\"font-size:11pt\"><span style=\"font-family:Calibri,sans-serif\"><strong><span dir=\"ltr\" lang=\"ms\" style=\"font-family:&quot;Arial&quot;,sans-serif\">PT. MCA INDONESIA</span></strong></span></span></li>\r\n	<li><span style=\"font-size:11pt\"><span style=\"font-family:Calibri,sans-serif\"><strong><span dir=\"ltr\" lang=\"ms\" style=\"font-family:&quot;Arial&quot;,sans-serif\">PT. POSCOMTECH INDONESIA</span></strong></span></span></li>\r\n</ol>','2023-06-04 20:20:27.300282'),(8,'PULOAMPEL','<ol>\r\n	<li style=\"margin-right: 167px;\"><span style=\"font-size:11pt\"><span style=\"font-family:Calibri,sans-serif\"><strong><span dir=\"ltr\" lang=\"ms\" style=\"font-family:&quot;Arial&quot;,sans-serif\">PT. DOVER CHEMICAL PT. SABA PRATAMA</span></strong></span></span></li>\r\n	<li style=\"margin-right: 49px;\"><span style=\"font-size:11pt\"><span style=\"font-family:Calibri,sans-serif\"><strong><span dir=\"ltr\" lang=\"ms\" style=\"font-family:&quot;Arial&quot;,sans-serif\">PT. MITSUBISHI CHEMICAL INDONESIA PT. MC PET FILM INDONESIA</span></strong></span></span></li>\r\n	<li style=\"margin-right: 92px;\"><span style=\"font-size:11pt\"><span style=\"font-family:Calibri,sans-serif\"><strong><span dir=\"ltr\" lang=\"ms\" style=\"font-family:&quot;Arial&quot;,sans-serif\">PT. STANDARD TOYO POLYMER PT. POLYTECH INDOHAUSEN PT. PRATAMA GALUH PERKASA PT. BUANA CENTRA SWAKARSA PT. PGN</span></strong></span></span></li>\r\n	<li style=\"margin-right: 119px;\"><span style=\"font-size:11pt\"><span style=\"font-family:Calibri,sans-serif\"><strong><span dir=\"ltr\" lang=\"ms\" style=\"font-family:&quot;Arial&quot;,sans-serif\">PT. UNGGUL INDAH CAHAYA PT. SAMATOR INDSUTRI</span></strong></span></span></li>\r\n	<li style=\"margin-right: 117px;\"><span style=\"font-size:11pt\"><span style=\"font-family:Calibri,sans-serif\"><strong><span dir=\"ltr\" lang=\"ms\" style=\"font-family:&quot;Arial&quot;,sans-serif\">PT. HOKARI LINEX PRATAMA PT. LOTTE CHEMICAL</span></strong></span></span></li>\r\n	<li><span style=\"font-size:11pt\"><span style=\"font-family:Calibri,sans-serif\"><strong><span dir=\"ltr\" lang=\"ms\" style=\"font-family:&quot;Arial&quot;,sans-serif\">PT. BUMI MULIA INDAH LESTARI</span></strong></span></span></li>\r\n	<li style=\"margin-right: 62px;\"><span style=\"font-size:11pt\"><span style=\"font-family:Calibri,sans-serif\"><strong><span dir=\"ltr\" lang=\"ms\" style=\"font-family:&quot;Arial&quot;,sans-serif\">PT. BP PTEROCHEMICAL INDONESIA PT. STYRON INDONESIA</span></strong></span></span></li>\r\n	<li><span style=\"font-size:11pt\"><span style=\"font-family:Calibri,sans-serif\"><strong><span dir=\"ltr\" lang=\"ms\" style=\"font-family:&quot;Arial&quot;,sans-serif\">PT. BUMI MERAK TRANSPORT</span></strong></span></span></li>\r\n	<li style=\"margin-right: 64px;\"><span style=\"font-size:11pt\"><span style=\"font-family:Calibri,sans-serif\"><strong><span dir=\"ltr\" lang=\"ms\" style=\"font-family:&quot;Arial&quot;,sans-serif\">PT. TRINSEOMATERIALS INDONESIA PT. VOPAK TERMINAL MERAK</span></strong></span></span></li>\r\n	<li><span style=\"font-size:11pt\"><span style=\"font-family:Calibri,sans-serif\"><strong><span dir=\"ltr\" lang=\"ms\" style=\"font-family:&quot;Arial&quot;,sans-serif\">PT. CASTROL INDONESIA</span></strong></span></span></li>\r\n	<li><span style=\"font-size:11pt\"><span style=\"font-family:Calibri,sans-serif\"><strong><span dir=\"ltr\" lang=\"ms\" style=\"font-family:&quot;Arial&quot;,sans-serif\">PT. PERTAMINA TERMINAL TANJUNG GEREM PT. COMMONWEALTH STEEL</span></strong></span></span></li>\r\n	<li><span style=\"font-size:11pt\"><span style=\"font-family:Calibri,sans-serif\"><strong><span dir=\"ltr\" lang=\"ms\" style=\"font-family:&quot;Arial&quot;,sans-serif\">PT. TENARIS SPIJ</span></strong></span></span></li>\r\n	<li><span style=\"font-size:11pt\"><span style=\"font-family:Calibri,sans-serif\"><strong><span dir=\"ltr\" lang=\"ms\" style=\"font-family:&quot;Arial&quot;,sans-serif\">PT. STOLLBERG SAMIL</span></strong></span></span></li>\r\n	<li style=\"margin-right: 110px;\"><span style=\"font-size:11pt\"><span style=\"font-family:Calibri,sans-serif\"><strong><span dir=\"ltr\" lang=\"ms\" style=\"font-family:&quot;Arial&quot;,sans-serif\">PT. DAEWOO LOGISTICS ASIA PT. IPCR</span></strong></span></span></li>\r\n	<li><span style=\"font-size:11pt\"><span style=\"font-family:Calibri,sans-serif\"><strong><span dir=\"ltr\" lang=\"ms\" style=\"font-family:&quot;Arial&quot;,sans-serif\">PT. MCA INDONESIA</span></strong></span></span></li>\r\n	<li><span style=\"font-size:11pt\"><span style=\"font-family:Calibri,sans-serif\"><strong><span dir=\"ltr\" lang=\"ms\" style=\"font-family:&quot;Arial&quot;,sans-serif\">PT. POSCOMTECH INDONESIA</span></strong></span></span></li>\r\n</ol>','2023-06-04 20:20:36.070526'),(9,'PULOMERAK','<ol>\r\n	<li style=\"margin-right: 70px;\"><span style=\"font-size:11pt\"><span style=\"font-family:Calibri,sans-serif\"><strong><span dir=\"ltr\" lang=\"ms\" style=\"font-size:10.0pt\"><span style=\"font-family:&quot;Arial&quot;,sans-serif\">INDONESIA POWER SURALAYA PLTU JAWA IX</span></span></strong></span></span></li>\r\n	<li><span style=\"font-size:11pt\"><span style=\"font-family:Calibri,sans-serif\"><strong><span dir=\"ltr\" lang=\"ms\" style=\"font-size:10.0pt\"><span style=\"font-family:&quot;Arial&quot;,sans-serif\">PELABUHAN IKPT</span></span></strong></span></span></li>\r\n	<li><span style=\"font-size:11pt\"><span style=\"font-family:Calibri,sans-serif\"><strong><span dir=\"ltr\" lang=\"ms\" style=\"font-size:10.0pt\"><span style=\"font-family:&quot;Arial&quot;,sans-serif\">PT. LINGGA PERDANA</span></span></strong></span></span></li>\r\n	<li style=\"margin-right: 36px;\"><span style=\"font-size:11pt\"><span style=\"font-family:Calibri,sans-serif\"><strong><span dir=\"ltr\" lang=\"ms\" style=\"font-size:10.0pt\"><span style=\"font-family:&quot;Arial&quot;,sans-serif\">PT. MERAK BANGUN SAMUDERA PERTAMINA LPG TANJUNG SEKONG PT. ORBIT TERMINAL MERAK</span></span></strong></span></span></li>\r\n	<li><span style=\"font-size:11pt\"><span style=\"font-family:Calibri,sans-serif\"><strong><span dir=\"ltr\" lang=\"ms\" style=\"font-size:10.0pt\"><span style=\"font-family:&quot;Arial&quot;,sans-serif\">PT. PLN PERSERO</span></span></strong></span></span></li>\r\n	<li><span style=\"font-size:11pt\"><span style=\"font-family:Calibri,sans-serif\"><strong><span dir=\"ltr\" lang=\"ms\" style=\"font-size:10.0pt\"><span style=\"font-family:&quot;Arial&quot;,sans-serif\">PT. BAHTERA ADHIGUNA PUTERA</span></span></strong></span></span></li>\r\n	<li style=\"margin-right: 1px;\"><span style=\"font-size:11pt\"><span style=\"font-family:Calibri,sans-serif\"><strong><span dir=\"ltr\" lang=\"ms\" style=\"font-size:10.0pt\"><span style=\"font-family:&quot;Arial&quot;,sans-serif\">PT. TOMINDO MAS BULK TANK TERMINAL PT. ELNUSA FABRIKASI KONSTRUKSI</span></span></strong></span></span></li>\r\n	<li><span style=\"font-size:11pt\"><span style=\"font-family:Calibri,sans-serif\"><strong><span dir=\"ltr\" lang=\"ms\" style=\"font-size:10.0pt\"><span style=\"font-family:&quot;Arial&quot;,sans-serif\">PT. INDAH KIAT PULP &amp; PAPER TBK</span></span></strong></span></span></li>\r\n</ol>','2023-06-04 20:20:46.980088'),(10,'PURWAKARTA','<ol>\r\n	<li><span style=\"font-size:11pt\"><span style=\"font-family:Calibri,sans-serif\"><strong><span dir=\"ltr\" lang=\"ms\" style=\"font-size:9.0pt\"><span style=\"font-family:&quot;Arial&quot;,sans-serif\">PT. KRAKATAU INDUSTRIAL ESTATE SLS BEARINDO CILEGON</span></span></strong></span></span></li>\r\n	<li><span style=\"font-size:11pt\"><span style=\"font-family:Calibri,sans-serif\"><strong><span dir=\"ltr\" lang=\"ms\" style=\"font-size:9.0pt\"><span style=\"font-family:&quot;Arial&quot;,sans-serif\">PT. PURNA SENTANA BAJA</span></span></strong></span></span></li>\r\n	<li><span style=\"font-size:11pt\"><span style=\"font-family:Calibri,sans-serif\"><strong><span dir=\"ltr\" lang=\"ms\" style=\"font-size:9.0pt\"><span style=\"font-family:&quot;Arial&quot;,sans-serif\">PT. KRAKATAU STEEL PERSERO PT. ANDARU BERKAH MAS ABADI PT. KRAKATAU WAJATAMA</span></span></strong></span></span></li>\r\n	<li><span style=\"font-size:11pt\"><span style=\"font-family:Calibri,sans-serif\"><strong><span dir=\"ltr\" lang=\"ms\" style=\"font-size:9.0pt\"><span style=\"font-family:&quot;Arial&quot;,sans-serif\">PT. KRAKATAU ENGINEERING PT. TRAKINDO UTAMA</span></span></strong></span></span></li>\r\n	<li><span style=\"font-size:11pt\"><span style=\"font-family:Calibri,sans-serif\"><strong><span dir=\"ltr\" lang=\"ms\" style=\"font-size:9.0pt\"><span style=\"font-family:&quot;Arial&quot;,sans-serif\">PT. MCA INDONESIA</span></span></strong></span></span></li>\r\n	<li><span style=\"font-size:11pt\"><span style=\"font-family:Calibri,sans-serif\"><strong><span dir=\"ltr\" lang=\"ms\" style=\"font-size:9.0pt\"><span style=\"font-family:&quot;Arial&quot;,sans-serif\">PT. CENTURY METALINDO PT. ALAM MAKMUR PUTERA</span></span></strong></span></span></li>\r\n	<li><span style=\"font-size:11pt\"><span style=\"font-family:Calibri,sans-serif\"><strong><span dir=\"ltr\" lang=\"ms\" style=\"font-size:9.0pt\"><span style=\"font-family:&quot;Arial&quot;,sans-serif\">PT. GLOBAL HATERINDO TEKNIK PT. KOSTEC PRIMA BAJA</span></span></strong></span></span></li>\r\n	<li><span style=\"font-size:11pt\"><span style=\"font-family:Calibri,sans-serif\"><strong><span dir=\"ltr\" lang=\"ms\" style=\"font-size:9.0pt\"><span style=\"font-family:&quot;Arial&quot;,sans-serif\">PT. SWON TECH</span></span></strong></span></span></li>\r\n	<li><span style=\"font-size:11pt\"><span style=\"font-family:Calibri,sans-serif\"><strong><span dir=\"ltr\" lang=\"ms\" style=\"font-size:9.0pt\"><span style=\"font-family:&quot;Arial&quot;,sans-serif\">SINGAPORE INTERNATIONAL SCHOOL HOTEL ROYALE KRAKATAU KRAKATAU TOWNHOUSE</span></span></strong></span></span></li>\r\n	<li><span style=\"font-size:11pt\"><span style=\"font-family:Calibri,sans-serif\"><strong><span dir=\"ltr\" lang=\"ms\" style=\"font-size:9.0pt\"><span style=\"font-family:&quot;Arial&quot;,sans-serif\">PALM HILLS</span></span></strong></span></span></li>\r\n	<li><span style=\"font-size:11pt\"><span style=\"font-family:Calibri,sans-serif\"><strong><span dir=\"ltr\" lang=\"ms\" style=\"font-size:9.0pt\"><span style=\"font-family:&quot;Arial&quot;,sans-serif\">PERUMAHAN METRO CILEGON PETROJAYA BORAL PLASTERBOARD</span></span></strong></span></span></li>\r\n</ol>\r\n\r\n<p>&nbsp;</p>','2023-06-04 20:20:56.310364');
/*!40000 ALTER TABLE `main_listperusahaandanpenginapanwilayahkerja` ENABLE KEYS */;
UNLOCK TABLES;

--
-- Table structure for table `main_mainmenu`
--

DROP TABLE IF EXISTS `main_mainmenu`;
/*!40101 SET @saved_cs_client     = @@character_set_client */;
/*!40101 SET character_set_client = utf8 */;
CREATE TABLE `main_mainmenu` (
  `id` bigint(20) NOT NULL AUTO_INCREMENT,
  `main_menu_name` varchar(50) NOT NULL,
  `create_at` datetime(6) NOT NULL,
  PRIMARY KEY (`id`)
) ENGINE=InnoDB AUTO_INCREMENT=9 DEFAULT CHARSET=utf8mb4 COLLATE=utf8mb4_general_ci;
/*!40101 SET character_set_client = @saved_cs_client */;

--
-- Dumping data for table `main_mainmenu`
--

LOCK TABLES `main_mainmenu` WRITE;
/*!40000 ALTER TABLE `main_mainmenu` DISABLE KEYS */;
INSERT INTO `main_mainmenu` VALUES (1,'Beranda','2023-05-29 03:30:03.163119'),(2,'Layanan Imigrasi','2023-05-29 03:30:11.139675'),(3,'Informasi Publik','2023-05-29 03:30:21.568638'),(4,'Profile','2023-05-29 03:30:28.547668'),(5,'PPID','2023-05-29 03:30:32.371301'),(6,'Biaya Keimigrasian','2023-05-29 11:24:59.412015'),(8,'Zona Integritas','2023-05-30 08:27:15.417147');
/*!40000 ALTER TABLE `main_mainmenu` ENABLE KEYS */;
UNLOCK TABLES;

--
-- Table structure for table `main_menu`
--

DROP TABLE IF EXISTS `main_menu`;
/*!40101 SET @saved_cs_client     = @@character_set_client */;
/*!40101 SET character_set_client = utf8 */;
CREATE TABLE `main_menu` (
  `id` bigint(20) NOT NULL AUTO_INCREMENT,
  `menu_name` varchar(200) NOT NULL,
  `create_at` datetime(6) NOT NULL,
  `main_menu_id` bigint(20) NOT NULL,
  PRIMARY KEY (`id`),
  KEY `main_menu_main_menu_id_a1223e89_fk_main_mainmenu_id` (`main_menu_id`),
  CONSTRAINT `main_menu_main_menu_id_a1223e89_fk_main_mainmenu_id` FOREIGN KEY (`main_menu_id`) REFERENCES `main_mainmenu` (`id`)
) ENGINE=InnoDB AUTO_INCREMENT=18 DEFAULT CHARSET=utf8mb4 COLLATE=utf8mb4_general_ci;
/*!40101 SET character_set_client = @saved_cs_client */;

--
-- Dumping data for table `main_menu`
--

LOCK TABLES `main_menu` WRITE;
/*!40000 ALTER TABLE `main_menu` DISABLE KEYS */;
INSERT INTO `main_menu` VALUES (2,'Warga Negara Indonesia','2023-05-29 03:31:53.941376',2),(3,'Warga Negara Asing','2023-05-29 03:32:29.611261',2),(5,'Berita','2023-05-29 03:32:52.904287',3),(6,'Arsip dan Dokumen','2023-05-29 03:33:01.942024',3),(7,'Dasbor Publik','2023-05-29 03:33:09.054288',3),(8,'Profile','2023-05-29 03:33:42.061067',4),(9,'Galeri','2023-05-29 03:33:47.757615',4),(10,'PPID','2023-05-29 03:33:58.443135',5),(11,'Biaya Keimigrasian','2023-05-29 10:04:57.860731',3),(12,'Dokumen Perjalanan','2023-05-29 11:25:32.757079',6),(13,'Visa','2023-05-29 11:25:37.832263',6),(14,'Izin Keimigrasian','2023-05-29 11:25:47.274506',6),(15,'PNBP Keimigrasian Lainnya','2023-05-29 11:25:57.066012',6),(16,'Timpora','2023-05-30 08:26:18.284198',3),(17,'Zona Integritasi','2023-05-30 08:27:16.647584',8);
/*!40000 ALTER TABLE `main_menu` ENABLE KEYS */;
UNLOCK TABLES;

--
-- Table structure for table `main_strukturorganisasi`
--

DROP TABLE IF EXISTS `main_strukturorganisasi`;
/*!40101 SET @saved_cs_client     = @@character_set_client */;
/*!40101 SET character_set_client = utf8 */;
CREATE TABLE `main_strukturorganisasi` (
  `id` bigint(20) NOT NULL AUTO_INCREMENT,
  `name` varchar(50) NOT NULL,
  `jabatan` varchar(100) NOT NULL,
  `TMT` datetime(6) NOT NULL,
  PRIMARY KEY (`id`)
) ENGINE=InnoDB AUTO_INCREMENT=3 DEFAULT CHARSET=utf8mb4 COLLATE=utf8mb4_general_ci;
/*!40101 SET character_set_client = @saved_cs_client */;

--
-- Dumping data for table `main_strukturorganisasi`
--

LOCK TABLES `main_strukturorganisasi` WRITE;
/*!40000 ALTER TABLE `main_strukturorganisasi` DISABLE KEYS */;
INSERT INTO `main_strukturorganisasi` VALUES (1,'Test','KEPALA_KANTOR','2023-05-31 06:09:12.000000'),(2,'Test Tata Usaha','KASUBAG_TATA_USAHA','2023-05-31 06:24:13.000000');
/*!40000 ALTER TABLE `main_strukturorganisasi` ENABLE KEYS */;
UNLOCK TABLES;

--
-- Table structure for table `main_submenu`
--

DROP TABLE IF EXISTS `main_submenu`;
/*!40101 SET @saved_cs_client     = @@character_set_client */;
/*!40101 SET character_set_client = utf8 */;
CREATE TABLE `main_submenu` (
  `id` bigint(20) NOT NULL AUTO_INCREMENT,
  `submenu_name` varchar(200) NOT NULL,
  `create_at` datetime(6) NOT NULL,
  `permalink` varchar(50) NOT NULL,
  `menu_id` bigint(20) NOT NULL,
  PRIMARY KEY (`id`),
  KEY `main_submenu_menu_id_0a3daf3f_fk_main_menu_id` (`menu_id`),
  CONSTRAINT `main_submenu_menu_id_0a3daf3f_fk_main_menu_id` FOREIGN KEY (`menu_id`) REFERENCES `main_menu` (`id`)
) ENGINE=InnoDB AUTO_INCREMENT=62 DEFAULT CHARSET=utf8mb4 COLLATE=utf8mb4_general_ci;
/*!40101 SET character_set_client = @saved_cs_client */;

--
-- Dumping data for table `main_submenu`
--

LOCK TABLES `main_submenu` WRITE;
/*!40000 ALTER TABLE `main_submenu` DISABLE KEYS */;
INSERT INTO `main_submenu` VALUES (1,'Paspor Baru','2023-05-29 03:34:25.213998','paspor-baru',2),(2,'Penyerahan Paspor','2023-05-29 03:34:37.551817','penyerahan-paspor',2),(3,'Pergantian Paspor','2023-05-29 03:34:52.213018','pergantian-paspor',2),(4,'Pergantian Paspor Hilang/Rusak','2023-05-29 03:35:09.723998','pergantian-paspor-hilang-rusak',2),(5,'Perpanjang Visa Kunjungan Saat Kedatangan','2023-05-29 03:35:57.162504','perpanjang-visa-kunjungan-saat-kedatangan',3),(6,'Izin Tinggal Kunjungan','2023-05-29 03:36:11.394849','izin-tinggal-kunjungan',3),(7,'Izin Tinggal Terbatas','2023-05-29 03:36:23.549111','izin-tinggal-terbatas',3),(8,'Izin Masuk Kembali','2023-05-29 03:36:39.355410','izin-masuk-kembali',3),(9,'Izin Tinggal Tetap','2023-05-29 03:36:49.606460','izin-tinggal-tetap',3),(10,'Alih Status Izin Tinggal','2023-05-29 03:37:02.343980','alih-status-izin-tinggal',3),(11,'Perubahan Alamat','2023-05-29 03:37:11.532844','perubahan-alamat',3),(12,'Pendaftaran Anak Berkewarganegaraan Ganda dan Fasilitas Keimigrasian (Ganda Terbatas)','2023-05-29 03:37:42.101827','pendaftaran-anak-berkewarganegaraan-ganda',3),(14,'Kantor Imigrasi Cilegon','2023-05-29 03:38:17.030159','kantor-imigrasi-cilegon',5),(15,'Kemenkumham Republik Indonesia','2023-05-29 03:38:38.081072','kemenkumham-republik-indonesia',5),(16,'Kemenkumham Kanwil Banten','2023-05-29 03:38:54.374042','kemenkumham-kanwil-banten',5),(17,'Daftar Isian Pelaksanaan Anggaran','2023-05-29 03:39:14.661679','daftar-isian-pelaksanaan-anggaran',6),(18,'Laporan Akuntabilitas Kinerja','2023-05-29 03:39:36.393052','laporan-akuntabilitas-kinerja',6),(19,'Laporan Pelayanan','2023-05-29 03:39:54.152240','laporan-pelayanan',7),(20,'IPK dan IKM','2023-05-29 03:40:06.945893','ipk-dan-ikm',7),(21,'Sejarah Imigrasi','2023-05-29 03:40:22.451908','sejarah-imigrasi',8),(22,'Sejarah Kantor','2023-05-29 03:40:34.072923','sejarah-kantor',8),(23,'Visi dan Misi','2023-05-29 03:40:43.278856','visi-dan-misi',8),(24,'Struktur Organisasi','2023-05-29 03:40:55.155271','struktur-organisasi',8),(25,'Tugas dan Fungsi','2023-05-29 03:41:09.250262','tugas-dan-funsi',8),(26,'Wilayah Kerja','2023-05-29 03:41:17.550220','wilayah-kerja',8),(27,'Kakanim dari Waktu','2023-05-29 03:41:36.448495','kakanim-dari-waktu',8),(28,'Foto','2023-05-29 03:41:51.754950','foto',9),(29,'VIdeo','2023-05-29 03:41:59.534361','video',9),(30,'Dasar Hukum PPID','2023-05-29 03:43:01.253137','dasar-hukum-ppid',10),(31,'SK Penetapan PPID','2023-05-29 03:43:16.566953','sk-penetapan-ppid',10),(32,'Struktur PPID','2023-05-29 03:43:27.633385','struktur-ppid',10),(33,'Tugas dan Fungsi PPID','2023-05-29 03:45:03.434112','tugas-dan-fungsi-ppid',10),(34,'Standar Pelayanan Informasi','2023-05-29 03:45:27.554993','standar-pelayanan-informasi',10),(35,'Kegiatan Tata kelola Informasi Publik','2023-05-29 03:46:23.970774','kegiatan-tata-kelola-informasi-publik',10),(36,'SK Informasi yang Dikecualikan','2023-05-29 03:56:30.258021','sk-informasi-yang-dikecualikan',10),(37,'Daftar Informasi Publik','2023-05-29 03:56:45.118841','daftar-informasi-publik',10),(38,'Informasi Berkala','2023-05-29 03:56:56.718837','informasi-berkala',10),(39,'Informasi Setiap Saat','2023-05-29 03:57:09.524382','informasi-setiap-saat',10),(40,'Informasi Serta Merta','2023-05-29 03:57:19.861309','informasi-serta-merta',10),(41,'Informasi Dikecualikan','2023-05-29 03:57:29.365276','informasi-dikecualikan',10),(42,'Profile PPID','2023-05-29 03:57:37.536672','profile-ppid',10),(43,'Form Permintaan Informasi & Pernyataan Kebenaran','2023-05-29 03:58:04.833381','form-permintaan-informasi-dan-pernyataan-kebenaran',10),(44,'Dokumen Perjalanan Republik Indonesia','2023-05-29 11:27:20.338672','dokumen-perjalanan-republik-indonesia',12),(45,'Visa Kunjungan','2023-05-29 11:27:35.986326','visa-kunjungan',13),(46,'Visa Tinggal Terbatas','2023-05-29 11:27:48.228837','visa-tinggal-terbatas',13),(47,'Izin Kunjungan','2023-05-29 11:28:00.177243','izin-kunjungan',14),(48,'Izin Tinggal Tetap','2023-05-29 11:28:14.521471','izin-tinggal-tetap',14),(49,'Izin Masuk Kembali (Re-Entry Permit)','2023-05-29 11:28:32.311065','izin-masuk-kembali',14),(50,'Biaya Beban','2023-05-29 11:28:42.925813','biaya-beban',15),(51,'Smart Card','2023-05-29 11:28:54.416125','smart-card',15),(52,'Kartu Perjalanan Pebisnis Asia Pacific Economic Cooperation (KPP APEC)/APEC Business Travel Card (ABTC)','2023-05-29 11:29:45.105107','kartu-perjalanan-pebisnis-asia',15),(53,'Fasilitas Keimigrasian (Afidavit) Bagi Anak Berkewarganegaraan Ganda','2023-05-29 11:30:13.390497','fasilitas-keimigrasian',15),(54,'Surat Keterangan Keimigrasian','2023-05-29 11:30:27.862528','surat-keterangan-keimigrasian',15),(55,'Izin Tinggal Terbatas','2023-05-29 11:32:56.084681','izin-tinggal-terbatas',14),(56,'Dasar Hukum Pembentukan TIMPORA','2023-05-30 08:26:44.943144','dasar-hukum-pembentukan-timpora',16),(57,'Pengertian','2023-05-30 08:27:36.883253','pengertian',17),(58,'6 Area Perubahan','2023-05-30 08:27:51.537037','6-area-perubahan',17),(59,'Dokumentasi Kegiatan PZI','2023-05-30 08:28:15.231632','dokumentasi-kegiatan-pzi',17),(60,'Jingle Kantor Imigrasi Kelas II TPI Cilegon','2023-05-30 08:28:40.369168','jingle-kantor-imigrasi-kelas-ii-tpi-cilegon',17),(61,'Paparan WBK (Zona Integritas) Tahun 2022','2023-05-30 08:29:01.329929','paparan-wbk-2022',17);
/*!40000 ALTER TABLE `main_submenu` ENABLE KEYS */;
UNLOCK TABLES;

--
-- Table structure for table `main_visidanmisi`
--

DROP TABLE IF EXISTS `main_visidanmisi`;
/*!40101 SET @saved_cs_client     = @@character_set_client */;
/*!40101 SET character_set_client = utf8 */;
CREATE TABLE `main_visidanmisi` (
  `id` bigint(20) NOT NULL AUTO_INCREMENT,
  `visi` varchar(200) NOT NULL,
  `misi` longtext NOT NULL,
  `moto_1` varchar(50) NOT NULL,
  `moto_2` varchar(50) NOT NULL,
  `moto_3` varchar(50) NOT NULL,
  `tata_nilai_profesional` varchar(300) NOT NULL,
  `tata_nilai_akuntabel` varchar(300) NOT NULL,
  `tata_nilai_sinergi` varchar(300) NOT NULL,
  `tata_nilai_transparan` varchar(300) NOT NULL,
  `tata_nilai_inovarif` varchar(300) NOT NULL,
  PRIMARY KEY (`id`)
) ENGINE=InnoDB AUTO_INCREMENT=2 DEFAULT CHARSET=utf8mb4 COLLATE=utf8mb4_general_ci;
/*!40101 SET character_set_client = @saved_cs_client */;

--
-- Dumping data for table `main_visidanmisi`
--

LOCK TABLES `main_visidanmisi` WRITE;
/*!40000 ALTER TABLE `main_visidanmisi` DISABLE KEYS */;
INSERT INTO `main_visidanmisi` VALUES (1,'Masyarakat Memperoleh Kepastian Hukum','<ol>\r\n	<li>Mewujudkan Peraturan Perundang-Undangan Yang Berkualitas;</li>\r\n	<li>Mewujudkan Pelayanan Hukum Yang Berkualitas;</li>\r\n	<li>Mewujudkan Penegakan Hukum Yang Berkualitas;</li>\r\n	<li>Mewujudkan Penghormatan, Pemenuhan Dan ;Perlindungan HAM;</li>\r\n	<li>Mewujudkan Layanan Manajemen Administrasi Kementrian Hukum dan HAM; Serta</li>\r\n	<li>Mewujudkan Aparatur Kementrian Hukum dan HAM yang Profesional Dan Berintegritas</li>\r\n</ol>','Ramah dan Pasti','Janji Layanan','Kepastian Persyaratan','Kementerian Hukum dan HAM menjunjung tinggi tata nilai kami \"P-A-S-T-I\"','Setiap kegiatan dalam rangka penyelenggaraan pemerintah dapat dipertanggungjawabkan kepada masyarakat sesuai dengan ketentuan atau peraturan yang berlaku','Komitmen untuk membangun dan memastikan hubungan kerjasama yang produktif serta kemitraan yang harmonis dengan para pemangku kepentingan untuk menemukan dan melaksanakan solusi terbaik, bermanfaat, dan berkualitas','Kementerian Hukum dan HAM menjamin akses atau kebebasan bagi setiap orang untuk memperoleh informasi tentang penyelenggaraan pemerintahan, yakni informasi tentang kebijakan, proses pembuatan dan pelaksanaannya, serta hasil-hasil yang dicapai','Kementerian Hukum dan HAM mendukung kreatifitas dan mengembangkan inisiatif untuk selalu melakukan pembaharuan dalam penyelenggaraan tugas dan fungsinya.');
/*!40000 ALTER TABLE `main_visidanmisi` ENABLE KEYS */;
UNLOCK TABLES;

--
-- Table structure for table `main_youtubevideo`
--

DROP TABLE IF EXISTS `main_youtubevideo`;
/*!40101 SET @saved_cs_client     = @@character_set_client */;
/*!40101 SET character_set_client = utf8 */;
CREATE TABLE `main_youtubevideo` (
  `id` bigint(20) NOT NULL AUTO_INCREMENT,
  `video_title` varchar(200) NOT NULL,
  `url` varchar(200) NOT NULL,
  `image_url` varchar(200) NOT NULL,
  `create_at` datetime(6) NOT NULL,
  `youtube_category` varchar(50) NOT NULL,
  PRIMARY KEY (`id`)
) ENGINE=InnoDB AUTO_INCREMENT=8 DEFAULT CHARSET=utf8mb4 COLLATE=utf8mb4_general_ci;
/*!40101 SET character_set_client = @saved_cs_client */;

--
-- Dumping data for table `main_youtubevideo`
--

LOCK TABLES `main_youtubevideo` WRITE;
/*!40000 ALTER TABLE `main_youtubevideo` DISABLE KEYS */;
INSERT INTO `main_youtubevideo` VALUES (1,'Aplikasi Pendaftaran Paspor Melalui M-Paspor Kantor Imigrasi Kelas II TPI Cilegon','https://www.youtube.com/watch?v=DeeSDf8QyeU','https://img.youtube.com/vi/DeeSDf8QyeU/0.jpg','2023-05-29 04:26:26.790365','2023-05-30 13:29:35.161454+00:00'),(2,'PERESMIAN RUANG DETENI GEDUNG SEKSI INTELIJEN DAN PENINDAKAN KEIMIGRASIAN KANTOR IMIGRASI CILEGON','https://www.youtube.com/watch?v=hDLRtLZtdXY','https://img.youtube.com/vi/hDLRtLZtdXY/0.jpg','2023-05-29 04:26:53.299271','2023-05-30 13:29:35.161454+00:00'),(3,'Pegawai Kantor Imigrasi Cilegon antusias mengikuti Sosialisasi M-Paspor','https://www.youtube.com/watch?v=5c1Eq7O6ET4','https://img.youtube.com/vi/5c1Eq7O6ET4/0.jpg','2023-05-29 04:27:09.786320','2023-05-30 13:29:35.161454+00:00'),(4,'Tutorial Penggunaan Aplikasi Mobile Paspor ( M-Paspor)','https://www.youtube.com/watch?v=6_Wduu9bOSE','https://img.youtube.com/vi/6_Wduu9bOSE/0.jpg','2023-05-29 04:27:26.527028','2023-05-30 13:29:35.161454+00:00'),(5,'Sosialisasi Keimigrasian di Wilayah kerja Kantor Imigrasi Kelas II TPI Cilegon','https://www.youtube.com/watch?v=jXWWImd2Row','https://img.youtube.com/vi/jXWWImd2Row/0.jpg','2023-05-29 04:27:43.112720','STANDAR'),(6,'Jingle Kantor Imigrasi Cilegon \'Menggapai Asa\'','https://www.youtube.com/watch?v=RGofCJ0OTzg','https://img.youtube.com/vi/RGofCJ0OTzg/0.jpg','2023-05-30 13:31:27.237761','JINGLE'),(7,'Paparan Zona Integritas','https://www.youtube.com/watch?v=9vrByf4JJxw','https://img.youtube.com/vi/9vrByf4JJxw/0.jpg','2023-05-30 13:32:37.379755','ZONA_INTEGRITAS');
/*!40000 ALTER TABLE `main_youtubevideo` ENABLE KEYS */;
UNLOCK TABLES;
/*!40103 SET TIME_ZONE=@OLD_TIME_ZONE */;

/*!40101 SET SQL_MODE=@OLD_SQL_MODE */;
/*!40014 SET FOREIGN_KEY_CHECKS=@OLD_FOREIGN_KEY_CHECKS */;
/*!40014 SET UNIQUE_CHECKS=@OLD_UNIQUE_CHECKS */;
/*!40101 SET CHARACTER_SET_CLIENT=@OLD_CHARACTER_SET_CLIENT */;
/*!40101 SET CHARACTER_SET_RESULTS=@OLD_CHARACTER_SET_RESULTS */;
/*!40101 SET COLLATION_CONNECTION=@OLD_COLLATION_CONNECTION */;
/*!40111 SET SQL_NOTES=@OLD_SQL_NOTES */;

-- Dump completed on 2023-07-09 19:20:14
