-- MariaDB dump 10.19  Distrib 10.6.12-MariaDB, for debian-linux-gnu (x86_64)
--
-- Host: localhost    Database: kanimcilegonnew
-- ------------------------------------------------------
-- Server version	10.6.12-MariaDB-0ubuntu0.22.04.1

/*!40101 SET @OLD_CHARACTER_SET_CLIENT=@@CHARACTER_SET_CLIENT */;
/*!40101 SET @OLD_CHARACTER_SET_RESULTS=@@CHARACTER_SET_RESULTS */;
/*!40101 SET @OLD_COLLATION_CONNECTION=@@COLLATION_CONNECTION */;
/*!40101 SET NAMES utf8mb4 */;
/*!40103 SET @OLD_TIME_ZONE=@@TIME_ZONE */;
/*!40103 SET TIME_ZONE='+00:00' */;
/*!40014 SET @OLD_UNIQUE_CHECKS=@@UNIQUE_CHECKS, UNIQUE_CHECKS=0 */;
/*!40014 SET @OLD_FOREIGN_KEY_CHECKS=@@FOREIGN_KEY_CHECKS, FOREIGN_KEY_CHECKS=0 */;
/*!40101 SET @OLD_SQL_MODE=@@SQL_MODE, SQL_MODE='NO_AUTO_VALUE_ON_ZERO' */;
/*!40111 SET @OLD_SQL_NOTES=@@SQL_NOTES, SQL_NOTES=0 */;

--
-- Table structure for table `auth_group`
--

DROP TABLE IF EXISTS `auth_group`;
/*!40101 SET @saved_cs_client     = @@character_set_client */;
/*!40101 SET character_set_client = utf8 */;
CREATE TABLE `auth_group` (
  `id` int(11) NOT NULL AUTO_INCREMENT,
  `name` varchar(150) NOT NULL,
  PRIMARY KEY (`id`),
  UNIQUE KEY `name` (`name`)
) ENGINE=InnoDB AUTO_INCREMENT=2 DEFAULT CHARSET=utf8mb4 COLLATE=utf8mb4_general_ci;
/*!40101 SET character_set_client = @saved_cs_client */;

--
-- Dumping data for table `auth_group`
--

LOCK TABLES `auth_group` WRITE;
/*!40000 ALTER TABLE `auth_group` DISABLE KEYS */;
INSERT INTO `auth_group` VALUES (1,'admin');
/*!40000 ALTER TABLE `auth_group` ENABLE KEYS */;
UNLOCK TABLES;

--
-- Table structure for table `auth_group_permissions`
--

DROP TABLE IF EXISTS `auth_group_permissions`;
/*!40101 SET @saved_cs_client     = @@character_set_client */;
/*!40101 SET character_set_client = utf8 */;
CREATE TABLE `auth_group_permissions` (
  `id` bigint(20) NOT NULL AUTO_INCREMENT,
  `group_id` int(11) NOT NULL,
  `permission_id` int(11) NOT NULL,
  PRIMARY KEY (`id`),
  UNIQUE KEY `auth_group_permissions_group_id_permission_id_0cd325b0_uniq` (`group_id`,`permission_id`),
  KEY `auth_group_permissio_permission_id_84c5c92e_fk_auth_perm` (`permission_id`),
  CONSTRAINT `auth_group_permissio_permission_id_84c5c92e_fk_auth_perm` FOREIGN KEY (`permission_id`) REFERENCES `auth_permission` (`id`),
  CONSTRAINT `auth_group_permissions_group_id_b120cbf9_fk_auth_group_id` FOREIGN KEY (`group_id`) REFERENCES `auth_group` (`id`)
) ENGINE=InnoDB DEFAULT CHARSET=utf8mb4 COLLATE=utf8mb4_general_ci;
/*!40101 SET character_set_client = @saved_cs_client */;

--
-- Dumping data for table `auth_group_permissions`
--

LOCK TABLES `auth_group_permissions` WRITE;
/*!40000 ALTER TABLE `auth_group_permissions` DISABLE KEYS */;
/*!40000 ALTER TABLE `auth_group_permissions` ENABLE KEYS */;
UNLOCK TABLES;

--
-- Table structure for table `auth_permission`
--

DROP TABLE IF EXISTS `auth_permission`;
/*!40101 SET @saved_cs_client     = @@character_set_client */;
/*!40101 SET character_set_client = utf8 */;
CREATE TABLE `auth_permission` (
  `id` int(11) NOT NULL AUTO_INCREMENT,
  `name` varchar(255) NOT NULL,
  `content_type_id` int(11) NOT NULL,
  `codename` varchar(100) NOT NULL,
  PRIMARY KEY (`id`),
  UNIQUE KEY `auth_permission_content_type_id_codename_01ab375a_uniq` (`content_type_id`,`codename`),
  CONSTRAINT `auth_permission_content_type_id_2f476e4b_fk_django_co` FOREIGN KEY (`content_type_id`) REFERENCES `django_content_type` (`id`)
) ENGINE=InnoDB AUTO_INCREMENT=105 DEFAULT CHARSET=utf8mb4 COLLATE=utf8mb4_general_ci;
/*!40101 SET character_set_client = @saved_cs_client */;

--
-- Dumping data for table `auth_permission`
--

LOCK TABLES `auth_permission` WRITE;
/*!40000 ALTER TABLE `auth_permission` DISABLE KEYS */;
INSERT INTO `auth_permission` VALUES (1,'Can add log entry',1,'add_logentry'),(2,'Can change log entry',1,'change_logentry'),(3,'Can delete log entry',1,'delete_logentry'),(4,'Can view log entry',1,'view_logentry'),(5,'Can add permission',2,'add_permission'),(6,'Can change permission',2,'change_permission'),(7,'Can delete permission',2,'delete_permission'),(8,'Can view permission',2,'view_permission'),(9,'Can add group',3,'add_group'),(10,'Can change group',3,'change_group'),(11,'Can delete group',3,'delete_group'),(12,'Can view group',3,'view_group'),(13,'Can add user',4,'add_user'),(14,'Can change user',4,'change_user'),(15,'Can delete user',4,'delete_user'),(16,'Can view user',4,'view_user'),(17,'Can add content type',5,'add_contenttype'),(18,'Can change content type',5,'change_contenttype'),(19,'Can delete content type',5,'delete_contenttype'),(20,'Can view content type',5,'view_contenttype'),(21,'Can add session',6,'add_session'),(22,'Can change session',6,'change_session'),(23,'Can delete session',6,'delete_session'),(24,'Can view session',6,'view_session'),(25,'Can add berita',7,'add_berita'),(26,'Can change berita',7,'change_berita'),(27,'Can delete berita',7,'delete_berita'),(28,'Can view berita',7,'view_berita'),(29,'Can add file arsip dan dokumen',8,'add_filearsipdandokumen'),(30,'Can change file arsip dan dokumen',8,'change_filearsipdandokumen'),(31,'Can delete file arsip dan dokumen',8,'delete_filearsipdandokumen'),(32,'Can view file arsip dan dokumen',8,'view_filearsipdandokumen'),(33,'Can add foto galeri',9,'add_fotogaleri'),(34,'Can change foto galeri',9,'change_fotogaleri'),(35,'Can delete foto galeri',9,'delete_fotogaleri'),(36,'Can view foto galeri',9,'view_fotogaleri'),(37,'Can add main menu',10,'add_mainmenu'),(38,'Can change main menu',10,'change_mainmenu'),(39,'Can delete main menu',10,'delete_mainmenu'),(40,'Can view main menu',10,'view_mainmenu'),(41,'Can add menu',11,'add_menu'),(42,'Can change menu',11,'change_menu'),(43,'Can delete menu',11,'delete_menu'),(44,'Can view menu',11,'view_menu'),(45,'Can add youtube video',12,'add_youtubevideo'),(46,'Can change youtube video',12,'change_youtubevideo'),(47,'Can delete youtube video',12,'delete_youtubevideo'),(48,'Can view youtube video',12,'view_youtubevideo'),(49,'Can add content',13,'add_content'),(50,'Can change content',13,'change_content'),(51,'Can delete content',13,'delete_content'),(52,'Can view content',13,'view_content'),(53,'Can add sub menu',14,'add_submenu'),(54,'Can change sub menu',14,'change_submenu'),(55,'Can delete sub menu',14,'delete_submenu'),(56,'Can view sub menu',14,'view_submenu'),(57,'Can add berita image',15,'add_beritaimage'),(58,'Can change berita image',15,'change_beritaimage'),(59,'Can delete berita image',15,'delete_beritaimage'),(60,'Can view berita image',15,'view_beritaimage'),(61,'Can add kakanim',16,'add_kakanim'),(62,'Can change kakanim',16,'change_kakanim'),(63,'Can delete kakanim',16,'delete_kakanim'),(64,'Can view kakanim',16,'view_kakanim'),(65,'Can add struktur organisasi',17,'add_strukturorganisasi'),(66,'Can change struktur organisasi',17,'change_strukturorganisasi'),(67,'Can delete struktur organisasi',17,'delete_strukturorganisasi'),(68,'Can view struktur organisasi',17,'view_strukturorganisasi'),(69,'Can add visi dan misi',18,'add_visidanmisi'),(70,'Can change visi dan misi',18,'change_visidanmisi'),(71,'Can delete visi dan misi',18,'delete_visidanmisi'),(72,'Can view visi dan misi',18,'view_visidanmisi'),(73,'Can add list perusahaan dan penginapan wilayah kerja',19,'add_listperusahaandanpenginapanwilayahkerja'),(74,'Can change list perusahaan dan penginapan wilayah kerja',19,'change_listperusahaandanpenginapanwilayahkerja'),(75,'Can delete list perusahaan dan penginapan wilayah kerja',19,'delete_listperusahaandanpenginapanwilayahkerja'),(76,'Can view list perusahaan dan penginapan wilayah kerja',19,'view_listperusahaandanpenginapanwilayahkerja'),(77,'Can add index kepuasan masyarakat',20,'add_indexkepuasanmasyarakat'),(78,'Can change index kepuasan masyarakat',20,'change_indexkepuasanmasyarakat'),(79,'Can delete index kepuasan masyarakat',20,'delete_indexkepuasanmasyarakat'),(80,'Can view index kepuasan masyarakat',20,'view_indexkepuasanmasyarakat'),(81,'Can add index persepsi korupsi',21,'add_indexpersepsikorupsi'),(82,'Can change index persepsi korupsi',21,'change_indexpersepsikorupsi'),(83,'Can delete index persepsi korupsi',21,'delete_indexpersepsikorupsi'),(84,'Can view index persepsi korupsi',21,'view_indexpersepsikorupsi'),(85,'Can add laporan pelayanan wna',22,'add_laporanpelayananwna'),(86,'Can change laporan pelayanan wna',22,'change_laporanpelayananwna'),(87,'Can delete laporan pelayanan wna',22,'delete_laporanpelayananwna'),(88,'Can view laporan pelayanan wna',22,'view_laporanpelayananwna'),(89,'Can add laporan pelayanan wni',23,'add_laporanpelayananwni'),(90,'Can change laporan pelayanan wni',23,'change_laporanpelayananwni'),(91,'Can delete laporan pelayanan wni',23,'delete_laporanpelayananwni'),(92,'Can view laporan pelayanan wni',23,'view_laporanpelayananwni'),(93,'Can add ip kand ikm',24,'add_ipkandikm'),(94,'Can change ip kand ikm',24,'change_ipkandikm'),(95,'Can delete ip kand ikm',24,'delete_ipkandikm'),(96,'Can view ip kand ikm',24,'view_ipkandikm'),(97,'Can add index survey',25,'add_indexsurvey'),(98,'Can change index survey',25,'change_indexsurvey'),(99,'Can delete index survey',25,'delete_indexsurvey'),(100,'Can view index survey',25,'view_indexsurvey'),(101,'Can add ip kand ikm survey',26,'add_ipkandikmsurvey'),(102,'Can change ip kand ikm survey',26,'change_ipkandikmsurvey'),(103,'Can delete ip kand ikm survey',26,'delete_ipkandikmsurvey'),(104,'Can view ip kand ikm survey',26,'view_ipkandikmsurvey');
/*!40000 ALTER TABLE `auth_permission` ENABLE KEYS */;
UNLOCK TABLES;

--
-- Table structure for table `auth_user`
--

DROP TABLE IF EXISTS `auth_user`;
/*!40101 SET @saved_cs_client     = @@character_set_client */;
/*!40101 SET character_set_client = utf8 */;
CREATE TABLE `auth_user` (
  `id` int(11) NOT NULL AUTO_INCREMENT,
  `password` varchar(128) NOT NULL,
  `last_login` datetime(6) DEFAULT NULL,
  `is_superuser` tinyint(1) NOT NULL,
  `username` varchar(150) NOT NULL,
  `first_name` varchar(150) NOT NULL,
  `last_name` varchar(150) NOT NULL,
  `email` varchar(254) NOT NULL,
  `is_staff` tinyint(1) NOT NULL,
  `is_active` tinyint(1) NOT NULL,
  `date_joined` datetime(6) NOT NULL,
  PRIMARY KEY (`id`),
  UNIQUE KEY `username` (`username`)
) ENGINE=InnoDB AUTO_INCREMENT=5 DEFAULT CHARSET=utf8mb4 COLLATE=utf8mb4_general_ci;
/*!40101 SET character_set_client = @saved_cs_client */;

--
-- Dumping data for table `auth_user`
--

LOCK TABLES `auth_user` WRITE;
/*!40000 ALTER TABLE `auth_user` DISABLE KEYS */;
INSERT INTO `auth_user` VALUES (1,'pbkdf2_sha256$600000$w5enMBF4UHpnkvOIE7NalX$jWpT2beIbq9SitmliZZWkZPlBWkiYPjiRVK3K87e/C4=','2023-10-25 07:11:08.740779',1,'admin','','','',1,1,'2023-05-28 23:40:28.306781'),(2,'pbkdf2_sha256$600000$zQqIsfmYkfzdLg8s2SmtUW$73/aessUSW/fgY8dRXGYsmki4uat2Ud5NQV6cDKfNXs=',NULL,0,'admin2','','','',0,1,'2023-07-13 02:21:45.698263'),(4,'pbkdf2_sha256$600000$4RPR7SE93snE7AnCNAA0CA$IRLoJk+XekZZWWtp3ezpe30ZbHRYOL3feplP9DPN1lg=',NULL,0,'administrator','','','',0,1,'2023-08-02 12:35:09.205884');
/*!40000 ALTER TABLE `auth_user` ENABLE KEYS */;
UNLOCK TABLES;

--
-- Table structure for table `auth_user_groups`
--

DROP TABLE IF EXISTS `auth_user_groups`;
/*!40101 SET @saved_cs_client     = @@character_set_client */;
/*!40101 SET character_set_client = utf8 */;
CREATE TABLE `auth_user_groups` (
  `id` bigint(20) NOT NULL AUTO_INCREMENT,
  `user_id` int(11) NOT NULL,
  `group_id` int(11) NOT NULL,
  PRIMARY KEY (`id`),
  UNIQUE KEY `auth_user_groups_user_id_group_id_94350c0c_uniq` (`user_id`,`group_id`),
  KEY `auth_user_groups_group_id_97559544_fk_auth_group_id` (`group_id`),
  CONSTRAINT `auth_user_groups_group_id_97559544_fk_auth_group_id` FOREIGN KEY (`group_id`) REFERENCES `auth_group` (`id`),
  CONSTRAINT `auth_user_groups_user_id_6a12ed8b_fk_auth_user_id` FOREIGN KEY (`user_id`) REFERENCES `auth_user` (`id`)
) ENGINE=InnoDB DEFAULT CHARSET=utf8mb4 COLLATE=utf8mb4_general_ci;
/*!40101 SET character_set_client = @saved_cs_client */;

--
-- Dumping data for table `auth_user_groups`
--

LOCK TABLES `auth_user_groups` WRITE;
/*!40000 ALTER TABLE `auth_user_groups` DISABLE KEYS */;
/*!40000 ALTER TABLE `auth_user_groups` ENABLE KEYS */;
UNLOCK TABLES;

--
-- Table structure for table `auth_user_user_permissions`
--

DROP TABLE IF EXISTS `auth_user_user_permissions`;
/*!40101 SET @saved_cs_client     = @@character_set_client */;
/*!40101 SET character_set_client = utf8 */;
CREATE TABLE `auth_user_user_permissions` (
  `id` bigint(20) NOT NULL AUTO_INCREMENT,
  `user_id` int(11) NOT NULL,
  `permission_id` int(11) NOT NULL,
  PRIMARY KEY (`id`),
  UNIQUE KEY `auth_user_user_permissions_user_id_permission_id_14a6b632_uniq` (`user_id`,`permission_id`),
  KEY `auth_user_user_permi_permission_id_1fbb5f2c_fk_auth_perm` (`permission_id`),
  CONSTRAINT `auth_user_user_permi_permission_id_1fbb5f2c_fk_auth_perm` FOREIGN KEY (`permission_id`) REFERENCES `auth_permission` (`id`),
  CONSTRAINT `auth_user_user_permissions_user_id_a95ead1b_fk_auth_user_id` FOREIGN KEY (`user_id`) REFERENCES `auth_user` (`id`)
) ENGINE=InnoDB DEFAULT CHARSET=utf8mb4 COLLATE=utf8mb4_general_ci;
/*!40101 SET character_set_client = @saved_cs_client */;

--
-- Dumping data for table `auth_user_user_permissions`
--

LOCK TABLES `auth_user_user_permissions` WRITE;
/*!40000 ALTER TABLE `auth_user_user_permissions` DISABLE KEYS */;
/*!40000 ALTER TABLE `auth_user_user_permissions` ENABLE KEYS */;
UNLOCK TABLES;

--
-- Table structure for table `django_admin_log`
--

DROP TABLE IF EXISTS `django_admin_log`;
/*!40101 SET @saved_cs_client     = @@character_set_client */;
/*!40101 SET character_set_client = utf8 */;
CREATE TABLE `django_admin_log` (
  `id` int(11) NOT NULL AUTO_INCREMENT,
  `action_time` datetime(6) NOT NULL,
  `object_id` longtext DEFAULT NULL,
  `object_repr` varchar(200) NOT NULL,
  `action_flag` smallint(5) unsigned NOT NULL CHECK (`action_flag` >= 0),
  `change_message` longtext NOT NULL,
  `content_type_id` int(11) DEFAULT NULL,
  `user_id` int(11) NOT NULL,
  PRIMARY KEY (`id`),
  KEY `django_admin_log_content_type_id_c4bce8eb_fk_django_co` (`content_type_id`),
  KEY `django_admin_log_user_id_c564eba6_fk_auth_user_id` (`user_id`),
  CONSTRAINT `django_admin_log_content_type_id_c4bce8eb_fk_django_co` FOREIGN KEY (`content_type_id`) REFERENCES `django_content_type` (`id`),
  CONSTRAINT `django_admin_log_user_id_c564eba6_fk_auth_user_id` FOREIGN KEY (`user_id`) REFERENCES `auth_user` (`id`)
) ENGINE=InnoDB AUTO_INCREMENT=594 DEFAULT CHARSET=utf8mb4 COLLATE=utf8mb4_general_ci;
/*!40101 SET character_set_client = @saved_cs_client */;

--
-- Dumping data for table `django_admin_log`
--

LOCK TABLES `django_admin_log` WRITE;
/*!40000 ALTER TABLE `django_admin_log` DISABLE KEYS */;
INSERT INTO `django_admin_log` VALUES (1,'2023-05-29 03:30:03.164441','1','Beranda',1,'[{\"added\": {}}]',10,1),(2,'2023-05-29 03:30:11.140334','2','Layanan Imigrasi',1,'[{\"added\": {}}]',10,1),(3,'2023-05-29 03:30:21.569184','3','Informasi Publik',1,'[{\"added\": {}}]',10,1),(4,'2023-05-29 03:30:28.548495','4','Profile',1,'[{\"added\": {}}]',10,1),(5,'2023-05-29 03:30:32.371918','5','PPID',1,'[{\"added\": {}}]',10,1),(6,'2023-05-29 03:31:53.942977','2','Warga Negara Indoesia',1,'[{\"added\": {}}]',11,1),(7,'2023-05-29 03:32:29.612005','3','Warga Negara Asing',1,'[{\"added\": {}}]',11,1),(8,'2023-05-29 03:32:45.108455','4','Informasi Publik',1,'[{\"added\": {}}]',11,1),(9,'2023-05-29 03:32:52.904916','5','Berita',1,'[{\"added\": {}}]',11,1),(10,'2023-05-29 03:33:01.942648','6','Arsip dan Dokumen',1,'[{\"added\": {}}]',11,1),(11,'2023-05-29 03:33:09.055021','7','Dasbor Publik',1,'[{\"added\": {}}]',11,1),(12,'2023-05-29 03:33:42.061632','8','Profile',1,'[{\"added\": {}}]',11,1),(13,'2023-05-29 03:33:47.758289','9','Galeri',1,'[{\"added\": {}}]',11,1),(14,'2023-05-29 03:33:58.443896','10','PPID',1,'[{\"added\": {}}]',11,1),(15,'2023-05-29 03:34:25.214561','1','Paspor Baru',1,'[{\"added\": {}}]',14,1),(16,'2023-05-29 03:34:37.552440','2','Penyerahan Paspor',1,'[{\"added\": {}}]',14,1),(17,'2023-05-29 03:34:52.213823','3','Pergantian Paspor',1,'[{\"added\": {}}]',14,1),(18,'2023-05-29 03:35:09.724692','4','Pergantian Paspor Hilang/Rusak',1,'[{\"added\": {}}]',14,1),(19,'2023-05-29 03:35:57.163151','5','Perpanjang Visa Kunjungan Saat Kedatangan',1,'[{\"added\": {}}]',14,1),(20,'2023-05-29 03:36:11.395482','6','Izin Tinggal Kunjungan',1,'[{\"added\": {}}]',14,1),(21,'2023-05-29 03:36:23.549706','7','Izin Tinggal Terbatas',1,'[{\"added\": {}}]',14,1),(22,'2023-05-29 03:36:39.356102','8','Izin Masuk Kembali',1,'[{\"added\": {}}]',14,1),(23,'2023-05-29 03:36:49.607016','9','Izin Tinggal Tetap',1,'[{\"added\": {}}]',14,1),(24,'2023-05-29 03:37:02.344545','10','Alih Status Izin Tinggal',1,'[{\"added\": {}}]',14,1),(25,'2023-05-29 03:37:11.533454','11','Perubahan Alamat',1,'[{\"added\": {}}]',14,1),(26,'2023-05-29 03:37:42.102404','12','Pendaftaran Anak Berkewarganegaraan Ganda dan Fasilitas Keimigrasian (Ganda Terbatas)',1,'[{\"added\": {}}]',14,1),(27,'2023-05-29 03:38:02.378788','13','Biaya Keimigrasian',1,'[{\"added\": {}}]',14,1),(28,'2023-05-29 03:38:17.030811','14','Kantor Imigrasi Cilegon',1,'[{\"added\": {}}]',14,1),(29,'2023-05-29 03:38:38.081672','15','Kemenkumham Republik Indonesia',1,'[{\"added\": {}}]',14,1),(30,'2023-05-29 03:38:54.374609','16','Kemenkumham Kanwil Banten',1,'[{\"added\": {}}]',14,1),(31,'2023-05-29 03:39:14.662399','17','Daftar Isian Pelaksanaan Anggaran',1,'[{\"added\": {}}]',14,1),(32,'2023-05-29 03:39:36.393563','18','Laporan Akuntabilitas Kinerja',1,'[{\"added\": {}}]',14,1),(33,'2023-05-29 03:39:41.413942','18','Laporan Akuntabilitas Kinerja',2,'[{\"changed\": {\"fields\": [\"Menu\"]}}]',14,1),(34,'2023-05-29 03:39:54.152839','19','Laporan Pelayanan',1,'[{\"added\": {}}]',14,1),(35,'2023-05-29 03:40:06.946484','20','IPK dan IKM',1,'[{\"added\": {}}]',14,1),(36,'2023-05-29 03:40:22.452456','21','Sejarah Imigrasi',1,'[{\"added\": {}}]',14,1),(37,'2023-05-29 03:40:34.073451','22','Sejarah Kantor',1,'[{\"added\": {}}]',14,1),(38,'2023-05-29 03:40:43.279527','23','Visi dan Misi',1,'[{\"added\": {}}]',14,1),(39,'2023-05-29 03:40:55.155838','24','Struktur Organisasi',1,'[{\"added\": {}}]',14,1),(40,'2023-05-29 03:41:09.250788','25','Tugas dan Fungsi',1,'[{\"added\": {}}]',14,1),(41,'2023-05-29 03:41:17.550794','26','Wilayah Kerja',1,'[{\"added\": {}}]',14,1),(42,'2023-05-29 03:41:36.449095','27','Kakanim dari Waktu',1,'[{\"added\": {}}]',14,1),(43,'2023-05-29 03:41:51.755472','28','Foto',1,'[{\"added\": {}}]',14,1),(44,'2023-05-29 03:41:59.534936','29','VIdeo',1,'[{\"added\": {}}]',14,1),(45,'2023-05-29 03:43:01.253629','30','Dasar Hukum PPID',1,'[{\"added\": {}}]',14,1),(46,'2023-05-29 03:43:16.567596','31','SK Penetapan PPID',1,'[{\"added\": {}}]',14,1),(47,'2023-05-29 03:43:27.633967','32','Struktur PPID',1,'[{\"added\": {}}]',14,1),(48,'2023-05-29 03:45:03.434805','33','Tugas dan Fungsi PPID',1,'[{\"added\": {}}]',14,1),(49,'2023-05-29 03:45:27.555520','34','Standar Pelayanan Informasi',1,'[{\"added\": {}}]',14,1),(50,'2023-05-29 03:46:23.971400','35','Kegiatan Tata kelola Informasi Publik',1,'[{\"added\": {}}]',14,1),(51,'2023-05-29 03:56:30.258856','36','SK Informasi yang Dikecualikan',1,'[{\"added\": {}}]',14,1),(52,'2023-05-29 03:56:45.119432','37','Daftar Informasi Publik',1,'[{\"added\": {}}]',14,1),(53,'2023-05-29 03:56:56.719406','38','Informasi Berkala',1,'[{\"added\": {}}]',14,1),(54,'2023-05-29 03:57:09.524888','39','Informasi Setiap Saat',1,'[{\"added\": {}}]',14,1),(55,'2023-05-29 03:57:19.861865','40','Informasi Serta Merta',1,'[{\"added\": {}}]',14,1),(56,'2023-05-29 03:57:29.365848','41','Informasi Dikecualikan',1,'[{\"added\": {}}]',14,1),(57,'2023-05-29 03:57:37.537335','42','Profile PPID',1,'[{\"added\": {}}]',14,1),(58,'2023-05-29 03:58:04.834127','43','Form Permintaan Informasi & Pernyataan Kebenaran',1,'[{\"added\": {}}]',14,1),(59,'2023-05-29 04:05:40.953720','2','Warga Negara Indonesia',2,'[{\"changed\": {\"fields\": [\"Menu name\"]}}]',11,1),(60,'2023-05-29 04:05:48.498055','3','Warga Negara Asing',2,'[]',11,1),(61,'2023-05-29 04:07:13.296947','1','FotoGaleri object (1)',1,'[{\"added\": {}}]',9,1),(62,'2023-05-29 04:07:25.061257','2','FotoGaleri object (2)',1,'[{\"added\": {}}]',9,1),(63,'2023-05-29 04:07:31.167011','3','FotoGaleri object (3)',1,'[{\"added\": {}}]',9,1),(64,'2023-05-29 04:07:36.335347','4','FotoGaleri object (4)',1,'[{\"added\": {}}]',9,1),(65,'2023-05-29 04:07:42.584034','5','FotoGaleri object (5)',1,'[{\"added\": {}}]',9,1),(66,'2023-05-29 04:07:50.022112','6','FotoGaleri object (6)',1,'[{\"added\": {}}]',9,1),(67,'2023-05-29 04:07:54.773380','7','FotoGaleri object (7)',1,'[{\"added\": {}}]',9,1),(68,'2023-05-29 04:08:05.744579','8','FotoGaleri object (8)',1,'[{\"added\": {}}]',9,1),(69,'2023-05-29 04:08:10.312476','9','FotoGaleri object (9)',1,'[{\"added\": {}}]',9,1),(70,'2023-05-29 04:08:16.388591','10','FotoGaleri object (10)',1,'[{\"added\": {}}]',9,1),(71,'2023-05-29 04:08:21.798105','11','FotoGaleri object (11)',1,'[{\"added\": {}}]',9,1),(72,'2023-05-29 04:08:27.082632','12','FotoGaleri object (12)',1,'[{\"added\": {}}]',9,1),(73,'2023-05-29 04:08:32.395227','13','FotoGaleri object (13)',1,'[{\"added\": {}}]',9,1),(74,'2023-05-29 04:08:37.462210','14','FotoGaleri object (14)',1,'[{\"added\": {}}]',9,1),(75,'2023-05-29 04:11:22.372202','1','Web Application Testing Example Test Cases: This is a complete Testing Checklist for both Web-based',1,'[{\"added\": {}}]',7,1),(76,'2023-05-29 04:11:35.451717','2','Make a testing checklist as an integral part of y',1,'[{\"added\": {}}]',7,1),(77,'2023-05-29 04:11:48.232186','3','Although this is a common checklist,',1,'[{\"added\": {}}]',7,1),(78,'2023-05-29 04:12:01.671491','4','Importance Of Using A Checklist For Testing',1,'[{\"added\": {}}]',7,1),(79,'2023-05-29 04:12:13.251495','5','Notes:',1,'[{\"added\": {}}]',7,1),(80,'2023-05-29 04:12:55.157154','1','Notes:',1,'[{\"added\": {}}]',15,1),(81,'2023-05-29 04:13:41.512662','5','Notes:',2,'[{\"changed\": {\"fields\": [\"Berita descrition\"]}}]',7,1),(82,'2023-05-29 04:14:01.474529','5','Notes:',2,'[{\"changed\": {\"fields\": [\"Berita descrition\"]}}]',7,1),(83,'2023-05-29 04:18:05.354665','2','Importance Of Using A Checklist For Testing',1,'[{\"added\": {}}]',15,1),(84,'2023-05-29 04:18:12.233429','3','Although this is a common checklist,',1,'[{\"added\": {}}]',15,1),(85,'2023-05-29 04:18:18.706021','4','Make a testing checklist as an integral part of y',1,'[{\"added\": {}}]',15,1),(86,'2023-05-29 04:18:28.454057','5','Web Application Testing Example Test Cases: This is a complete Testing Checklist for both Web-based',1,'[{\"added\": {}}]',15,1),(87,'2023-05-29 04:18:57.039739','6','Notes:',1,'[{\"added\": {}}]',15,1),(88,'2023-05-29 04:19:11.468193','7','Make a testing checklist as an integral part of y',1,'[{\"added\": {}}]',15,1),(89,'2023-05-29 04:19:19.357085','8','Although this is a common checklist,',1,'[{\"added\": {}}]',15,1),(90,'2023-05-29 04:26:26.791237','1','Aplikasi Pendaftaran Paspor Melalui M-Paspor Kantor Imigrasi Kelas II TPI Cilegon',1,'[{\"added\": {}}]',12,1),(91,'2023-05-29 04:26:53.299996','2','PERESMIAN RUANG DETENI GEDUNG SEKSI INTELIJEN DAN PENINDAKAN KEIMIGRASIAN KANTOR IMIGRASI CILEGON',1,'[{\"added\": {}}]',12,1),(92,'2023-05-29 04:27:09.786925','3','Pegawai Kantor Imigrasi Cilegon antusias mengikuti Sosialisasi M-Paspor',1,'[{\"added\": {}}]',12,1),(93,'2023-05-29 04:27:26.527718','4','Tutorial Penggunaan Aplikasi Mobile Paspor ( M-Paspor)',1,'[{\"added\": {}}]',12,1),(94,'2023-05-29 04:27:43.113447','5','Sosialisasi Keimigrasian di Wilayah kerja Kantor Imigrasi Kelas II TPI Cilegon',1,'[{\"added\": {}}]',12,1),(95,'2023-05-29 04:56:03.299496','1','Paspor Baru',1,'[{\"added\": {}}]',13,1),(96,'2023-05-29 06:30:25.046929','2','Cerpen',1,'[{\"added\": {}}]',13,1),(97,'2023-05-29 06:30:30.149696','1','Paspor Baru',2,'[{\"changed\": {\"fields\": [\"Category content\"]}}]',13,1),(98,'2023-05-29 10:04:57.861530','11','Biaya Keimigrasian',1,'[{\"added\": {}}]',11,1),(99,'2023-05-29 11:24:59.413120','6','Biaya Keimigrasian',1,'[{\"added\": {}}]',10,1),(100,'2023-05-29 11:25:32.757761','12','Dokumen Perjalanan',1,'[{\"added\": {}}]',11,1),(101,'2023-05-29 11:25:37.832817','13','Visa',1,'[{\"added\": {}}]',11,1),(102,'2023-05-29 11:25:47.275131','14','Izin Keimigrasian',1,'[{\"added\": {}}]',11,1),(103,'2023-05-29 11:25:57.066633','15','PNBP Keimigrasian Lainnya',1,'[{\"added\": {}}]',11,1),(104,'2023-05-29 11:26:42.488501','4','Informasi Publik',3,'',11,1),(105,'2023-05-29 11:27:20.339448','44','Dokumen Perjalanan Republik Indonesia',1,'[{\"added\": {}}]',14,1),(106,'2023-05-29 11:27:35.986908','45','Visa Kunjungan',1,'[{\"added\": {}}]',14,1),(107,'2023-05-29 11:27:48.229385','46','Visa Tinggal Terbatas',1,'[{\"added\": {}}]',14,1),(108,'2023-05-29 11:28:00.177896','47','Izin Kunjungan',1,'[{\"added\": {}}]',14,1),(109,'2023-05-29 11:28:14.522148','48','Izin Tinggal Tetap',1,'[{\"added\": {}}]',14,1),(110,'2023-05-29 11:28:32.311898','49','Izin Masuk Kembali (Re-Entry Permit)',1,'[{\"added\": {}}]',14,1),(111,'2023-05-29 11:28:42.926507','50','Biaya Beban',1,'[{\"added\": {}}]',14,1),(112,'2023-05-29 11:28:54.416860','51','Smart Card',1,'[{\"added\": {}}]',14,1),(113,'2023-05-29 11:29:45.105883','52','Kartu Perjalanan Pebisnis Asia Pacific Economic Cooperation (KPP APEC)/APEC Business Travel Card (ABTC)',1,'[{\"added\": {}}]',14,1),(114,'2023-05-29 11:30:13.391119','53','Fasilitas Keimigrasian (Afidavit) Bagi Anak Berkewarganegaraan Ganda',1,'[{\"added\": {}}]',14,1),(115,'2023-05-29 11:30:27.863227','54','Surat Keterangan Keimigrasian',1,'[{\"added\": {}}]',14,1),(116,'2023-05-29 11:31:54.666880','45','Visa Kunjungan',2,'[{\"changed\": {\"fields\": [\"Menu\"]}}]',14,1),(117,'2023-05-29 11:31:59.130222','46','Visa Tinggal Terbatas',2,'[{\"changed\": {\"fields\": [\"Menu\"]}}]',14,1),(118,'2023-05-29 11:32:08.067693','47','Izin Kunjungan',2,'[{\"changed\": {\"fields\": [\"Menu\"]}}]',14,1),(119,'2023-05-29 11:32:11.967649','47','Izin Kunjungan',2,'[]',14,1),(120,'2023-05-29 11:32:16.121127','48','Izin Tinggal Tetap',2,'[{\"changed\": {\"fields\": [\"Menu\"]}}]',14,1),(121,'2023-05-29 11:32:20.589666','49','Izin Masuk Kembali (Re-Entry Permit)',2,'[{\"changed\": {\"fields\": [\"Menu\"]}}]',14,1),(122,'2023-05-29 11:32:56.085314','55','Izin Tinggal Tetap',1,'[{\"added\": {}}]',14,1),(123,'2023-05-29 11:33:04.086706','50','Biaya Beban',2,'[{\"changed\": {\"fields\": [\"Menu\"]}}]',14,1),(124,'2023-05-29 11:33:10.439992','51','Smart Card',2,'[{\"changed\": {\"fields\": [\"Menu\"]}}]',14,1),(125,'2023-05-29 11:33:13.996248','52','Kartu Perjalanan Pebisnis Asia Pacific Economic Cooperation (KPP APEC)/APEC Business Travel Card (ABTC)',2,'[{\"changed\": {\"fields\": [\"Menu\"]}}]',14,1),(126,'2023-05-29 11:33:16.570599','52','Kartu Perjalanan Pebisnis Asia Pacific Economic Cooperation (KPP APEC)/APEC Business Travel Card (ABTC)',2,'[]',14,1),(127,'2023-05-29 11:33:20.113653','53','Fasilitas Keimigrasian (Afidavit) Bagi Anak Berkewarganegaraan Ganda',2,'[{\"changed\": {\"fields\": [\"Menu\"]}}]',14,1),(128,'2023-05-29 11:33:23.811425','54','Surat Keterangan Keimigrasian',2,'[{\"changed\": {\"fields\": [\"Menu\"]}}]',14,1),(129,'2023-05-29 12:04:59.811046','44','Test Dokumen Perjalanan',1,'[{\"added\": {}}]',13,1),(130,'2023-05-29 12:05:27.467641','45','Test Visa Kunjungan',1,'[{\"added\": {}}]',13,1),(131,'2023-05-29 12:06:00.827339','46','Test Tinggal Terbatas',1,'[{\"added\": {}}]',13,1),(132,'2023-05-29 12:19:44.405076','55','Izin Tinggal Terbatas',2,'[{\"changed\": {\"fields\": [\"Submenu name\", \"Permalink\"]}}]',14,1),(133,'2023-05-29 17:01:36.706046','46','Test Tinggal Terbatas',2,'[{\"changed\": {\"fields\": [\"Content\"]}}]',13,1),(134,'2023-05-29 17:03:39.381327','46','Test Tinggal Terbatas',2,'[{\"changed\": {\"fields\": [\"Content\"]}}]',13,1),(135,'2023-05-29 17:04:35.681495','46','Test Tinggal Terbatas',2,'[{\"changed\": {\"fields\": [\"Content\"]}}]',13,1),(136,'2023-05-29 17:06:20.361161','46','Test Tinggal Terbatas',2,'[{\"changed\": {\"fields\": [\"Content\"]}}]',13,1),(137,'2023-05-29 17:07:23.640541','45','Test Visa Kunjungan',2,'[{\"changed\": {\"fields\": [\"Content\"]}}]',13,1),(138,'2023-05-30 01:56:09.738425','6','Sweet Love Paragraphs for Her',1,'[{\"added\": {}}]',7,1),(139,'2023-05-30 01:56:21.187562','7','Heartwarming Love Paragraphs for Her',1,'[{\"added\": {}}]',7,1),(140,'2023-05-30 01:56:35.957934','8','Long Love Paragraphs for Her',1,'[{\"added\": {}}]',7,1),(141,'2023-05-30 01:56:52.857782','9','Deep Love Paragraphs for Her',1,'[{\"added\": {}}]',7,1),(142,'2023-05-30 01:57:04.868054','10','Love Paragraphs for Her to Send over Text',1,'[{\"added\": {}}]',7,1),(143,'2023-05-30 01:57:29.264144','11','Cute Love Paragraphs for Her',1,'[{\"added\": {}}]',7,1),(144,'2023-05-30 01:57:46.128018','12','Relationship Love Paragraphs for Her',1,'[{\"added\": {}}]',7,1),(145,'2023-05-30 01:57:58.287832','13','Relationship Love Paragraphs for Her',1,'[{\"added\": {}}]',7,1),(146,'2023-05-30 01:58:06.538507','13','Good Morning Love Paragraphs for Her',2,'[{\"changed\": {\"fields\": [\"Berita title\"]}}]',7,1),(147,'2023-05-30 01:58:20.148124','14','Good Night Love Paragraphs for Her',1,'[{\"added\": {}}]',7,1),(148,'2023-05-30 01:58:31.641513','15','I Miss You Love Paragraphs for Her',1,'[{\"added\": {}}]',7,1),(149,'2023-05-30 01:58:53.017738','16','Romantic Love Paragraphs for Her',1,'[{\"added\": {}}]',7,1),(150,'2023-05-30 01:59:30.868537','9','Sweet Love Paragraphs for Her',1,'[{\"added\": {}}]',15,1),(151,'2023-05-30 01:59:37.750298','10','Heartwarming Love Paragraphs for Her',1,'[{\"added\": {}}]',15,1),(152,'2023-05-30 01:59:45.159814','11','Long Love Paragraphs for Her',1,'[{\"added\": {}}]',15,1),(153,'2023-05-30 01:59:51.269801','12','Deep Love Paragraphs for Her',1,'[{\"added\": {}}]',15,1),(154,'2023-05-30 01:59:57.650241','13','Love Paragraphs for Her to Send over Text',1,'[{\"added\": {}}]',15,1),(155,'2023-05-30 02:00:05.231476','14','Cute Love Paragraphs for Her',1,'[{\"added\": {}}]',15,1),(156,'2023-05-30 02:00:13.839277','15','Relationship Love Paragraphs for Her',1,'[{\"added\": {}}]',15,1),(157,'2023-05-30 02:00:24.292319','16','Good Night Love Paragraphs for Her',1,'[{\"added\": {}}]',15,1),(158,'2023-05-30 02:00:41.770551','17','I Miss You Love Paragraphs for Her',1,'[{\"added\": {}}]',15,1),(159,'2023-05-30 02:00:54.690486','18','Romantic Love Paragraphs for Her',1,'[{\"added\": {}}]',15,1),(160,'2023-05-30 03:55:43.878722','19','Good Morning Love Paragraphs for Her',1,'[{\"added\": {}}]',15,1),(161,'2023-05-30 05:26:38.934900','20','Romantic Love Paragraphs for Her',1,'[{\"added\": {}}]',15,1),(162,'2023-05-30 06:47:04.124060','3','Test Pegantian Paspor',1,'[{\"added\": {}}]',13,1),(163,'2023-05-30 06:47:36.295621','3','Test Pegantian Paspor',2,'[{\"changed\": {\"fields\": [\"Alur proses dan prosedur\", \"Biaya\"]}}]',13,1),(164,'2023-05-30 07:03:14.211727','21','jsdhgksahdkgjhsdakljghsdkjghskjdahkgsad',1,'[{\"added\": {}}]',13,1),(165,'2023-05-30 08:26:18.285290','16','Timpora',1,'[{\"added\": {}}]',11,1),(166,'2023-05-30 08:26:44.943923','56','Dasar Hukum Pembentukan TIMPORA',1,'[{\"added\": {}}]',14,1),(167,'2023-05-30 08:27:00.127042','7','Zona Integrasi',1,'[{\"added\": {}}]',10,1),(168,'2023-05-30 08:27:15.417840','8','Zona Integritas',1,'[{\"added\": {}}]',10,1),(169,'2023-05-30 08:27:16.648177','17','Zona Integritasi',1,'[{\"added\": {}}]',11,1),(170,'2023-05-30 08:27:23.837961','7','Zona Integrasi',3,'',10,1),(171,'2023-05-30 08:27:36.883873','57','Pengertian',1,'[{\"added\": {}}]',14,1),(172,'2023-05-30 08:27:51.537780','58','6 Area Perubahan',1,'[{\"added\": {}}]',14,1),(173,'2023-05-30 08:28:15.232540','59','Dokumentasi Kegiatan PZI',1,'[{\"added\": {}}]',14,1),(174,'2023-05-30 08:28:40.369789','60','Jingle Kantor Imigrasi Kelas II TPI Cilegon',1,'[{\"added\": {}}]',14,1),(175,'2023-05-30 08:29:01.330589','61','Paparan WBK (Zona Integritas) Tahun 2022',1,'[{\"added\": {}}]',14,1),(176,'2023-05-30 11:30:38.702336','1','FileArsipDanDokumen object (1)',1,'[{\"added\": {}}]',8,1),(177,'2023-05-30 11:30:58.890547','2','FileArsipDanDokumen object (2)',1,'[{\"added\": {}}]',8,1),(178,'2023-05-30 11:41:14.071459','3','FileArsipDanDokumen object (3)',1,'[{\"added\": {}}]',8,1),(179,'2023-05-30 11:52:36.151415','56','Dasar Hukum Pembentukan TIMPORA',2,'[{\"changed\": {\"fields\": [\"Permalink\"]}}]',14,1),(180,'2023-05-30 12:35:31.051038','4','FileArsipDanDokumen object (4)',1,'[{\"added\": {}}]',8,1),(181,'2023-05-30 13:08:05.213744','57','Pengertian',1,'[{\"added\": {}}]',13,1),(182,'2023-05-30 13:10:31.584213','58','6 Area Perubahan',1,'[{\"added\": {}}]',13,1),(183,'2023-05-30 13:12:47.598842','30','Dasar Hukum PPID',1,'[{\"added\": {}}]',13,1),(184,'2023-05-30 13:13:25.522647','30','Dasar Hukum PPID',2,'[{\"changed\": {\"fields\": [\"Content\"]}}]',13,1),(185,'2023-05-30 13:13:43.712992','30','Dasar Hukum PPID',2,'[]',13,1),(186,'2023-05-30 13:14:23.283075','30','Dasar Hukum PPID',2,'[]',13,1),(187,'2023-05-30 13:14:49.944336','30','Dasar Hukum PPID',3,'',13,1),(188,'2023-05-30 13:15:03.223478','30','Dasar Hukum PPID',1,'[{\"added\": {}}]',13,1),(189,'2023-05-30 13:15:29.642793','30','Dasar Hukum PPID',2,'[{\"changed\": {\"fields\": [\"Content\"]}}]',13,1),(190,'2023-05-30 13:15:44.932776','30','Dasar Hukum PPID',2,'[{\"changed\": {\"fields\": [\"Content\"]}}]',13,1),(191,'2023-05-30 13:18:31.564485','30','Dasar Hukum PPID',2,'[{\"changed\": {\"fields\": [\"Content\"]}}]',13,1),(192,'2023-05-30 13:21:08.283903','30','Dasar Hukum PPID',2,'[{\"changed\": {\"fields\": [\"Content\"]}}]',13,1),(193,'2023-05-30 13:27:29.726024','15','FotoGaleri object (15)',1,'[{\"added\": {}}]',9,1),(194,'2023-05-30 13:27:36.140996','16','FotoGaleri object (16)',1,'[{\"added\": {}}]',9,1),(195,'2023-05-30 13:27:45.391280','17','FotoGaleri object (17)',1,'[{\"added\": {}}]',9,1),(196,'2023-05-30 13:31:27.238537','6','Jingle Kantor Imigrasi Cilegon \'Menggapai Asa\'',1,'[{\"added\": {}}]',12,1),(197,'2023-05-30 13:32:37.380499','7','Paparan Zona Integritas',1,'[{\"added\": {}}]',12,1),(198,'2023-05-30 13:33:19.406539','6','Jingle Kantor Imigrasi Cilegon \'Menggapai Asa\'',2,'[{\"changed\": {\"fields\": [\"Youtube category\"]}}]',12,1),(199,'2023-05-30 13:33:25.667324','5','Sosialisasi Keimigrasian di Wilayah kerja Kantor Imigrasi Kelas II TPI Cilegon',2,'[{\"changed\": {\"fields\": [\"Youtube category\"]}}]',12,1),(200,'2023-05-30 13:42:36.603881','31','SK Penetapan PPID',1,'[{\"added\": {}}]',13,1),(201,'2023-05-30 13:43:47.073832','31','SK Penetapan PPID',2,'[{\"changed\": {\"fields\": [\"Content\"]}}]',13,1),(202,'2023-05-30 18:55:53.161525','1','VisiDanMisi object (1)',1,'[{\"added\": {}}]',18,1),(203,'2023-05-30 19:38:12.837416','1','Kakanim object (1)',1,'[{\"added\": {}}]',16,1),(204,'2023-05-31 06:09:13.648961','1','StrukturOrganisasi object (1)',1,'[{\"added\": {}}]',17,1),(205,'2023-05-31 06:24:14.481286','2','StrukturOrganisasi object (2)',1,'[{\"added\": {}}]',17,1),(206,'2023-06-04 08:11:41.701484','1','VisiDanMisi object (1)',2,'[{\"changed\": {\"fields\": [\"Misi\"]}}]',18,1),(207,'2023-06-04 08:16:07.218324','14','FotoGaleri object (14)',3,'',9,1),(208,'2023-06-04 08:16:07.220483','13','FotoGaleri object (13)',3,'',9,1),(209,'2023-06-04 08:16:07.222122','12','FotoGaleri object (12)',3,'',9,1),(210,'2023-06-04 08:16:07.223914','11','FotoGaleri object (11)',3,'',9,1),(211,'2023-06-04 08:16:07.225682','10','FotoGaleri object (10)',3,'',9,1),(212,'2023-06-04 08:16:07.227379','9','FotoGaleri object (9)',3,'',9,1),(213,'2023-06-04 08:16:07.229033','8','FotoGaleri object (8)',3,'',9,1),(214,'2023-06-04 08:16:07.230737','3','FotoGaleri object (3)',3,'',9,1),(215,'2023-06-04 08:16:07.232636','2','FotoGaleri object (2)',3,'',9,1),(216,'2023-06-04 08:16:07.234359','1','FotoGaleri object (1)',3,'',9,1),(217,'2023-06-04 08:16:51.792827','19','Good Morning Love Paragraphs for Her',2,'[{\"changed\": {\"fields\": [\"Berita image file\"]}}]',15,1),(218,'2023-06-04 08:19:43.944603','1','Paspor Baru',2,'[{\"changed\": {\"fields\": [\"Content\"]}}]',13,1),(219,'2023-06-04 20:19:13.521691','1','ListPerusahaanDanPenginapanWilayahKerja object (1)',1,'[{\"added\": {}}]',19,1),(220,'2023-06-04 20:19:33.341079','2','ListPerusahaanDanPenginapanWilayahKerja object (2)',1,'[{\"added\": {}}]',19,1),(221,'2023-06-04 20:19:44.491090','3','ListPerusahaanDanPenginapanWilayahKerja object (3)',1,'[{\"added\": {}}]',19,1),(222,'2023-06-04 20:19:57.517107','4','ListPerusahaanDanPenginapanWilayahKerja object (4)',1,'[{\"added\": {}}]',19,1),(223,'2023-06-04 20:20:07.874734','5','ListPerusahaanDanPenginapanWilayahKerja object (5)',1,'[{\"added\": {}}]',19,1),(224,'2023-06-04 20:20:18.291413','6','ListPerusahaanDanPenginapanWilayahKerja object (6)',1,'[{\"added\": {}}]',19,1),(225,'2023-06-04 20:20:27.305526','7','ListPerusahaanDanPenginapanWilayahKerja object (7)',1,'[{\"added\": {}}]',19,1),(226,'2023-06-04 20:20:36.071313','8','ListPerusahaanDanPenginapanWilayahKerja object (8)',1,'[{\"added\": {}}]',19,1),(227,'2023-06-04 20:20:46.981083','9','ListPerusahaanDanPenginapanWilayahKerja object (9)',1,'[{\"added\": {}}]',19,1),(228,'2023-06-04 20:20:56.315381','10','ListPerusahaanDanPenginapanWilayahKerja object (10)',1,'[{\"added\": {}}]',19,1),(229,'2023-06-04 20:21:05.282191','10','ListPerusahaanDanPenginapanWilayahKerja object (10)',2,'[{\"changed\": {\"fields\": [\"List of perusahaan penginapan\"]}}]',19,1),(230,'2023-06-04 20:48:47.532083','10','ListPerusahaanDanPenginapanWilayahKerja object (10)',2,'[{\"changed\": {\"fields\": [\"List of perusahaan penginapan\"]}}]',19,1),(231,'2023-07-08 22:07:41.332290','1','LaporanPelayananWNI object (1)',1,'[{\"added\": {}}]',23,1),(232,'2023-07-08 22:07:51.835719','2','LaporanPelayananWNI object (2)',1,'[{\"added\": {}}]',23,1),(233,'2023-07-08 22:08:04.197916','3','LaporanPelayananWNI object (3)',1,'[{\"added\": {}}]',23,1),(234,'2023-07-08 22:23:57.577129','1','LaporanPelayananWNI object (1)',2,'[{\"changed\": {\"fields\": [\"Date\"]}}]',23,1),(235,'2023-07-09 05:44:14.411267','1','LaporanPelayananWNA object (1)',1,'[{\"added\": {}}]',22,1),(236,'2023-07-09 08:12:33.341724','1','IndexPersepsiKorupsi object (1)',1,'[{\"added\": {}}]',21,1),(237,'2023-07-09 08:13:04.822779','2','IndexPersepsiKorupsi object (2)',1,'[{\"added\": {}}]',21,1),(238,'2023-07-09 08:13:24.153390','1','IndexKepuasanMasyarakat object (1)',1,'[{\"added\": {}}]',20,1),(239,'2023-07-09 08:13:31.044621','2','IndexPersepsiKorupsi object (2)',2,'[{\"changed\": {\"fields\": [\"Date\"]}}]',21,1),(240,'2023-07-09 08:13:35.515933','1','IndexPersepsiKorupsi object (1)',2,'[{\"changed\": {\"fields\": [\"Date\"]}}]',21,1),(241,'2023-07-09 08:13:49.205656','2','IndexKepuasanMasyarakat object (2)',1,'[{\"added\": {}}]',20,1),(242,'2023-07-09 08:14:00.941746','3','IndexKepuasanMasyarakat object (3)',1,'[{\"added\": {}}]',20,1),(243,'2023-07-09 08:14:11.671447','4','IndexKepuasanMasyarakat object (4)',1,'[{\"added\": {}}]',20,1),(244,'2023-07-09 08:14:22.700230','3','IndexPersepsiKorupsi object (3)',1,'[{\"added\": {}}]',21,1),(245,'2023-07-09 08:14:31.103768','4','IndexPersepsiKorupsi object (4)',1,'[{\"added\": {}}]',21,1),(246,'2023-07-10 08:02:22.212665','18','Romantic Love Paragraphs for Her',3,'',15,1),(247,'2023-07-10 08:02:51.113995','1','Paspor Baru',3,'',13,1),(248,'2023-07-10 08:03:20.413895','7','FotoGaleri object (7)',3,'',9,1),(249,'2023-07-10 08:03:20.416439','4','FotoGaleri object (4)',3,'',9,1),(250,'2023-07-13 02:13:10.518752','3','StrukturOrganisasi object (3)',1,'[{\"added\": {}}]',17,1),(251,'2023-07-13 02:14:39.405392','4','StrukturOrganisasi object (4)',1,'[{\"added\": {}}]',17,1),(252,'2023-07-13 02:18:54.625271','18','FotoGaleri object (18)',1,'[{\"added\": {}}]',9,1),(253,'2023-07-13 02:20:37.891095','8','Test',1,'[{\"added\": {}}]',13,1),(254,'2023-07-13 02:20:51.753531','6','test 2',1,'[{\"added\": {}}]',13,1),(255,'2023-07-13 02:21:28.102483','19','FotoGaleri object (19)',1,'[{\"added\": {}}]',9,1),(256,'2023-07-13 02:21:46.176080','2','admin2',1,'[{\"added\": {}}]',4,1),(257,'2023-07-13 02:23:44.047702','1','StrukturOrganisasi object (1)',3,'',17,1),(258,'2023-07-13 02:25:31.599277','2','StrukturOrganisasi object (2)',3,'',17,1),(259,'2023-07-13 02:28:02.453792','21','jsdhgksahdkgjhsdakljghsdkjghskjdahkgsad',3,'',13,1),(260,'2023-07-13 02:43:36.607558','3','StrukturOrganisasi object (3)',2,'[]',17,1),(261,'2023-07-13 02:50:46.022523','5','StrukturOrganisasi object (5)',1,'[{\"added\": {}}]',17,1),(262,'2023-07-13 02:51:32.863814','6','StrukturOrganisasi object (6)',1,'[{\"added\": {}}]',17,1),(263,'2023-07-13 02:52:37.046744','7','StrukturOrganisasi object (7)',1,'[{\"added\": {}}]',17,1),(264,'2023-07-13 03:03:24.395508','8','StrukturOrganisasi object (8)',1,'[{\"added\": {}}]',17,1),(265,'2023-07-13 03:05:13.909188','9','StrukturOrganisasi object (9)',1,'[{\"added\": {}}]',17,1),(266,'2023-07-13 03:05:37.630454','10','StrukturOrganisasi object (10)',1,'[{\"added\": {}}]',17,1),(267,'2023-07-13 03:05:56.197135','11','StrukturOrganisasi object (11)',1,'[{\"added\": {}}]',17,1),(268,'2023-07-13 03:09:05.830742','12','StrukturOrganisasi object (12)',1,'[{\"added\": {}}]',17,1),(269,'2023-07-13 03:09:36.175874','13','StrukturOrganisasi object (13)',1,'[{\"added\": {}}]',17,1),(270,'2023-07-13 03:11:07.903975','14','StrukturOrganisasi object (14)',1,'[{\"added\": {}}]',17,1),(271,'2023-07-13 03:11:46.408506','15','StrukturOrganisasi object (15)',1,'[{\"added\": {}}]',17,1),(272,'2023-07-13 03:15:34.290985','2','Kakanim object (2)',1,'[{\"added\": {}}]',16,1),(273,'2023-07-13 03:16:25.759594','2','Kakanim object (2)',2,'[]',16,1),(274,'2023-07-13 03:17:47.938852','1','Kakanim object (1)',3,'',16,1),(275,'2023-07-13 04:22:59.308402','2','Kakanim object (2)',2,'[{\"changed\": {\"fields\": [\"Masa jabatan\"]}}]',16,1),(276,'2023-07-13 04:25:51.450614','3','Kakanim object (3)',1,'[{\"added\": {}}]',16,1),(277,'2023-07-13 04:27:55.353652','15','FotoGaleri object (15)',3,'',9,1),(278,'2023-07-13 04:27:55.355478','6','FotoGaleri object (6)',3,'',9,1),(279,'2023-07-13 04:27:55.356959','5','FotoGaleri object (5)',3,'',9,1),(280,'2023-07-13 05:02:23.651522','8','M-PASPOR',1,'[{\"added\": {}}]',12,1),(281,'2023-07-13 05:04:46.377796','9','M-PASPOR',1,'[{\"added\": {}}]',12,1),(282,'2023-07-13 05:08:54.231259','1','Paspor Baru',1,'[{\"added\": {}}]',13,1),(283,'2023-07-13 05:12:31.686110','2','Cerpen',3,'',13,1),(284,'2023-07-13 05:20:44.428890','17','tes',1,'[{\"added\": {}}]',7,1),(285,'2023-07-13 05:21:17.500677','18','tes',1,'[{\"added\": {}}]',7,1),(286,'2023-07-13 05:22:56.807182','18','tes',3,'',7,1),(287,'2023-07-13 05:22:56.808774','17','tes',3,'',7,1),(288,'2023-07-13 05:23:14.719107','19','tes',1,'[{\"added\": {}}]',7,1),(289,'2023-07-13 05:24:51.714000','21','tes',1,'[{\"added\": {}}]',15,1),(290,'2023-07-13 05:27:19.928329','20','Romantic Love Paragraphs for Her',3,'',15,1),(291,'2023-07-13 05:27:19.930150','17','I Miss You Love Paragraphs for Her',3,'',15,1),(292,'2023-07-13 05:27:19.931722','16','Good Night Love Paragraphs for Her',3,'',15,1),(293,'2023-07-13 05:27:19.933222','15','Relationship Love Paragraphs for Her',3,'',15,1),(294,'2023-07-13 05:27:19.934644','12','Deep Love Paragraphs for Her',3,'',15,1),(295,'2023-07-13 05:27:19.936144','11','Long Love Paragraphs for Her',3,'',15,1),(296,'2023-07-13 05:27:19.937511','10','Heartwarming Love Paragraphs for Her',3,'',15,1),(297,'2023-07-13 05:27:19.939015','8','Although this is a common checklist,',3,'',15,1),(298,'2023-07-13 05:27:19.940097','7','Make a testing checklist as an integral part of y',3,'',15,1),(299,'2023-07-13 05:27:19.941103','6','Notes:',3,'',15,1),(300,'2023-07-13 06:43:07.184800','21','tes',3,'',15,1),(301,'2023-07-13 06:43:50.783962','15','StrukturOrganisasi object (15)',3,'',17,1),(302,'2023-07-13 06:44:02.371834','16','StrukturOrganisasi object (16)',1,'[{\"added\": {}}]',17,1),(303,'2023-07-13 06:53:35.015846','10','M-PASPOR',1,'[{\"added\": {}}]',12,1),(304,'2023-07-13 06:55:02.060911','22','tes',1,'[{\"added\": {}}]',15,1),(305,'2023-07-13 06:55:23.611721','22','tes',3,'',15,1),(306,'2023-07-13 07:47:18.000344','1','Paspor Baru',3,'',13,1),(307,'2023-07-13 07:49:17.084270','19','tes',3,'',7,1),(308,'2023-07-13 07:51:19.299387','19','Good Morning Love Paragraphs for Her',3,'',15,1),(309,'2023-07-13 07:51:19.300707','14','Cute Love Paragraphs for Her',3,'',15,1),(310,'2023-07-13 07:51:19.301878','13','Love Paragraphs for Her to Send over Text',3,'',15,1),(311,'2023-07-13 07:51:19.302950','9','Sweet Love Paragraphs for Her',3,'',15,1),(312,'2023-07-13 07:51:19.304197','5','Web Application Testing Example Test Cases: This is a complete Testing Checklist for both Web-based',3,'',15,1),(313,'2023-07-13 07:51:19.306200','4','Make a testing checklist as an integral part of y',3,'',15,1),(314,'2023-07-13 07:51:19.307254','3','Although this is a common checklist,',3,'',15,1),(315,'2023-07-13 07:51:19.308229','2','Importance Of Using A Checklist For Testing',3,'',15,1),(316,'2023-07-13 07:51:19.309088','1','Notes:',3,'',15,1),(317,'2023-07-13 08:14:29.374555','16','Romantic Love Paragraphs for Her',3,'',7,1),(318,'2023-07-13 08:14:29.376264','15','I Miss You Love Paragraphs for Her',3,'',7,1),(319,'2023-07-13 08:14:29.377594','14','Good Night Love Paragraphs for Her',3,'',7,1),(320,'2023-07-13 08:14:29.378758','13','Good Morning Love Paragraphs for Her',3,'',7,1),(321,'2023-07-13 08:14:29.379894','12','Relationship Love Paragraphs for Her',3,'',7,1),(322,'2023-07-13 08:14:29.380951','11','Cute Love Paragraphs for Her',3,'',7,1),(323,'2023-07-13 08:14:29.381909','10','Love Paragraphs for Her to Send over Text',3,'',7,1),(324,'2023-07-13 08:14:29.382943','9','Deep Love Paragraphs for Her',3,'',7,1),(325,'2023-07-13 08:14:29.383898','8','Long Love Paragraphs for Her',3,'',7,1),(326,'2023-07-13 08:14:29.384937','7','Heartwarming Love Paragraphs for Her',3,'',7,1),(327,'2023-07-13 08:14:29.385950','6','Sweet Love Paragraphs for Her',3,'',7,1),(328,'2023-07-13 08:14:29.386959','5','Notes:',3,'',7,1),(329,'2023-07-13 08:14:29.387932','4','Importance Of Using A Checklist For Testing',3,'',7,1),(330,'2023-07-13 08:14:29.388986','3','Although this is a common checklist,',3,'',7,1),(331,'2023-07-13 08:14:29.390019','2','Make a testing checklist as an integral part of y',3,'',7,1),(332,'2023-07-13 08:14:29.391004','1','Web Application Testing Example Test Cases: This is a complete Testing Checklist for both Web-based',3,'',7,1),(333,'2023-07-14 02:13:39.080606','20','FotoGaleri object (20)',1,'[{\"added\": {}}]',9,1),(334,'2023-07-14 02:25:09.088842','16','StrukturOrganisasi object (16)',2,'[{\"changed\": {\"fields\": [\"Foto\"]}}]',17,1),(335,'2023-07-14 02:25:20.166908','3','Kakanim object (3)',2,'[{\"changed\": {\"fields\": [\"Foto\"]}}]',16,1),(336,'2023-07-14 02:28:18.884092','16','StrukturOrganisasi object (16)',2,'[{\"changed\": {\"fields\": [\"Foto\"]}}]',17,1),(337,'2023-07-14 02:41:12.943065','3','StrukturOrganisasi object (3)',2,'[{\"changed\": {\"fields\": [\"Foto\"]}}]',17,1),(338,'2023-07-14 02:41:51.636318','16','StrukturOrganisasi object (16)',2,'[{\"changed\": {\"fields\": [\"Foto\"]}}]',17,1),(339,'2023-07-14 02:42:05.546992','4','StrukturOrganisasi object (4)',2,'[{\"changed\": {\"fields\": [\"Foto\"]}}]',17,1),(340,'2023-07-14 02:42:15.660665','5','StrukturOrganisasi object (5)',2,'[{\"changed\": {\"fields\": [\"Foto\"]}}]',17,1),(341,'2023-07-14 02:42:21.695599','6','StrukturOrganisasi object (6)',2,'[{\"changed\": {\"fields\": [\"Foto\"]}}]',17,1),(342,'2023-07-14 02:42:28.495449','7','StrukturOrganisasi object (7)',2,'[{\"changed\": {\"fields\": [\"Foto\"]}}]',17,1),(343,'2023-07-14 02:42:38.795983','8','StrukturOrganisasi object (8)',2,'[{\"changed\": {\"fields\": [\"Foto\"]}}]',17,1),(344,'2023-07-14 02:42:45.814316','9','StrukturOrganisasi object (9)',2,'[{\"changed\": {\"fields\": [\"Foto\"]}}]',17,1),(345,'2023-07-14 02:42:52.206657','10','StrukturOrganisasi object (10)',2,'[{\"changed\": {\"fields\": [\"Foto\"]}}]',17,1),(346,'2023-07-14 02:43:05.774566','11','StrukturOrganisasi object (11)',2,'[{\"changed\": {\"fields\": [\"Foto\"]}}]',17,1),(347,'2023-07-14 02:43:12.829374','12','StrukturOrganisasi object (12)',2,'[{\"changed\": {\"fields\": [\"Foto\"]}}]',17,1),(348,'2023-07-14 02:43:18.544349','13','StrukturOrganisasi object (13)',2,'[{\"changed\": {\"fields\": [\"Foto\"]}}]',17,1),(349,'2023-07-14 02:43:25.041988','14','StrukturOrganisasi object (14)',2,'[{\"changed\": {\"fields\": [\"Foto\"]}}]',17,1),(350,'2023-07-14 02:43:41.912095','16','StrukturOrganisasi object (16)',2,'[{\"changed\": {\"fields\": [\"Foto\"]}}]',17,1),(351,'2023-07-14 02:54:48.700578','16','StrukturOrganisasi object (16)',2,'[]',17,1),(352,'2023-07-14 03:01:01.411556','8','M-PASPOR',2,'[{\"changed\": {\"fields\": [\"Image url\"]}}]',12,1),(353,'2023-07-14 03:31:04.997843','2','Kakanim object (2)',2,'[{\"changed\": {\"fields\": [\"Foto\"]}}]',16,1),(354,'2023-07-14 08:08:09.212073','17','StrukturOrganisasi object (17)',1,'[{\"added\": {}}]',17,1),(355,'2023-07-17 02:12:04.923176','18','StrukturOrganisasi object (18)',1,'[{\"added\": {}}]',17,1),(356,'2023-07-17 02:13:11.173517','19','StrukturOrganisasi object (19)',1,'[{\"added\": {}}]',17,1),(357,'2023-07-17 02:14:06.102587','20','StrukturOrganisasi object (20)',1,'[{\"added\": {}}]',17,1),(358,'2023-07-17 02:14:33.058993','21','StrukturOrganisasi object (21)',1,'[{\"added\": {}}]',17,1),(359,'2023-07-17 02:15:59.568190','22','StrukturOrganisasi object (22)',1,'[{\"added\": {}}]',17,1),(360,'2023-07-17 02:25:42.386500','5','IndexKepuasanMasyarakat object (5)',1,'[{\"added\": {}}]',20,1),(361,'2023-07-17 02:28:00.977849','3','LaporanPelayananWNI object (3)',3,'',23,1),(362,'2023-07-17 02:28:00.979279','2','LaporanPelayananWNI object (2)',3,'',23,1),(363,'2023-07-17 02:28:00.980489','1','LaporanPelayananWNI object (1)',3,'',23,1),(364,'2023-07-17 02:28:37.410252','1','LaporanPelayananWNA object (1)',3,'',22,1),(365,'2023-07-17 02:30:12.538807','4','Kakanim object (4)',1,'[{\"added\": {}}]',16,1),(366,'2023-07-17 02:30:50.415597','2','Kakanim object (2)',3,'',16,1),(367,'2023-07-17 02:31:50.689788','5','Kakanim object (5)',1,'[{\"added\": {}}]',16,1),(368,'2023-07-17 02:32:15.561342','3','Kakanim object (3)',3,'',16,1),(369,'2023-07-17 02:33:40.416387','23','StrukturOrganisasi object (23)',1,'[{\"added\": {}}]',17,1),(370,'2023-07-17 02:34:25.477745','24','StrukturOrganisasi object (24)',1,'[{\"added\": {}}]',17,1),(371,'2023-07-17 02:35:47.576237','25','StrukturOrganisasi object (25)',1,'[{\"added\": {}}]',17,1),(372,'2023-07-17 02:36:18.917373','26','StrukturOrganisasi object (26)',1,'[{\"added\": {}}]',17,1),(373,'2023-07-17 02:37:17.174378','17','StrukturOrganisasi object (17)',2,'[{\"changed\": {\"fields\": [\"Name\"]}}]',17,1),(374,'2023-07-17 02:42:31.365665','27','StrukturOrganisasi object (27)',1,'[{\"added\": {}}]',17,1),(375,'2023-07-17 02:49:50.320835','6','Kakanim object (6)',1,'[{\"added\": {}}]',16,1),(376,'2023-07-17 07:35:04.548571','20','tes',1,'[{\"added\": {}}]',7,1),(377,'2023-07-17 07:35:51.272513','20','tes',2,'[]',7,1),(378,'2023-07-17 07:44:58.291502','21','tes',1,'[{\"added\": {}}]',7,1),(379,'2023-07-17 07:45:52.649473','23','tes',1,'[{\"added\": {}}]',15,1),(380,'2023-07-17 07:46:28.117565','23','tes',3,'',15,1),(381,'2023-07-17 07:47:13.756546','22','tes',1,'[{\"added\": {}}]',7,1),(382,'2023-07-17 07:47:38.359185','24','tes',1,'[{\"added\": {}}]',15,1),(383,'2023-07-17 07:48:31.977346','24','tes',3,'',15,1),(384,'2023-07-17 07:48:46.493940','22','tes',3,'',7,1),(385,'2023-07-17 07:48:46.495313','21','tes',3,'',7,1),(386,'2023-07-17 07:48:46.496434','20','tes',3,'',7,1),(387,'2023-07-17 07:52:44.881080','1','Paspor Baru',1,'[{\"added\": {}}]',13,1),(388,'2023-07-17 08:04:45.382198','1','Paspor Baru',2,'[{\"changed\": {\"fields\": [\"Tentang layanan dan persyaratan\", \"Alur proses dan prosedur\"]}}]',13,1),(389,'2023-07-17 08:07:29.164702','1','Paspor Baru',2,'[{\"changed\": {\"fields\": [\"Category content\", \"Tentang layanan dan persyaratan\"]}}]',13,1),(390,'2023-07-17 08:07:29.198404','1','Paspor Baru',2,'[]',13,1),(391,'2023-07-17 08:07:35.417843','1','Paspor Baru',2,'[]',13,1),(392,'2023-07-17 08:09:16.188909','1','Paspor Baru',2,'[]',13,1),(393,'2023-07-17 08:14:05.199063','3','Pegantian Paspor',2,'[{\"changed\": {\"fields\": [\"Content name\", \"Tentang layanan dan persyaratan\", \"Alur proses dan prosedur\", \"Biaya\"]}}]',13,1),(394,'2023-07-17 08:14:33.981367','3','Pegantian Paspor',2,'[]',13,1),(395,'2023-07-17 08:16:52.740356','3','Pegantian Paspor',2,'[{\"changed\": {\"fields\": [\"Tentang layanan dan persyaratan\"]}}]',13,1),(396,'2023-07-18 04:31:23.005913','23','Kunjungan Kerja Inspektur Wilayah 1, Inspektorat Jenderal Kemenkumham Meninjau Pelayanan Keimigrasia',1,'[{\"added\": {}}]',7,1),(397,'2023-07-18 04:32:54.953218','24','Penguatan Pengawasan Terhadap Orang Asing Dalam mendukung Investasi dan Pemulihan Ekonomi Nasional',1,'[{\"added\": {}}]',7,1),(398,'2023-07-18 04:34:25.070827','25','Praktik Baik Kantor Imigrasi Cilegon melayani Masyarakat',1,'[{\"added\": {}}]',7,1),(399,'2023-07-18 04:35:02.565340','26','Diskusi Kelembagaan dan Peninjauan Layanan Publik oleh Deputi Bidang Kelembagaan dan Tatalaksana Kem',1,'[{\"added\": {}}]',7,1),(400,'2023-07-18 04:35:57.371151','27','Aplikasi M-Paspor Sudah Berangsur Normal dan Dapat diakses Kembali.',1,'[{\"added\": {}}]',7,1),(401,'2023-07-18 04:36:26.685477','28','Direktur Jenderal Imigrasi Mengunjungi Kantor Imigrasi Cilegon',1,'[{\"added\": {}}]',7,1),(402,'2023-07-18 04:36:56.135087','29','Penandatanganan Komitmen Bersama Pembangunan Zona Integritas',1,'[{\"added\": {}}]',7,1),(403,'2023-07-18 04:37:21.374087','30','Penandatanganan Komitmen Bersama dalam Pembangunan Zona Integritas Tahun 2023',1,'[{\"added\": {}}]',7,1),(404,'2023-07-18 04:43:29.592844','25','Kunjungan Kerja Inspektur Wilayah 1, Inspektorat Jenderal Kemenkumham Meninjau Pelayanan Keimigrasia',1,'[{\"added\": {}}]',15,1),(405,'2023-07-18 04:43:47.518898','25','Kunjungan Kerja Inspektur Wilayah 1, Inspektorat Jenderal Kemenkumham Meninjau Pelayanan Keimigrasia',3,'',15,1),(406,'2023-07-18 04:46:11.098998','26','Kunjungan Kerja Inspektur Wilayah 1, Inspektorat Jenderal Kemenkumham Meninjau Pelayanan Keimigrasia',1,'[{\"added\": {}}]',15,1),(407,'2023-07-18 04:46:39.686589','27','Penguatan Pengawasan Terhadap Orang Asing Dalam mendukung Investasi dan Pemulihan Ekonomi Nasional',1,'[{\"added\": {}}]',15,1),(408,'2023-07-18 04:46:49.941607','28','Praktik Baik Kantor Imigrasi Cilegon melayani Masyarakat',1,'[{\"added\": {}}]',15,1),(409,'2023-07-18 04:46:58.508927','29','Diskusi Kelembagaan dan Peninjauan Layanan Publik oleh Deputi Bidang Kelembagaan dan Tatalaksana Kem',1,'[{\"added\": {}}]',15,1),(410,'2023-07-18 04:47:10.566730','30','Aplikasi M-Paspor Sudah Berangsur Normal dan Dapat diakses Kembali.',1,'[{\"added\": {}}]',15,1),(411,'2023-07-18 04:47:19.875504','31','Direktur Jenderal Imigrasi Mengunjungi Kantor Imigrasi Cilegon',1,'[{\"added\": {}}]',15,1),(412,'2023-07-18 04:47:27.867592','32','Penandatanganan Komitmen Bersama Pembangunan Zona Integritas',1,'[{\"added\": {}}]',15,1),(413,'2023-07-18 04:47:37.200021','33','Penandatanganan Komitmen Bersama dalam Pembangunan Zona Integritas Tahun 2023',1,'[{\"added\": {}}]',15,1),(414,'2023-07-18 04:49:30.638939','34','Penandatanganan Komitmen Bersama dalam Pembangunan Zona Integritas Tahun 2023',1,'[{\"added\": {}}]',15,1),(415,'2023-07-18 04:51:42.942774','34','Penandatanganan Komitmen Bersama dalam Pembangunan Zona Integritas Tahun 2023',3,'',15,1),(416,'2023-07-18 05:16:30.857348','31','Peringatan Hari Bhakti Imigrasi Ke-73',1,'[{\"added\": {}}]',7,1),(417,'2023-07-18 05:17:06.573008','32','Lantik Dirjen Imigrasi Baru, Menkumham Perintahkan Enam Langkah Penting',1,'[{\"added\": {}}]',7,1),(418,'2023-07-18 05:17:40.047819','33','Kegiatan Penyampaian Laporan Kinerja dan Pemberian Penghargaan P4GN Tahun 2022',1,'[{\"added\": {}}]',7,1),(419,'2023-07-18 05:18:45.158191','34','Kumham Banten Gelar Apel Siaga Jelang Nataru, Kakanwil: Petakan Potensi Gangguan Kamtib, Maksimalkan',1,'[{\"added\": {}}]',7,1),(420,'2023-07-18 05:19:28.449321','35','Uji Coba Berjalan Lancar, Electronic Visa on Arrival Resmi Mengudara Hari Ini',1,'[{\"added\": {}}]',7,1),(421,'2023-07-18 05:20:08.172208','36','Doa Bersama Sukseskan KTT G20: Doa Lintas Agama dari Kemenkumham, untuk Dunia yang Pulih dan Tumbu',1,'[{\"added\": {}}]',7,1),(422,'2023-07-18 05:20:46.142495','37','Paspor Masa Berlaku 10 Tahun Diterbitkan Mulai 12 Oktober 2022',1,'[{\"added\": {}}]',7,1),(423,'2023-07-18 05:23:09.651805','38','Saat Yasonna Mengajar Tentang Kekayaan Intelektual di Sekolah',1,'[{\"added\": {}}]',7,1),(424,'2023-07-18 05:24:58.522610','35','Peringatan Hari Bhakti Imigrasi Ke-73',1,'[{\"added\": {}}]',15,1),(425,'2023-07-18 05:25:09.961869','36','Lantik Dirjen Imigrasi Baru, Menkumham Perintahkan Enam Langkah Penting',1,'[{\"added\": {}}]',15,1),(426,'2023-07-18 05:25:19.814638','37','Kegiatan Penyampaian Laporan Kinerja dan Pemberian Penghargaan P4GN Tahun 2022',1,'[{\"added\": {}}]',15,1),(427,'2023-07-18 05:25:39.983121','38','Kumham Banten Gelar Apel Siaga Jelang Nataru, Kakanwil: Petakan Potensi Gangguan Kamtib, Maksimalkan',1,'[{\"added\": {}}]',15,1),(428,'2023-07-18 05:25:57.084533','39','Uji Coba Berjalan Lancar, Electronic Visa on Arrival Resmi Mengudara Hari Ini',1,'[{\"added\": {}}]',15,1),(429,'2023-07-18 05:26:22.973312','40','Doa Bersama Sukseskan KTT G20: Doa Lintas Agama dari Kemenkumham, untuk Dunia yang Pulih dan Tumbu',1,'[{\"added\": {}}]',15,1),(430,'2023-07-18 05:26:34.796242','41','Paspor Masa Berlaku 10 Tahun Diterbitkan Mulai 12 Oktober 2022',1,'[{\"added\": {}}]',15,1),(431,'2023-07-18 05:26:45.006387','42','Saat Yasonna Mengajar Tentang Kekayaan Intelektual di Sekolah',1,'[{\"added\": {}}]',15,1),(432,'2023-07-18 05:42:55.660651','39','Rapat Kordinasi Penanganan Penyakit Mulut dan Kuku (PMK)',1,'[{\"added\": {}}]',7,1),(433,'2023-07-18 05:44:24.274569','40','P2HAM, Komitmen Kemenkumham Berikan Pelayanan Berkeadilan, Tanpa Diskriminasi dan Berkepastian Hukum',1,'[{\"added\": {}}]',7,1),(434,'2023-07-18 05:45:41.355811','41','Melalui Roving Seminar Kekayaan Intelektual, Menkumham Ajak Gubernur di Seluruh Pulau Sumatera Untuk',1,'[{\"added\": {}}]',7,1),(435,'2023-07-18 05:46:18.834905','42','Menkumham Beri Apresiasi Kepada Seluruh Gubernur di Pulau Sumatera Atas  Kontribusinya Memacu Kekaya',1,'[{\"added\": {}}]',7,1),(436,'2023-07-18 05:46:48.552829','43','Buka Rakernispas Kemenkumham Banten, Dirjen PAS: 3+1 Senjata Utama Pemasyarakatan PASTI',1,'[{\"added\": {}}]',7,1),(437,'2023-07-18 05:47:23.022744','44','Kumham Sehat, Kumham Produktif: Tebar Optimisme dan Semangat Hadapi Pandemi Covid-19',1,'[{\"added\": {}}]',7,1),(438,'2023-07-18 05:48:12.447479','45','Serahkan Surat Hak Cipta Mars dan Himne KPK, Yasonna Tegaskan Prosesnya Cepat dan Tanpa Pungli',1,'[{\"added\": {}}]',7,1),(439,'2023-07-18 05:50:45.249250','46','Kakanwil Kemenkumham Banten: \"Layanan Publik dan Pemenuhan Hak WBP Harus Sesuai SOP Tanpa Gratifikas',1,'[{\"added\": {}}]',7,1),(440,'2023-07-18 05:51:34.519473','43','Rapat Kordinasi Penanganan Penyakit Mulut dan Kuku (PMK)',1,'[{\"added\": {}}]',15,1),(441,'2023-07-18 05:51:48.508802','44','P2HAM, Komitmen Kemenkumham Berikan Pelayanan Berkeadilan, Tanpa Diskriminasi dan Berkepastian Hukum',1,'[{\"added\": {}}]',15,1),(442,'2023-07-18 05:52:17.386175','45','Melalui Roving Seminar Kekayaan Intelektual, Menkumham Ajak Gubernur di Seluruh Pulau Sumatera Untuk',1,'[{\"added\": {}}]',15,1),(443,'2023-07-18 05:52:34.673112','46','Menkumham Beri Apresiasi Kepada Seluruh Gubernur di Pulau Sumatera Atas  Kontribusinya Memacu Kekaya',1,'[{\"added\": {}}]',15,1),(444,'2023-07-18 05:52:48.799771','47','Buka Rakernispas Kemenkumham Banten, Dirjen PAS: 3+1 Senjata Utama Pemasyarakatan PASTI',1,'[{\"added\": {}}]',15,1),(445,'2023-07-18 05:53:00.496716','48','Kumham Sehat, Kumham Produktif: Tebar Optimisme dan Semangat Hadapi Pandemi Covid-19',1,'[{\"added\": {}}]',15,1),(446,'2023-07-18 05:53:15.231473','49','Serahkan Surat Hak Cipta Mars dan Himne KPK, Yasonna Tegaskan Prosesnya Cepat dan Tanpa Pungli',1,'[{\"added\": {}}]',15,1),(447,'2023-07-18 05:53:24.822801','50','Kakanwil Kemenkumham Banten: \"Layanan Publik dan Pemenuhan Hak WBP Harus Sesuai SOP Tanpa Gratifikas',1,'[{\"added\": {}}]',15,1),(448,'2023-07-18 06:03:46.887604','47','Deklarasi Janji Kinerja, Kukuhkan Komitmen Jajaran Kanwil Kemenkumham Banten untuk Semakin PASTI di',1,'[{\"added\": {}}]',7,1),(449,'2023-07-18 06:04:22.755184','48','Reses, Tim Komisi III DPR RI Sambangi Kanwil Kemenkumham Banten',1,'[{\"added\": {}}]',7,1),(450,'2023-07-18 06:04:56.166018','49','Kakanwil Banten Ingatkan Pentingnya Memperkuat Kinerja Organisasi',1,'[{\"added\": {}}]',7,1),(451,'2023-07-18 06:05:42.215506','50','Imigrasi Cilegon Menerima Piagam Penghargaan Pelayanan Publik Berbasis HAM Tahun 2021',1,'[{\"added\": {}}]',7,1),(452,'2023-07-18 06:07:11.295603','51','Imigrasi Cilegon Sosialisasikan Permenkumham Nomor 34 Tahun 2021 Kepada Perwakilan Perusahaan di Kot',1,'[{\"added\": {}}]',7,1),(453,'2023-07-18 06:07:46.505012','52','Kantor Wilayah Kementerian Hukum dan HAM Banten Bersama Kantor Imigrasi Kelas II TPI Cilegon Melaksa',1,'[{\"added\": {}}]',7,1),(454,'2023-07-18 06:08:22.245777','53','Yasonna Sapa Jajaran Kemenkumham, dari Sabang hingga Los Angeles',1,'[{\"added\": {}}]',7,1),(455,'2023-07-18 06:09:02.122451','54','Peringati HDKD, Menkumham Ajak ASN Kemenkumham Wujudkan Nilai Semakin PASTI',1,'[{\"added\": {}}]',7,1),(456,'2023-07-18 06:20:14.747404','55','Tata Layanan Publik Berbasis Digital di 76 Tahun Kemenkumham',1,'[{\"added\": {}}]',7,1),(457,'2023-07-18 06:20:50.944974','56','1.000 Bingkisan Diserahkan untuk Pasien Wisma Atlet dalam Giat Kumham  Peduli, Kumham Berbagi dan E',1,'[{\"added\": {}}]',7,1),(458,'2023-07-18 06:21:23.282606','57','SEMINAR NASIONAL DALAM RANGKA MEMPERINGATI HARI DHARMA KARYA DHIKA 2021, KEMENTERIAN HUKUM DAN HAM',1,'[{\"added\": {}}]',7,1),(459,'2023-07-18 06:21:56.854157','58','Bimbingan Teknis Pengawasan Keimigrasian di Wilayah Perairan',1,'[{\"added\": {}}]',7,1),(460,'2023-07-18 06:22:26.617629','59','Eazy Passport: Cara Mudah Bikin Paspor Di Tengah Pandemi Covid-19',1,'[{\"added\": {}}]',7,1),(461,'2023-07-18 06:23:00.829653','60','TIMPORA KOTA CILEGON',1,'[{\"added\": {}}]',7,1),(462,'2023-07-18 06:23:35.565341','61','Loka Karya Pembangunan Zona Integritas WBK/WBBM',1,'[{\"added\": {}}]',7,1),(463,'2023-07-18 06:24:10.355015','62','Doa Kumham Untuk Negri',1,'[{\"added\": {}}]',7,1),(464,'2023-07-18 06:26:33.707602','63','Hari Dharma Karyadhika, Momentum Kemenkumham Tingkatkan Pelayanan Publik',1,'[{\"added\": {}}]',7,1),(465,'2023-07-18 06:27:17.616514','51','Kakanwil Kemenkumham Banten: \"Layanan Publik dan Pemenuhan Hak WBP Harus Sesuai SOP Tanpa Gratifikas',1,'[{\"added\": {}}]',15,1),(466,'2023-07-18 06:27:28.856518','52','Imigrasi Cilegon Menerima Piagam Penghargaan Pelayanan Publik Berbasis HAM Tahun 2021',1,'[{\"added\": {}}]',15,1),(467,'2023-07-18 06:27:46.178361','53','Imigrasi Cilegon Sosialisasikan Permenkumham Nomor 34 Tahun 2021 Kepada Perwakilan Perusahaan di Kot',1,'[{\"added\": {}}]',15,1),(468,'2023-07-18 06:27:59.537310','54','Kantor Wilayah Kementerian Hukum dan HAM Banten Bersama Kantor Imigrasi Kelas II TPI Cilegon Melaksa',1,'[{\"added\": {}}]',15,1),(469,'2023-07-18 06:28:15.309518','55','Yasonna Sapa Jajaran Kemenkumham, dari Sabang hingga Los Angeles',1,'[{\"added\": {}}]',15,1),(470,'2023-07-18 06:28:32.997025','56','Peringati HDKD, Menkumham Ajak ASN Kemenkumham Wujudkan Nilai Semakin PASTI',1,'[{\"added\": {}}]',15,1),(471,'2023-07-18 06:28:54.144063','57','Tata Layanan Publik Berbasis Digital di 76 Tahun Kemenkumham',1,'[{\"added\": {}}]',15,1),(472,'2023-07-18 06:29:09.466173','58','1.000 Bingkisan Diserahkan untuk Pasien Wisma Atlet dalam Giat Kumham  Peduli, Kumham Berbagi dan E',1,'[{\"added\": {}}]',15,1),(473,'2023-07-18 06:29:20.469012','59','SEMINAR NASIONAL DALAM RANGKA MEMPERINGATI HARI DHARMA KARYA DHIKA 2021, KEMENTERIAN HUKUM DAN HAM',1,'[{\"added\": {}}]',15,1),(474,'2023-07-18 06:29:29.920651','60','Bimbingan Teknis Pengawasan Keimigrasian di Wilayah Perairan',1,'[{\"added\": {}}]',15,1),(475,'2023-07-18 06:29:41.858799','61','Eazy Passport: Cara Mudah Bikin Paspor Di Tengah Pandemi Covid-19',1,'[{\"added\": {}}]',15,1),(476,'2023-07-18 06:29:53.477577','62','TIMPORA KOTA CILEGON',1,'[{\"added\": {}}]',15,1),(477,'2023-07-18 06:30:04.321328','63','Loka Karya Pembangunan Zona Integritas WBK/WBBM',1,'[{\"added\": {}}]',15,1),(478,'2023-07-18 06:30:13.028940','64','Doa Kumham Untuk Negri',1,'[{\"added\": {}}]',15,1),(479,'2023-07-18 06:30:23.895606','65','Hari Dharma Karyadhika, Momentum Kemenkumham Tingkatkan Pelayanan Publik',1,'[{\"added\": {}}]',15,1),(480,'2023-07-18 06:38:46.587181','63','Hari Dharma Karyadhika, Momentum Kemenkumham Tingkatkan Pelayanan Publik',2,'[{\"changed\": {\"fields\": [\"Category berita\"]}}]',7,1),(481,'2023-07-18 06:39:02.275206','62','Doa Kumham Untuk Negri',2,'[{\"changed\": {\"fields\": [\"Category berita\"]}}]',7,1),(482,'2023-07-18 06:39:51.905571','57','SEMINAR NASIONAL DALAM RANGKA MEMPERINGATI HARI DHARMA KARYA DHIKA 2021, KEMENTERIAN HUKUM DAN HAM',2,'[{\"changed\": {\"fields\": [\"Category berita\"]}}]',7,1),(483,'2023-07-18 06:40:21.951063','56','1.000 Bingkisan Diserahkan untuk Pasien Wisma Atlet dalam Giat Kumham  Peduli, Kumham Berbagi dan E',2,'[{\"changed\": {\"fields\": [\"Category berita\"]}}]',7,1),(484,'2023-07-18 06:40:38.552791','53','Yasonna Sapa Jajaran Kemenkumham, dari Sabang hingga Los Angeles',2,'[{\"changed\": {\"fields\": [\"Category berita\"]}}]',7,1),(485,'2023-07-18 06:41:18.177326','55','Tata Layanan Publik Berbasis Digital di 76 Tahun Kemenkumham',2,'[{\"changed\": {\"fields\": [\"Category berita\"]}}]',7,1),(486,'2023-07-18 06:41:25.823092','54','Peringati HDKD, Menkumham Ajak ASN Kemenkumham Wujudkan Nilai Semakin PASTI',2,'[{\"changed\": {\"fields\": [\"Category berita\"]}}]',7,1),(487,'2023-07-18 06:42:27.473224','46','Kakanwil Kemenkumham Banten: \"Layanan Publik dan Pemenuhan Hak WBP Harus Sesuai SOP Tanpa Gratifikas',2,'[{\"changed\": {\"fields\": [\"Category berita\"]}}]',7,1),(488,'2023-07-18 06:42:37.784035','52','Kantor Wilayah Kementerian Hukum dan HAM Banten Bersama Kantor Imigrasi Kelas II TPI Cilegon Melaksa',2,'[{\"changed\": {\"fields\": [\"Category berita\"]}}]',7,1),(489,'2023-07-20 08:45:06.885763','3','Pegantian Paspor',2,'[{\"changed\": {\"fields\": [\"Tentang layanan dan persyaratan\", \"Biaya\"]}}]',13,1),(490,'2023-07-20 08:45:51.506587','3','Pegantian Paspor',2,'[]',13,1),(491,'2023-07-20 08:48:49.090488','1','Paspor Baru',2,'[{\"changed\": {\"fields\": [\"Tentang layanan dan persyaratan\", \"Alur proses dan prosedur\", \"Biaya\"]}}]',13,1),(492,'2023-07-20 08:59:54.275299','1','Paspor Baru',2,'[{\"changed\": {\"fields\": [\"Alur proses dan prosedur\", \"Biaya\"]}}]',13,1),(493,'2023-07-21 03:30:26.403188','3','Pegantian Paspor',2,'[{\"changed\": {\"fields\": [\"Content\", \"Tentang layanan dan persyaratan\", \"Alur proses dan prosedur\"]}}]',13,1),(494,'2023-07-21 03:32:32.649684','1','Paspor Baru',2,'[{\"changed\": {\"fields\": [\"Tentang layanan dan persyaratan\"]}}]',13,1),(495,'2023-07-21 08:48:57.446420','20','FotoGaleri object (20)',3,'',9,1),(496,'2023-07-21 08:48:57.448532','19','FotoGaleri object (19)',3,'',9,1),(497,'2023-07-21 08:48:57.450283','18','FotoGaleri object (18)',3,'',9,1),(498,'2023-07-21 08:49:17.093108','21','FotoGaleri object (21)',1,'[{\"added\": {}}]',9,1),(499,'2023-07-24 07:16:35.918116','22','FotoGaleri object (22)',1,'[{\"added\": {}}]',9,1),(500,'2023-07-24 07:17:18.186636','23','FotoGaleri object (23)',1,'[{\"added\": {}}]',9,1),(501,'2023-07-24 07:17:48.897314','24','FotoGaleri object (24)',1,'[{\"added\": {}}]',9,1),(502,'2023-07-24 07:18:07.684987','25','FotoGaleri object (25)',1,'[{\"added\": {}}]',9,1),(503,'2023-07-25 04:17:37.258061','64','Kakanwil Kemenkumham Banten Terima Penyematan Pin Unit Pemberantasan Pungutan Liar',1,'[{\"added\": {}}]',7,1),(504,'2023-07-25 04:18:34.946234','64','Kakanwil Kemenkumham Banten Terima Penyematan Pin Unit Pemberantasan Pungutan Liar',2,'[]',7,1),(505,'2023-07-25 04:18:39.723197','66','Kakanwil Kemenkumham Banten Terima Penyematan Pin Unit Pemberantasan Pungutan Liar',1,'[{\"added\": {}}]',15,1),(506,'2023-07-25 04:25:39.543705','64','Kakanwil Kemenkumham Banten Terima Penyematan Pin Unit Pemberantasan Pungutan Liar',2,'[{\"changed\": {\"fields\": [\"Berita descrition\"]}}]',7,1),(507,'2023-07-25 05:46:17.278317','65','Menkumham Promosikan Kebebasan Beragama Indonesia di Hadapan Anggota Parlemen Inggris',1,'[{\"added\": {}}]',7,1),(508,'2023-07-25 05:46:46.039825','67','Menkumham Promosikan Kebebasan Beragama Indonesia di Hadapan Anggota Parlemen Inggris',1,'[{\"added\": {}}]',15,1),(509,'2023-08-01 19:23:57.337613','5','FileArsipDanDokumen object (5)',1,'[{\"added\": {}}]',8,1),(510,'2023-08-01 19:24:11.654448','6','FileArsipDanDokumen object (6)',1,'[{\"added\": {}}]',8,1),(511,'2023-08-01 19:24:14.252479','7','FileArsipDanDokumen object (7)',1,'[{\"added\": {}}]',8,1),(512,'2023-08-01 19:24:47.955279','5','FileArsipDanDokumen object (5)',3,'',8,1),(513,'2023-08-01 19:24:54.025580','7','FileArsipDanDokumen object (7)',3,'',8,1),(514,'2023-08-01 19:25:00.465139','6','FileArsipDanDokumen object (6)',3,'',8,1),(515,'2023-08-01 19:25:17.700240','8','FileArsipDanDokumen object (8)',1,'[{\"added\": {}}]',8,1),(516,'2023-08-01 19:25:32.435204','8','FileArsipDanDokumen object (8)',3,'',8,1),(517,'2023-08-01 19:25:41.259774','9','FileArsipDanDokumen object (9)',1,'[{\"added\": {}}]',8,1),(518,'2023-08-01 19:25:53.342896','9','FileArsipDanDokumen object (9)',3,'',8,1),(519,'2023-08-01 19:28:34.901933','10','FileArsipDanDokumen object (10)',1,'[{\"added\": {}}]',8,1),(520,'2023-08-01 19:30:00.252914','11','FileArsipDanDokumen object (11)',1,'[{\"added\": {}}]',8,1),(521,'2023-08-01 19:30:26.446535','12','FileArsipDanDokumen object (12)',1,'[{\"added\": {}}]',8,1),(522,'2023-08-01 19:31:02.888411','11','FileArsipDanDokumen object (11)',3,'',8,1),(523,'2023-08-01 19:31:09.434834','12','FileArsipDanDokumen object (12)',3,'',8,1),(524,'2023-08-01 19:31:16.378975','10','FileArsipDanDokumen object (10)',3,'',8,1),(525,'2023-08-01 19:31:43.471678','26','FotoGaleri object (26)',1,'[{\"added\": {}}]',9,1),(526,'2023-08-01 19:35:35.057610','26','Kunjungan Kerja Inspektur Wilayah 1, Inspektorat Jenderal Kemenkumham Meninjau Pelayanan Keimigrasia',2,'[{\"changed\": {\"fields\": [\"Berita image file\"]}}]',15,1),(527,'2023-08-01 19:36:29.819026','26','Kunjungan Kerja Inspektur Wilayah 1, Inspektorat Jenderal Kemenkumham Meninjau Pelayanan Keimigrasia',2,'[{\"changed\": {\"fields\": [\"Berita image file\"]}}]',15,1),(528,'2023-08-01 19:37:29.190230','26','Kunjungan Kerja Inspektur Wilayah 1, Inspektorat Jenderal Kemenkumham Meninjau Pelayanan Keimigrasia',2,'[{\"changed\": {\"fields\": [\"Berita image file\"]}}]',15,1),(529,'2023-08-01 19:37:33.282065','26','Kunjungan Kerja Inspektur Wilayah 1, Inspektorat Jenderal Kemenkumham Meninjau Pelayanan Keimigrasia',2,'[{\"changed\": {\"fields\": [\"Berita image file\"]}}]',15,1),(530,'2023-08-01 19:40:01.127839','26','Kunjungan Kerja Inspektur Wilayah 1, Inspektorat Jenderal Kemenkumham Meninjau Pelayanan Keimigrasia',2,'[{\"changed\": {\"fields\": [\"Berita image file\"]}}]',15,1),(531,'2023-08-01 19:42:11.067842','13','FileArsipDanDokumen object (13)',1,'[{\"added\": {}}]',8,1),(532,'2023-08-01 19:42:12.803869','14','FileArsipDanDokumen object (14)',1,'[{\"added\": {}}]',8,1),(533,'2023-08-01 19:42:28.421188','13','FileArsipDanDokumen object (13)',3,'',8,1),(534,'2023-08-01 19:42:37.012540','14','FileArsipDanDokumen object (14)',3,'',8,1),(535,'2023-08-01 19:43:12.122527','15','FileArsipDanDokumen object (15)',1,'[{\"added\": {}}]',8,1),(536,'2023-08-01 19:43:26.622521','15','FileArsipDanDokumen object (15)',3,'',8,1),(537,'2023-08-01 19:44:09.812949','16','FileArsipDanDokumen object (16)',1,'[{\"added\": {}}]',8,1),(538,'2023-08-01 19:44:41.961056','16','FileArsipDanDokumen object (16)',3,'',8,1),(539,'2023-08-01 19:45:07.222298','17','FileArsipDanDokumen object (17)',1,'[{\"added\": {}}]',8,1),(540,'2023-08-01 19:45:31.140302','17','FileArsipDanDokumen object (17)',3,'',8,1),(541,'2023-08-01 19:48:09.154941','3','admin50',1,'[{\"added\": {}}]',4,1),(542,'2023-08-02 12:33:20.941601','3','admin50',2,'[{\"changed\": {\"fields\": [\"Superuser status\"]}}]',4,1),(543,'2023-08-02 12:34:00.458803','1','admin',1,'[{\"added\": {}}]',3,1),(544,'2023-08-02 12:34:48.748660','3','admin50',3,'',4,1),(545,'2023-08-02 12:35:09.661070','4','administrator',1,'[{\"added\": {}}]',4,1),(546,'2023-08-04 07:04:16.166618','26','FotoGaleri object (26)',3,'',9,1),(547,'2023-08-07 06:26:13.878372','13','StrukturOrganisasi object (13)',2,'[]',17,1),(548,'2023-08-15 02:16:42.798510','66','SERU, IMIGRASI CILEGON IKUTI PERLOMBAAN TRADISIONAL',1,'[{\"added\": {}}]',7,1),(549,'2023-08-15 02:17:10.771760','68','SERU, IMIGRASI CILEGON IKUTI PERLOMBAAN TRADISIONAL',1,'[{\"added\": {}}]',15,1),(550,'2023-08-15 03:45:38.366711','7','Izin Tinggal Kunjungan',1,'[{\"added\": {}}]',13,1),(551,'2023-08-15 03:47:37.457766','6','test 2',3,'',13,1),(552,'2023-08-15 03:48:05.103034','6','Izin Tinggal Kunjungan',2,'[{\"changed\": {\"fields\": [\"Content menu\"]}}]',13,1),(553,'2023-08-15 03:58:06.402801','7','Izin Tinggal Terbatas',2,'[{\"changed\": {\"fields\": [\"Content name\", \"Content\", \"Tentang layanan dan persyaratan\", \"Alur proses dan prosedur\", \"Biaya\"]}}]',13,1),(554,'2023-08-15 04:02:01.337101','7','Izin Tinggal Terbatas',2,'[{\"changed\": {\"fields\": [\"Tentang layanan dan persyaratan\"]}}]',13,1),(555,'2023-08-15 04:14:43.455384','10','Alih Status ITK ke ITAS',1,'[{\"added\": {}}]',13,1),(556,'2023-08-15 04:15:57.867641','10','Alih Status Izin Tinggal',2,'[{\"changed\": {\"fields\": [\"Content name\"]}}]',13,1),(557,'2023-08-15 05:41:09.595096','12','Pendaftaran ABG dan Fasilitas Keimigrasian',1,'[{\"added\": {}}]',13,1),(558,'2023-08-15 06:15:02.170892','9','Izin Tinggal Tetap',1,'[{\"added\": {}}]',13,1),(559,'2023-08-15 06:19:16.240631','11','perubahan alamat',1,'[{\"added\": {}}]',13,1),(560,'2023-08-15 06:22:59.631943','11','perubahan alamat',2,'[{\"changed\": {\"fields\": [\"Alur proses dan prosedur\"]}}]',13,1),(561,'2023-08-15 07:03:09.369270','1','Paspor Baru',2,'[{\"changed\": {\"fields\": [\"Tentang layanan dan persyaratan\", \"Alur proses dan prosedur\", \"Biaya\"]}}]',13,1),(562,'2023-08-17 01:53:01.039474','67','Kepala Kantor Imigrasi Cilegon Hadiri Rapat Paripurna Istimewa DPRD Kota Cilegon',1,'[{\"added\": {}}]',7,1),(563,'2023-08-17 01:53:37.879193','69','Kepala Kantor Imigrasi Cilegon Hadiri Rapat Paripurna Istimewa DPRD Kota Cilegon',1,'[{\"added\": {}}]',15,1),(564,'2023-08-24 01:45:21.558978','68','Waspadai Dampak Negatif Artificial Intelligence, Menkumham Dorong Penguatan Teknologi Intelijen',1,'[{\"added\": {}}]',7,1),(565,'2023-08-24 01:46:33.820452','70','Waspadai Dampak Negatif Artificial Intelligence, Menkumham Dorong Penguatan Teknologi Intelijen',1,'[{\"added\": {}}]',15,1),(566,'2023-08-29 03:50:37.276771','13','StrukturOrganisasi object (13)',2,'[{\"changed\": {\"fields\": [\"Foto\"]}}]',17,1),(567,'2023-09-01 02:16:10.793634','31','SK Penetapan PPID',2,'[]',13,1),(568,'2023-09-01 02:39:58.025337','3','FileArsipDanDokumen object (3)',2,'[{\"changed\": {\"fields\": [\"File name\", \"File\"]}}]',8,1),(569,'2023-09-01 02:51:48.853013','3','FileArsipDanDokumen object (3)',2,'[{\"changed\": {\"fields\": [\"File name\"]}}]',8,1),(570,'2023-09-11 02:20:28.230696','18','FileArsipDanDokumen object (18)',1,'[{\"added\": {}}]',8,1),(571,'2023-09-11 02:21:09.233424','1','FileArsipDanDokumen object (1)',3,'',8,1),(572,'2023-09-11 02:21:31.541192','19','FileArsipDanDokumen object (19)',1,'[{\"added\": {}}]',8,1),(573,'2023-09-11 02:52:09.109813','19','FileArsipDanDokumen object (19)',3,'',8,1),(574,'2023-09-11 03:09:06.179599','20','FileArsipDanDokumen object (20)',1,'[{\"added\": {}}]',8,1),(575,'2023-09-11 03:10:05.848093','20','FileArsipDanDokumen object (20)',3,'',8,1),(576,'2023-09-11 03:10:42.022781','21','FileArsipDanDokumen object (21)',1,'[{\"added\": {}}]',8,1),(577,'2023-09-11 03:11:44.456913','21','FileArsipDanDokumen object (21)',3,'',8,1),(578,'2023-09-11 03:17:25.234247','22','FileArsipDanDokumen object (22)',1,'[{\"added\": {}}]',8,1),(579,'2023-09-29 02:55:43.388398','69','Sesi Tahunan AALCO ke-61 di Indonesia akan Bahas Isu Hukum kepentingan Asia dan Afrika',1,'[{\"added\": {}}]',7,1),(580,'2023-09-29 02:56:11.537261','71','Sesi Tahunan AALCO ke-61 di Indonesia akan Bahas Isu Hukum kepentingan Asia dan Afrika',1,'[{\"added\": {}}]',15,1),(581,'2023-09-29 02:56:46.138014','72','Sesi Tahunan AALCO ke-61 di Indonesia akan Bahas Isu Hukum kepentingan Asia dan Afrika',1,'[{\"added\": {}}]',15,1),(582,'2023-09-29 02:56:55.693177','72','Sesi Tahunan AALCO ke-61 di Indonesia akan Bahas Isu Hukum kepentingan Asia dan Afrika',2,'[{\"changed\": {\"fields\": [\"Berita image file\"]}}]',15,1),(583,'2023-10-11 05:30:20.658033','17','FotoGaleri object (17)',3,'',9,1),(584,'2023-10-11 05:30:20.660445','16','FotoGaleri object (16)',3,'',9,1),(585,'2023-10-11 05:58:12.151124','25','FotoGaleri object (25)',3,'',9,1),(586,'2023-10-11 05:58:12.153171','24','FotoGaleri object (24)',3,'',9,1),(587,'2023-10-11 05:58:12.154721','23','FotoGaleri object (23)',3,'',9,1),(588,'2023-10-25 07:19:36.415033','23','FileArsipDanDokumen object (23)',1,'[{\"added\": {}}]',8,1),(589,'2023-10-25 07:51:49.430573','24','FileArsipDanDokumen object (24)',1,'[{\"added\": {}}]',8,1),(590,'2023-10-25 07:55:29.008374','25','FileArsipDanDokumen object (25)',1,'[{\"added\": {}}]',8,1),(591,'2023-10-25 07:56:58.205971','24','FileArsipDanDokumen object (24)',3,'',8,1),(592,'2023-10-25 07:56:58.207529','23','FileArsipDanDokumen object (23)',3,'',8,1),(593,'2023-10-25 07:56:58.208851','4','FileArsipDanDokumen object (4)',3,'',8,1);
/*!40000 ALTER TABLE `django_admin_log` ENABLE KEYS */;
UNLOCK TABLES;

--
-- Table structure for table `django_content_type`
--

DROP TABLE IF EXISTS `django_content_type`;
/*!40101 SET @saved_cs_client     = @@character_set_client */;
/*!40101 SET character_set_client = utf8 */;
CREATE TABLE `django_content_type` (
  `id` int(11) NOT NULL AUTO_INCREMENT,
  `app_label` varchar(100) NOT NULL,
  `model` varchar(100) NOT NULL,
  PRIMARY KEY (`id`),
  UNIQUE KEY `django_content_type_app_label_model_76bd3d3b_uniq` (`app_label`,`model`)
) ENGINE=InnoDB AUTO_INCREMENT=27 DEFAULT CHARSET=utf8mb4 COLLATE=utf8mb4_general_ci;
/*!40101 SET character_set_client = @saved_cs_client */;

--
-- Dumping data for table `django_content_type`
--

LOCK TABLES `django_content_type` WRITE;
/*!40000 ALTER TABLE `django_content_type` DISABLE KEYS */;
INSERT INTO `django_content_type` VALUES (1,'admin','logentry'),(3,'auth','group'),(2,'auth','permission'),(4,'auth','user'),(5,'contenttypes','contenttype'),(7,'main','berita'),(15,'main','beritaimage'),(13,'main','content'),(8,'main','filearsipdandokumen'),(9,'main','fotogaleri'),(20,'main','indexkepuasanmasyarakat'),(21,'main','indexpersepsikorupsi'),(25,'main','indexsurvey'),(24,'main','ipkandikm'),(26,'main','ipkandikmsurvey'),(16,'main','kakanim'),(22,'main','laporanpelayananwna'),(23,'main','laporanpelayananwni'),(19,'main','listperusahaandanpenginapanwilayahkerja'),(10,'main','mainmenu'),(11,'main','menu'),(17,'main','strukturorganisasi'),(14,'main','submenu'),(18,'main','visidanmisi'),(12,'main','youtubevideo'),(6,'sessions','session');
/*!40000 ALTER TABLE `django_content_type` ENABLE KEYS */;
UNLOCK TABLES;

--
-- Table structure for table `django_migrations`
--

DROP TABLE IF EXISTS `django_migrations`;
/*!40101 SET @saved_cs_client     = @@character_set_client */;
/*!40101 SET character_set_client = utf8 */;
CREATE TABLE `django_migrations` (
  `id` bigint(20) NOT NULL AUTO_INCREMENT,
  `app` varchar(255) NOT NULL,
  `name` varchar(255) NOT NULL,
  `applied` datetime(6) NOT NULL,
  PRIMARY KEY (`id`)
) ENGINE=InnoDB AUTO_INCREMENT=39 DEFAULT CHARSET=utf8mb4 COLLATE=utf8mb4_general_ci;
/*!40101 SET character_set_client = @saved_cs_client */;

--
-- Dumping data for table `django_migrations`
--

LOCK TABLES `django_migrations` WRITE;
/*!40000 ALTER TABLE `django_migrations` DISABLE KEYS */;
INSERT INTO `django_migrations` VALUES (1,'contenttypes','0001_initial','2023-05-28 23:39:56.177437'),(2,'auth','0001_initial','2023-05-28 23:39:56.583521'),(3,'admin','0001_initial','2023-05-28 23:39:56.668195'),(4,'admin','0002_logentry_remove_auto_add','2023-05-28 23:39:56.675109'),(5,'admin','0003_logentry_add_action_flag_choices','2023-05-28 23:39:56.681070'),(6,'contenttypes','0002_remove_content_type_name','2023-05-28 23:39:56.739792'),(7,'auth','0002_alter_permission_name_max_length','2023-05-28 23:39:56.778922'),(8,'auth','0003_alter_user_email_max_length','2023-05-28 23:39:56.801790'),(9,'auth','0004_alter_user_username_opts','2023-05-28 23:39:56.808313'),(10,'auth','0005_alter_user_last_login_null','2023-05-28 23:39:56.843384'),(11,'auth','0006_require_contenttypes_0002','2023-05-28 23:39:56.846116'),(12,'auth','0007_alter_validators_add_error_messages','2023-05-28 23:39:56.852604'),(13,'auth','0008_alter_user_username_max_length','2023-05-28 23:39:56.874799'),(14,'auth','0009_alter_user_last_name_max_length','2023-05-28 23:39:56.897704'),(15,'auth','0010_alter_group_name_max_length','2023-05-28 23:39:56.920097'),(16,'auth','0011_update_proxy_permissions','2023-05-28 23:39:56.928520'),(17,'auth','0012_alter_user_first_name_max_length','2023-05-28 23:39:56.950855'),(18,'main','0001_initial','2023-05-28 23:39:57.215918'),(19,'sessions','0001_initial','2023-05-28 23:39:57.252926'),(20,'main','0002_alter_content_category_content','2023-05-28 23:42:43.670338'),(21,'main','0003_alter_filearsipdandokumen_category','2023-05-28 23:43:16.987350'),(22,'main','0004_kakanim_strukturorganisasi_and_more','2023-05-28 23:56:21.630098'),(23,'main','0005_alter_content_content_menu_and_more','2023-05-29 04:51:33.760674'),(24,'main','0006_alter_content_content','2023-05-29 04:56:34.452461'),(25,'main','0007_fotogaleri_foto_category_and_more','2023-05-30 13:26:49.701817'),(26,'main','0008_youtubevideo_youtube_category','2023-05-30 13:29:35.195850'),(27,'main','0009_alter_filearsipdandokumen_category_and_more','2023-05-30 13:33:14.965205'),(28,'main','0010_visidanmisi_alter_filearsipdandokumen_category','2023-05-30 17:45:10.663657'),(29,'main','0011_alter_filearsipdandokumen_category_and_more','2023-06-04 08:10:21.450455'),(30,'main','0012_listperusahaandanpenginapanwilayahkerja_and_more','2023-06-04 20:17:45.471029'),(31,'main','0013_indexkepuasanmasyarakat_indexpersepsikorupsi_and_more','2023-07-08 21:47:34.826819'),(32,'main','0014_alter_filearsipdandokumen_category','2023-07-08 22:14:35.067999'),(33,'main','0015_alter_filearsipdandokumen_category','2023-07-08 22:14:35.074567'),(34,'main','0016_alter_filearsipdandokumen_category','2023-07-08 22:14:35.078940'),(35,'main','0017_alter_filearsipdandokumen_category','2023-07-14 01:52:23.627863'),(36,'main','0018_alter_filearsipdandokumen_category','2023-07-14 01:52:41.288848'),(37,'main','0019_alter_filearsipdandokumen_category','2023-07-14 01:53:43.845773'),(38,'main','0015_ipkandikm_strukturorganisasi_foto_and_more','2023-07-14 02:08:20.464736');
/*!40000 ALTER TABLE `django_migrations` ENABLE KEYS */;
UNLOCK TABLES;

--
-- Table structure for table `django_session`
--

DROP TABLE IF EXISTS `django_session`;
/*!40101 SET @saved_cs_client     = @@character_set_client */;
/*!40101 SET character_set_client = utf8 */;
CREATE TABLE `django_session` (
  `session_key` varchar(40) NOT NULL,
  `session_data` longtext NOT NULL,
  `expire_date` datetime(6) NOT NULL,
  PRIMARY KEY (`session_key`),
  KEY `django_session_expire_date_a5c62663` (`expire_date`)
) ENGINE=InnoDB DEFAULT CHARSET=utf8mb4 COLLATE=utf8mb4_general_ci;
/*!40101 SET character_set_client = @saved_cs_client */;

--
-- Dumping data for table `django_session`
--

LOCK TABLES `django_session` WRITE;
/*!40000 ALTER TABLE `django_session` DISABLE KEYS */;
INSERT INTO `django_session` VALUES ('0hsui7uoy9ctpmhwjljqmpfhpepj8imo','.eJxVjDsOwjAQBe_iGllx_NtQ0nMGy-v14gCypTipEHeHSCmgfTPzXiLEbS1h63kJM4mzUOL0u2FMj1x3QPdYb02mVtdlRrkr8qBdXhvl5-Vw_w5K7OVb2-S10YA0essDKSAecTLgLGbD3ijtnFFuQO8gO2D2AH5iytESWCLx_gDL1Tel:1qML3h:KD2nTyKVc07frTzzMStXELg7B-ftR-FOnv8KE88Ad4k','2023-08-03 04:14:33.188846'),('145xzgp27mogo9t8b7due4ci31d2bl6w','.eJxVjDsOwjAQBe_iGllOsv5R0ucM1tq7xgHkSHFSIe6OLKWA9s3Me4uAx17C0XgLC4mrGMTld4uYnlw7oAfW-yrTWvdtibIr8qRNzivx63a6fwcFW-m1NpY9GzU4wx6UZUo65xEm5dAlpZwfgazNoIE8IMIEBJYTeohgnfh8AdDRN2I:1qTmRg:jccY9CJzGkXtrB8uoUTnPZ5nrnCb-VlfTNkqANIIH8A','2023-08-23 16:54:04.590350'),('1ijkako8x8e13cds9iubpb2ic7e5u68p','.eJxVjDsOwjAQBe_iGllx_NtQ0nMGy-v14gCypTipEHeHSCmgfTPzXiLEbS1h63kJM4mzUOL0u2FMj1x3QPdYb02mVtdlRrkr8qBdXhvl5-Vw_w5K7OVb2-S10YA0essDKSAecTLgLGbD3ijtnFFuQO8gO2D2AH5iytESWCLx_gDL1Tel:1q4Dxv:_u7IGCDSOMoZO5-wNArDMR3vdFLR7YW-LLUzsu2gqqQ','2023-06-14 05:01:43.381364'),('24rxlgkghhdsxw9dxia3qbbd1jaitume','.eJxVjDsOwjAQBe_iGllx_NtQ0nMGy-v14gCypTipEHeHSCmgfTPzXiLEbS1h63kJM4mzUOL0u2FMj1x3QPdYb02mVtdlRrkr8qBdXhvl5-Vw_w5K7OVb2-S10YA0essDKSAecTLgLGbD3ijtnFFuQO8gO2D2AH5iytESWCLx_gDL1Tel:1qIG5R:2GsV5nRSx1IpD5suPUbJRiHRqIGrNe7fy1tVXoikErY','2023-07-22 22:07:29.529903'),('4lcboujoat5xz3qtnvbavaj7d8slntij','.eJxVjDsOwjAQBe_iGllOsv5R0ucM1tq7xgHkSHFSIe6OLKWA9s3Me4uAx17C0XgLC4mrGMTld4uYnlw7oAfW-yrTWvdtibIr8qRNzivx63a6fwcFW-m1NpY9GzU4wx6UZUo65xEm5dAlpZwfgazNoIE8IMIEBJYTeohgnfh8AdDRN2I:1qpsJk:5rn2jMzPKazYcH65df5pU0BIdywc9eUmyO32QFjF6z0','2023-10-23 15:37:12.762933'),('4xgb1fcyfms7t01crx24xxwtwgxz1lg1','.eJxVjDsOwjAQBe_iGllx_NtQ0nMGy-v14gCypTipEHeHSCmgfTPzXiLEbS1h63kJM4mzUOL0u2FMj1x3QPdYb02mVtdlRrkr8qBdXhvl5-Vw_w5K7OVb2-S10YA0essDKSAecTLgLGbD3ijtnFFuQO8gO2D2AH5iytESWCLx_gDL1Tel:1qO9Zo:-pNo_Hd1JjzcEs-dK-tT3Qk4tn3BozVL_6aEsO5F2co','2023-08-08 04:23:12.638667'),('630z64ahai1ylxr3pf8qxiu08janfa1x','.eJxVjDsOwjAQBe_iGllx_NtQ0nMGy-v14gCypTipEHeHSCmgfTPzXiLEbS1h63kJM4mzUOL0u2FMj1x3QPdYb02mVtdlRrkr8qBdXhvl5-Vw_w5K7OVb2-S10YA0essDKSAecTLgLGbD3ijtnFFuQO8gO2D2AH5iytESWCLx_gDL1Tel:1q5uBL:FEjVunoW2RN3S11rGJncsKznM5MnfsPxirNaIg7qTS0','2023-06-18 20:18:31.045210'),('6l4mtpruhjp6xb1xq3gejcpo0b7stuzb','.eJxVjDsOwjAQBe_iGllOsv5R0ucM1tq7xgHkSHFSIe6OLKWA9s3Me4uAx17C0XgLC4mrGMTld4uYnlw7oAfW-yrTWvdtibIr8qRNzivx63a6fwcFW-m1NpY9GzU4wx6UZUo65xEm5dAlpZwfgazNoIE8IMIEBJYTeohgnfh8AdDRN2I:1qvY2m:HR-XsEvK48crubBaQUNWViAyzrWwiBwY0wULVRRsxb0','2023-11-08 07:11:08.743848'),('6w8jglqm15o5jo5ef6km2csa4lf16jyg','.eJxVjDsOwjAQBe_iGllx_NtQ0nMGy-v14gCypTipEHeHSCmgfTPzXiLEbS1h63kJM4mzUOL0u2FMj1x3QPdYb02mVtdlRrkr8qBdXhvl5-Vw_w5K7OVb2-S10YA0essDKSAecTLgLGbD3ijtnFFuQO8gO2D2AH5iytESWCLx_gDL1Tel:1q3pze:Pc8nA7SgJGZXfQgMzkNUW-Igf-YW5ZBjBs5b0xrQrk4','2023-06-13 03:25:54.628331'),('6wxzl5t2omfyqoftp11hiedd2tvadw7y','.eJxVjDsOwjAQBe_iGllOsv5R0ucM1tq7xgHkSHFSIe6OLKWA9s3Me4uAx17C0XgLC4mrGMTld4uYnlw7oAfW-yrTWvdtibIr8qRNzivx63a6fwcFW-m1NpY9GzU4wx6UZUo65xEm5dAlpZwfgazNoIE8IMIEBJYTeohgnfh8AdDRN2I:1qVjaV:T4jx2NFUKCp00XZfeJ2WDYy2zEMMHwNzJLcU0lYZrjU','2023-08-29 02:15:15.446673'),('7429mjf7angt1td8xyl7cz2j2bgzwca9','.eJxVjDsOwjAQBe_iGllx_NtQ0nMGy-v14gCypTipEHeHSCmgfTPzXiLEbS1h63kJM4mzUOL0u2FMj1x3QPdYb02mVtdlRrkr8qBdXhvl5-Vw_w5K7OVb2-S10YA0essDKSAecTLgLGbD3ijtnFFuQO8gO2D2AH5iytESWCLx_gDL1Tel:1qIlpU:zTkcg7frxA9SW6ByZriIBpy-KihJL95wlkQ4y-tOWmI','2023-07-24 08:01:08.238456'),('8lgh7rro08z13lbt3xzd2in7l9909hr5','.eJxVjDsOwjAQBe_iGllOsv5R0ucM1tq7xgHkSHFSIe6OLKWA9s3Me4uAx17C0XgLC4mrGMTld4uYnlw7oAfW-yrTWvdtibIr8qRNzivx63a6fwcFW-m1NpY9GzU4wx6UZUo65xEm5dAlpZwfgazNoIE8IMIEBJYTeohgnfh8AdDRN2I:1qv8uv:HOXpG9gc73FkkfL-GNQuHIpY7gvkgclKniCyO9SyNMw','2023-11-07 04:21:21.406445'),('8t9w093okg21isflin2wyora1soq43yq','.eJxVjDsOwjAQBe_iGllOsv5R0ucM1tq7xgHkSHFSIe6OLKWA9s3Me4uAx17C0XgLC4mrGMTld4uYnlw7oAfW-yrTWvdtibIr8qRNzivx63a6fwcFW-m1NpY9GzU4wx6UZUo65xEm5dAlpZwfgazNoIE8IMIEBJYTeohgnfh8AdDRN2I:1qRorz:OC_pJ8-v322v4hXakODERp8Fu7hsAOdstDXhyEMldLU','2023-08-18 07:05:07.344487'),('99my670tjiac7bjbc48g7vcl8ewl7sms','.eJxVjDsOwjAQBe_iGllx_NtQ0nMGy-v14gCypTipEHeHSCmgfTPzXiLEbS1h63kJM4mzUOL0u2FMj1x3QPdYb02mVtdlRrkr8qBdXhvl5-Vw_w5K7OVb2-S10YA0essDKSAecTLgLGbD3ijtnFFuQO8gO2D2AH5iytESWCLx_gDL1Tel:1qOBkX:16HjBl4g4YJzyz0vxgCji1RPhRttsCkrhBztoR4SzTc','2023-08-08 06:42:25.752989'),('9ciyixjde2dter1m6mpqx41r0dkk23ie','.eJxVjDsOwjAQBe_iGllOsv5R0ucM1tq7xgHkSHFSIe6OLKWA9s3Me4uAx17C0XgLC4mrGMTld4uYnlw7oAfW-yrTWvdtibIr8qRNzivx63a6fwcFW-m1NpY9GzU4wx6UZUo65xEm5dAlpZwfgazNoIE8IMIEBJYTeohgnfh8AdDRN2I:1qmRJ4:OEX2bXLsd1NfHF7jCKeArVHbiRvDMqRaGGP20Uqw1b4','2023-10-14 04:10:18.591010'),('9ujk73wt36ssl8c8e78w774n6lfvz220','.eJxVjDsOwjAQBe_iGllx_NtQ0nMGy-v14gCypTipEHeHSCmgfTPzXiLEbS1h63kJM4mzUOL0u2FMj1x3QPdYb02mVtdlRrkr8qBdXhvl5-Vw_w5K7OVb2-S10YA0essDKSAecTLgLGbD3ijtnFFuQO8gO2D2AH5iytESWCLx_gDL1Tel:1q3ZjM:ptWzO_hWbAvmG5PWq_A4J2wnoEzcb9oreXcDM2_Qg0Q','2023-06-12 10:04:00.168650'),('b86dt9u59mp7yks64wy1djjjc3j7lm3x','.eJxVjDsOwjAQBe_iGllx_NtQ0nMGy-v14gCypTipEHeHSCmgfTPzXiLEbS1h63kJM4mzUOL0u2FMj1x3QPdYb02mVtdlRrkr8qBdXhvl5-Vw_w5K7OVb2-S10YA0essDKSAecTLgLGbD3ijtnFFuQO8gO2D2AH5iytESWCLx_gDL1Tel:1qJlJi:cd0LVQH_7-JT63NquYEF_d0TcqnkfELvT7PvEyMCMHs','2023-07-27 01:40:26.501365'),('bze913mzgnf9007kdxvnfen8vs96xbay','.eJxVjDsOwjAQBe_iGllx_NtQ0nMGy-v14gCypTipEHeHSCmgfTPzXiLEbS1h63kJM4mzUOL0u2FMj1x3QPdYb02mVtdlRrkr8qBdXhvl5-Vw_w5K7OVb2-S10YA0essDKSAecTLgLGbD3ijtnFFuQO8gO2D2AH5iytESWCLx_gDL1Tel:1qQusb:Yd2LhOINmno0gSi8bywBda6og1F0UZGWOO7Zn9UlPbY','2023-08-15 19:18:01.009821'),('c1f7jlwlln81bihr8fs9e18q1etol15n','.eJxVjDsOwjAQBe_iGllx_NtQ0nMGy-v14gCypTipEHeHSCmgfTPzXiLEbS1h63kJM4mzUOL0u2FMj1x3QPdYb02mVtdlRrkr8qBdXhvl5-Vw_w5K7OVb2-S10YA0essDKSAecTLgLGbD3ijtnFFuQO8gO2D2AH5iytESWCLx_gDL1Tel:1qJlQ4:EeiRPIEJDJSUPZM1LhIKjfWmrUYb9UZwzUbOrRPO9HE','2023-07-27 01:47:00.773763'),('cngfvvq8plcl2mwq03grr4d75gl9pqj0','.eJxVjDsOwjAQBe_iGllx_NtQ0nMGy-v14gCypTipEHeHSCmgfTPzXiLEbS1h63kJM4mzUOL0u2FMj1x3QPdYb02mVtdlRrkr8qBdXhvl5-Vw_w5K7OVb2-S10YA0essDKSAecTLgLGbD3ijtnFFuQO8gO2D2AH5iytESWCLx_gDL1Tel:1qQurx:EOiXbh0byIulA9kayWg6Dt1FMpfdzvdgCoddnBxIgYM','2023-08-15 19:17:21.711237'),('cvcljgmxi5vf79l19xjve6i5ddru2051','.eJxVjDsOwjAQBe_iGllx_NtQ0nMGy-v14gCypTipEHeHSCmgfTPzXiLEbS1h63kJM4mzUOL0u2FMj1x3QPdYb02mVtdlRrkr8qBdXhvl5-Vw_w5K7OVb2-S10YA0essDKSAecTLgLGbD3ijtnFFuQO8gO2D2AH5iytESWCLx_gDL1Tel:1qK8cQ:BO5o_xkNi7Hu4CVjI2_dpVN-YU4xrddceI6PX18eF4Q','2023-07-28 02:33:18.001038'),('d0ycwlw98mbr0tkygu9xninxmp9r2s3v','.eJxVjDsOwjAQBe_iGllx_NtQ0nMGy-v14gCypTipEHeHSCmgfTPzXiLEbS1h63kJM4mzUOL0u2FMj1x3QPdYb02mVtdlRrkr8qBdXhvl5-Vw_w5K7OVb2-S10YA0essDKSAecTLgLGbD3ijtnFFuQO8gO2D2AH5iytESWCLx_gDL1Tel:1qQuru:AKFytoIJ7tRqDVmG-1bNyHJraoIEKxzQrBnUFJOoRgQ','2023-08-15 19:17:18.168705'),('e769phnm80gt6sgf2lfmah5qvz1t70nj','.eJxVjDsOwjAQBe_iGllx_NtQ0nMGy-v14gCypTipEHeHSCmgfTPzXiLEbS1h63kJM4mzUOL0u2FMj1x3QPdYb02mVtdlRrkr8qBdXhvl5-Vw_w5K7OVb2-S10YA0essDKSAecTLgLGbD3ijtnFFuQO8gO2D2AH5iytESWCLx_gDL1Tel:1qQurv:-uePSpzItbQ5FA3GoDeGG_z46vur1YNUEHbe8x_eV7c','2023-08-15 19:17:19.492512'),('fufps48u80sy2kpmn7nanvjj4tiygakl','.eJxVjDsOwjAQBe_iGllx_NtQ0nMGy-v14gCypTipEHeHSCmgfTPzXiLEbS1h63kJM4mzUOL0u2FMj1x3QPdYb02mVtdlRrkr8qBdXhvl5-Vw_w5K7OVb2-S10YA0essDKSAecTLgLGbD3ijtnFFuQO8gO2D2AH5iytESWCLx_gDL1Tel:1q3sVk:0j-fdMrdgxoEfC4wNtnedZHMubUMFFEHP7M6uF2H_8w','2023-06-13 06:07:12.952496'),('gey61sj8j98qlycc7ufdgkoiv4myarw0','.eJxVjDsOwjAQBe_iGllx_NtQ0nMGy-v14gCypTipEHeHSCmgfTPzXiLEbS1h63kJM4mzUOL0u2FMj1x3QPdYb02mVtdlRrkr8qBdXhvl5-Vw_w5K7OVb2-S10YA0essDKSAecTLgLGbD3ijtnFFuQO8gO2D2AH5iytESWCLx_gDL1Tel:1qJlvT:POJ16ZTIXSWLPC0uIUpnrma-jO_1fPGm7Bl4nC4W3fY','2023-07-27 02:19:27.923638'),('guwkdxlin4tf63ngjdwjn3lz17en4vz9','.eJxVjDsOwjAQBe_iGllx_NtQ0nMGy-v14gCypTipEHeHSCmgfTPzXiLEbS1h63kJM4mzUOL0u2FMj1x3QPdYb02mVtdlRrkr8qBdXhvl5-Vw_w5K7OVb2-S10YA0essDKSAecTLgLGbD3ijtnFFuQO8gO2D2AH5iytESWCLx_gDL1Tel:1qJl9d:YH7LEGJyRSIYdqOWPG0Zk5kE2av60Va_OaMXgW8aQBc','2023-07-27 01:30:01.929548'),('gvz1eejdcph6ntytkftfigoons0bavzb','.eJxVjDsOwjAQBe_iGllOsv5R0ucM1tq7xgHkSHFSIe6OLKWA9s3Me4uAx17C0XgLC4mrGMTld4uYnlw7oAfW-yrTWvdtibIr8qRNzivx63a6fwcFW-m1NpY9GzU4wx6UZUo65xEm5dAlpZwfgazNoIE8IMIEBJYTeohgnfh8AdDRN2I:1qRpl3:-uFOZJFHLoc5rNrA-VmWlkfZmXC0Ia0DML2OUBWOGwY','2023-08-18 08:02:01.735844'),('hcg157h6xnlbujnzjoa3x23kc1aqm32r','.eJxVjDsOwjAQBe_iGllOsv5R0ucM1tq7xgHkSHFSIe6OLKWA9s3Me4uAx17C0XgLC4mrGMTld4uYnlw7oAfW-yrTWvdtibIr8qRNzivx63a6fwcFW-m1NpY9GzU4wx6UZUo65xEm5dAlpZwfgazNoIE8IMIEBJYTeohgnfh8AdDRN2I:1qYJ3X:pgCvlFee-e5eVz2XYBg9v-wgMNf_EfZx-bHhdLZzf0s','2023-09-05 04:31:51.036387'),('i1jo2tlgy5hit6h4jodntsc2inu9i4me','.eJxVjDsOwjAQBe_iGllOsv5R0ucM1tq7xgHkSHFSIe6OLKWA9s3Me4uAx17C0XgLC4mrGMTld4uYnlw7oAfW-yrTWvdtibIr8qRNzivx63a6fwcFW-m1NpY9GzU4wx6UZUo65xEm5dAlpZwfgazNoIE8IMIEBJYTeohgnfh8AdDRN2I:1qv8Ic:4YySqNNweD3PuklP2lISC3ZkiKy5ZNC5pOs_DuVki5I','2023-11-07 03:41:46.966976'),('iijxdhttqhfi6v80rnfxvqgp51qad9kw','.eJxVjDsOwjAQBe_iGllx_NtQ0nMGy-v14gCypTipEHeHSCmgfTPzXiLEbS1h63kJM4mzUOL0u2FMj1x3QPdYb02mVtdlRrkr8qBdXhvl5-Vw_w5K7OVb2-S10YA0essDKSAecTLgLGbD3ijtnFFuQO8gO2D2AH5iytESWCLx_gDL1Tel:1qK8iT:JzyXOjOhC07e-I5QucHNDHsJBX8obq2zyQWR6nti2Oc','2023-07-28 02:39:33.232637'),('iwri5mlz58fll4c13cs30btre0tyygvl','.eJxVjDsOwjAQBe_iGllOsv5R0ucM1tq7xgHkSHFSIe6OLKWA9s3Me4uAx17C0XgLC4mrGMTld4uYnlw7oAfW-yrTWvdtibIr8qRNzivx63a6fwcFW-m1NpY9GzU4wx6UZUo65xEm5dAlpZwfgazNoIE8IMIEBJYTeohgnfh8AdDRN2I:1qpsSe:7NNmE7iJTf2t2qpDtBzfKYxzXac4eRKL6Ttuv8BZfTM','2023-10-23 15:46:24.133860'),('jew96p7j7m0myww9eznt2sxli3vvf7m6','.eJxVjDsOwjAQBe_iGllOsv5R0ucM1tq7xgHkSHFSIe6OLKWA9s3Me4uAx17C0XgLC4mrGMTld4uYnlw7oAfW-yrTWvdtibIr8qRNzivx63a6fwcFW-m1NpY9GzU4wx6UZUo65xEm5dAlpZwfgazNoIE8IMIEBJYTeohgnfh8AdDRN2I:1qvVnb:NdJsro7L-RH7cHpkj2HDorprEPItpo7NEBg0glHkHkc','2023-11-08 04:47:19.701303'),('jr9swvxq55shw9nvbvs409ntrsfdb60l','.eJxVjDsOwjAQBe_iGllOsv5R0ucM1tq7xgHkSHFSIe6OLKWA9s3Me4uAx17C0XgLC4mrGMTld4uYnlw7oAfW-yrTWvdtibIr8qRNzivx63a6fwcFW-m1NpY9GzU4wx6UZUo65xEm5dAlpZwfgazNoIE8IMIEBJYTeohgnfh8AdDRN2I:1qaTvp:pRBLFNJUHf7faITLxrK1KD80nui0jP_Pr9faYcUgWuc','2023-09-11 04:32:53.639828'),('k0ch3cii29z34mbuba2khnxfh4lh3jvb','.eJxVjDsOwjAQBe_iGllx_NtQ0nMGy-v14gCypTipEHeHSCmgfTPzXiLEbS1h63kJM4mzUOL0u2FMj1x3QPdYb02mVtdlRrkr8qBdXhvl5-Vw_w5K7OVb2-S10YA0essDKSAecTLgLGbD3ijtnFFuQO8gO2D2AH5iytESWCLx_gDL1Tel:1q3Pzz:75VnC-vzd77Dz6xyqsCqdrdjtGBQP93v_yFKcPt98HU','2023-06-11 23:40:31.092144'),('mk28kzglqgo1co5zgbwmjeoagz6gc155','.eJxVjDsOwjAQBe_iGllx_NtQ0nMGy-v14gCypTipEHeHSCmgfTPzXiLEbS1h63kJM4mzUOL0u2FMj1x3QPdYb02mVtdlRrkr8qBdXhvl5-Vw_w5K7OVb2-S10YA0essDKSAecTLgLGbD3ijtnFFuQO8gO2D2AH5iytESWCLx_gDL1Tel:1qJoNt:fJmByKDpg4b7FzODYfn3E_gdKPqtTlSjwPXEw2Plt-A','2023-07-27 04:56:57.149381'),('mkliqqkpgslv7d3te6v9z801ejxabe9y','.eJxVjDsOwjAQBe_iGllx_NtQ0nMGy-v14gCypTipEHeHSCmgfTPzXiLEbS1h63kJM4mzUOL0u2FMj1x3QPdYb02mVtdlRrkr8qBdXhvl5-Vw_w5K7OVb2-S10YA0essDKSAecTLgLGbD3ijtnFFuQO8gO2D2AH5iytESWCLx_gDL1Tel:1qK8Fw:TatoADQEVW0Qh7A7pOIlly1rjNXYWT2n5N-otkZxzFA','2023-07-28 02:10:04.347520'),('n0dco0kbzh4oo0sxr2q3a76hzmj0n0n3','.eJxVjDsOwjAQBe_iGllx_NtQ0nMGy-v14gCypTipEHeHSCmgfTPzXiLEbS1h63kJM4mzUOL0u2FMj1x3QPdYb02mVtdlRrkr8qBdXhvl5-Vw_w5K7OVb2-S10YA0essDKSAecTLgLGbD3ijtnFFuQO8gO2D2AH5iytESWCLx_gDL1Tel:1qMIw7:IavuAHk6utCioB5HMPy9PcpqgnnY3LLDMKclk_gAGOc','2023-08-03 01:58:35.046203'),('n2dj7gzzlj6r8ir5g3k3a5ukalsbou8q','.eJxVjDsOwjAQBe_iGllx_NtQ0nMGy-v14gCypTipEHeHSCmgfTPzXiLEbS1h63kJM4mzUOL0u2FMj1x3QPdYb02mVtdlRrkr8qBdXhvl5-Vw_w5K7OVb2-S10YA0essDKSAecTLgLGbD3ijtnFFuQO8gO2D2AH5iytESWCLx_gDL1Tel:1qJlR1:-WMAr0Z3AmYivcRsVn7FHHA0hTRnaHUS3ZhPOVuqYuQ','2023-07-27 01:47:59.764696'),('niax99fj4wxpiz067w6pgdmemna9wl4f','.eJxVjDsOwjAQBe_iGllOsv5R0ucM1tq7xgHkSHFSIe6OLKWA9s3Me4uAx17C0XgLC4mrGMTld4uYnlw7oAfW-yrTWvdtibIr8qRNzivx63a6fwcFW-m1NpY9GzU4wx6UZUo65xEm5dAlpZwfgazNoIE8IMIEBJYTeohgnfh8AdDRN2I:1qpqQ9:gPxe2PsCHLcM1_UEmrCpy-DoVLRBVFzg8ksqNezpQcs','2023-10-23 13:35:41.214594'),('nryqshwq1mt0vxqshigd89drv3l9ckm2','.eJxVjDsOwjAQBe_iGllx_NtQ0nMGy-v14gCypTipEHeHSCmgfTPzXiLEbS1h63kJM4mzUOL0u2FMj1x3QPdYb02mVtdlRrkr8qBdXhvl5-Vw_w5K7OVb2-S10YA0essDKSAecTLgLGbD3ijtnFFuQO8gO2D2AH5iytESWCLx_gDL1Tel:1qJlbV:2cbfXlALB0HqGh3ZiCkc4u8-sRUkGWV3_1_enPb0mbc','2023-07-27 01:58:49.861146'),('o6wy9wont7hr7qmdmlrjuknqub7v2hgf','.eJxVjDsOwjAQBe_iGllx_NtQ0nMGy-v14gCypTipEHeHSCmgfTPzXiLEbS1h63kJM4mzUOL0u2FMj1x3QPdYb02mVtdlRrkr8qBdXhvl5-Vw_w5K7OVb2-S10YA0essDKSAecTLgLGbD3ijtnFFuQO8gO2D2AH5iytESWCLx_gDL1Tel:1q3Vzi:IMKjtLOVm708YlTLZcBc_PaGBzxCq0sgnlg7gSzEDdI','2023-06-12 06:04:38.058369'),('orwkwvhs3c6musd3idzoe9k7nsobtf5o','.eJxVjDsOwjAQBe_iGllx_NtQ0nMGy-v14gCypTipEHeHSCmgfTPzXiLEbS1h63kJM4mzUOL0u2FMj1x3QPdYb02mVtdlRrkr8qBdXhvl5-Vw_w5K7OVb2-S10YA0essDKSAecTLgLGbD3ijtnFFuQO8gO2D2AH5iytESWCLx_gDL1Tel:1q5NtD:y9k6ENYu_O8vXxIW2ZO_tsewhIYhvEWaXufiD0L4bkE','2023-06-17 09:49:39.655494'),('pfb8jdnkapw23rs5gtsj4ucacumqedkj','.eJxVjDsOwjAQBe_iGllOsv5R0ucM1tq7xgHkSHFSIe6OLKWA9s3Me4uAx17C0XgLC4mrGMTld4uYnlw7oAfW-yrTWvdtibIr8qRNzivx63a6fwcFW-m1NpY9GzU4wx6UZUo65xEm5dAlpZwfgazNoIE8IMIEBJYTeohgnfh8AdDRN2I:1qWS4C:0of3-7rvX311f7DEAy19ILjJvsTf9G84yKvRbrSdvfI','2023-08-31 01:44:52.802803'),('s0cxm9t0qrebn9luv5aqeillfrciadh7','.eJxVjDsOwjAQBe_iGllOsv5R0ucM1tq7xgHkSHFSIe6OLKWA9s3Me4uAx17C0XgLC4mrGMTld4uYnlw7oAfW-yrTWvdtibIr8qRNzivx63a6fwcFW-m1NpY9GzU4wx6UZUo65xEm5dAlpZwfgazNoIE8IMIEBJYTeohgnfh8AdDRN2I:1qvEbo:Cdv41NS1rGLTEJcT98V07ilWzFLjQ-xZ02WXnIUXywM','2023-11-07 10:26:00.641036'),('s70v5v8p6espqetlldb91qifgqfx624n','.eJxVjDsOwjAQBe_iGllOsv5R0ucM1tq7xgHkSHFSIe6OLKWA9s3Me4uAx17C0XgLC4mrGMTld4uYnlw7oAfW-yrTWvdtibIr8qRNzivx63a6fwcFW-m1NpY9GzU4wx6UZUo65xEm5dAlpZwfgazNoIE8IMIEBJYTeohgnfh8AdDRN2I:1qnBxD:iOIO4BwrkKiea47MbVIYc5Npa5ClVpmeWJ0vcjyhg_0','2023-10-16 05:58:51.131628'),('sz938cjqc5nz2ss6rn34uzylfan4jmwf','.eJxVjDsOwjAQBe_iGllOsv5R0ucM1tq7xgHkSHFSIe6OLKWA9s3Me4uAx17C0XgLC4mrGMTld4uYnlw7oAfW-yrTWvdtibIr8qRNzivx63a6fwcFW-m1NpY9GzU4wx6UZUo65xEm5dAlpZwfgazNoIE8IMIEBJYTeohgnfh8AdDRN2I:1qbtfC:Nl6z29IOMZIVx2ljD4WLXSiUAyRvy_pQMQLqKW-EREI','2023-09-15 02:13:34.296623'),('tlnzhg8e44u3rbceta7zgjsij8lbsxnc','.eJxVjDsOwjAQBe_iGllx_NtQ0nMGy-v14gCypTipEHeHSCmgfTPzXiLEbS1h63kJM4mzUOL0u2FMj1x3QPdYb02mVtdlRrkr8qBdXhvl5-Vw_w5K7OVb2-S10YA0essDKSAecTLgLGbD3ijtnFFuQO8gO2D2AH5iytESWCLx_gDL1Tel:1q3WqU:ppewaWwugom1Yeo0-3gEppwE6zsdl_yUP5oxhZAguys','2023-06-12 06:59:10.641852'),('vc5w1b0rzoxk9rpc2803kstmm1qbuh50','.eJxVjDsOwjAQBe_iGllOsv5R0ucM1tq7xgHkSHFSIe6OLKWA9s3Me4uAx17C0XgLC4mrGMTld4uYnlw7oAfW-yrTWvdtibIr8qRNzivx63a6fwcFW-m1NpY9GzU4wx6UZUo65xEm5dAlpZwfgazNoIE8IMIEBJYTeohgnfh8AdDRN2I:1qm3e3:BkRmiengbBtVXs8ZfdPr7ftE9EjALdlhK1QWx5CnkKg','2023-10-13 02:54:23.205340'),('x5o5ghtvriz3nswr4gz0lzazzb9ojxtf','.eJxVjDsOwjAQBe_iGllx_NtQ0nMGy-v14gCypTipEHeHSCmgfTPzXiLEbS1h63kJM4mzUOL0u2FMj1x3QPdYb02mVtdlRrkr8qBdXhvl5-Vw_w5K7OVb2-S10YA0essDKSAecTLgLGbD3ijtnFFuQO8gO2D2AH5iytESWCLx_gDL1Tel:1qKDoY:wp97dOHiiyIliBnzN7xqo71Q7M0a3OBV5yo8UQNIfT8','2023-07-28 08:06:10.308823'),('y95kce17dd8spldfsrdd4ua4uc1gqeuf','.eJxVjDsOwjAQBe_iGllOsv5R0ucM1tq7xgHkSHFSIe6OLKWA9s3Me4uAx17C0XgLC4mrGMTld4uYnlw7oAfW-yrTWvdtibIr8qRNzivx63a6fwcFW-m1NpY9GzU4wx6UZUo65xEm5dAlpZwfgazNoIE8IMIEBJYTeohgnfh8AdDRN2I:1qSq8h:In4-i1MOtFIcYW1stph1dCIwJzmocHYk7dmAu9G14d4','2023-08-21 02:38:35.090134');
/*!40000 ALTER TABLE `django_session` ENABLE KEYS */;
UNLOCK TABLES;

--
-- Table structure for table `main_berita`
--

DROP TABLE IF EXISTS `main_berita`;
/*!40101 SET @saved_cs_client     = @@character_set_client */;
/*!40101 SET character_set_client = utf8 */;
CREATE TABLE `main_berita` (
  `id` bigint(20) NOT NULL AUTO_INCREMENT,
  `category_berita` varchar(30) NOT NULL,
  `berita_title` varchar(100) NOT NULL,
  `berita_descrition` longtext NOT NULL,
  `create_at` datetime(6) NOT NULL,
  PRIMARY KEY (`id`)
) ENGINE=InnoDB AUTO_INCREMENT=70 DEFAULT CHARSET=utf8mb4 COLLATE=utf8mb4_general_ci;
/*!40101 SET character_set_client = @saved_cs_client */;

--
-- Dumping data for table `main_berita`
--

LOCK TABLES `main_berita` WRITE;
/*!40000 ALTER TABLE `main_berita` DISABLE KEYS */;
INSERT INTO `main_berita` VALUES (23,'KANTOR_IMIGRASI_CILEGON','Kunjungan Kerja Inspektur Wilayah 1, Inspektorat Jenderal Kemenkumham Meninjau Pelayanan Keimigrasia','Hai #SahabatMido, Hari ini Selasa (04/04/23) Kanim Cilegon dikunjungi Inspektur Wilayah I, Icon Siregar dalam rangka penguatan pembangunan Zona Integritas menuju WBK/WBBM.Dalam Kunjungan Kerja kali, Inspektur Wilayah I melakukan peninjauan langsung pada layanan keimigrasian juga sarana dan prasarana di Kantor Imigrasi Cilegon sehingga dapat meningkatkan kenyamanan pelayanan keimigrasian untuk masyarakat.','2023-07-18 04:31:23.003694'),(24,'KANTOR_IMIGRASI_CILEGON','Penguatan Pengawasan Terhadap Orang Asing Dalam mendukung Investasi dan Pemulihan Ekonomi Nasional','Hai #SahabatMido, Kamis (16/03/23), Kantor Imigrasi Kelas II TPI Cilegon menggelar Rapat Koordinasi Tim Pengawasan Orang Asing (TIMPORA) Tingkat Kecamatan Kota Cilegon Tahun 2023 dengan tema \"Penguatan Pengawasan Terhadap Orang Asing Dalam mendukung Investasi dan Pemulihan Ekonomi Nasional\" bertempat di Aston Cilegon Boutique Hotel.Kegiatan ini dilaksanakan dalam rangka memperkuat koordinasi antar stakeholder dalam pengawasan terhadap orang asing di Kota Cilegon.','2023-07-18 04:32:54.952140'),(25,'KANTOR_IMIGRASI_CILEGON','Praktik Baik Kantor Imigrasi Cilegon melayani Masyarakat','Hai #SahabatMido. Imigrasi Cilegon memberi kemudahan bagi orang sakit dengan pertimbangan khusus tanpa harus datang ke Kantor Imigrasi. Petugas kami siap melayani secara langsung di tempat kediaman atau Rumah Sakit. Silahkan hubungi Imigrasi Cilegon via WhatsApp di 0822 9984 1694','2023-07-18 04:34:25.069364'),(26,'KANTOR_IMIGRASI_CILEGON','Diskusi Kelembagaan dan Peninjauan Layanan Publik oleh Deputi Bidang Kelembagaan dan Tatalaksana Kem','CILEGON  Jumat (10/02/2022), Deputi Bidang Kelembagaan dan Tata LaksanaKementerianPendayagunaan Aparatur Negara dan Reformasi Birokrasi (Kemenpanrb), Nanik Murwati besertaKoordinator Kelembagaan Biro Perencanaan Kementerian Hukum dan Hak Asasi ManusiaRepublikIndonesia, Sri Mulyati, dan jajaran pimti pratama Kantor Wilayah Kementerian HukumdanHamBanten,melakukan kunjungan kerja dalam rangka penguatan kelembagaan dan tatalaksanasekaligusmelakukan peninjauan pelayanan publik pada Kantor Imigrasi Kelas II TPI Cilegon.\r\n\r\nKedatangan Tim Kemenpan RB dan Biro Perencanaan Kemenkumham RI disambut baikolehKepalaKantor Imigrasi Kelas II TPI Cilegon, Muhammad Deny Firmansyah. Pada kesempatantersebutTimKemenpan RB dan Biro Perencanaan Kemenkumham RI langsung meninjau saranadanprasaranayang terdapat pada ruang pelayanan Kantor Imigrasi Kelas II TPI Cilegon seperti: ruanginformasi,ruang tunggu, ruang laktasi, ruang bermain anak, ruang kerja pegawai, toilet, ruang rapat, dansaranapenunjang pelayanan publik lainnya. Tim Kemenpan RB dan Biro Perencanaan KemenkumhamRIjugamelakukan peninjauan terhadap pelayanan dimulai dari alur pendaftaran, perekamanbiometrikdanwawancara pemohon hingga proses pengambilan paspor. \r\n\r\nPada kesempatan tersebut Kepala Divisi Keimigrasin Banten, Ujo Sujoto memaparkangambaranumum terkait kondisi Kantor Imigrasi Kelas II TPI Cilegon sekaligus inovasi dan capaiankerjayangtelah diraih Kantor Imigrasi Kelas II TPI Cilegon selama ini. Ujo Sujoto juga menyampaikanbahwasebelumnya pada tahun 2022, Kantor Imigrasi Kelas II TPI Cilegon telah masuk kedalam25nominasiperaih predikat Wilayah Bebas dari Korupsi (WBK) namun gagal karena kurang optimalnyasaranadanprasarana di lingkungan Kantor Imigrasi Kelas II TPI Cilegon. \r\n\r\nKepala Kantor Imigrasi Kelas II TPI Cilegon, Muhammad Deny Firmansyah juga mengucapkanterimakasih atas kunjungan kerja dari Tim Kemenpan RB beserta Biroren. Melalui diskusi kelembagaandankunjungan kerja ini diharapkan dapat mengoptimalkan pelaksanaan tugas dalambidangpelayananpublik di bidang keimigrasian menjadi lebih optimal. Selain itu diharapkan kedepannya, Kantor ImigrasiKelas II TPI Cilegon dapat melakukan pengusulan kenaikan kelas dari Kantor Imigrasi KelasII menjadiKantor Imigrasi Kelas I untuk segera terlaksana.','2023-07-18 04:35:02.564516'),(27,'KANTOR_IMIGRASI_CILEGON','Aplikasi M-Paspor Sudah Berangsur Normal dan Dapat diakses Kembali.','Bagi para pemohon paspor dapat melakukan pengajuan permohonan paspor melalui Aplikasi M-Paspor. Apabila masih mengalami kendala silakan lakukan clear cache atau logout dan login.','2023-07-18 04:35:57.370489'),(28,'KANTOR_IMIGRASI_CILEGON','Direktur Jenderal Imigrasi Mengunjungi Kantor Imigrasi Cilegon','Pada hari Kamis, 2 Februari 2023, Direktur Jenderal Imigrasi, Silmy Karim, mengunjungi Kantor Imigrasi Cilegon. Dan ini merupakan kali kedua Kantor Imigrasi Cilegon menerima kunjungan dari Direktur Jenderal Imigrasi, setelah sebelumnya Pranowo, yang menjabat sebagai Dirjen Imigrasi periode 16 Maret 1995 s.d. 4 Februari 1999 pernah melakukan kunjungan kerja di tahun 1999 awal.\r\n\r\nDalam Kunjungan Kerja kali ini, Silmy Karim dengan didampingi oleh Kepala Divisi keimigrasian Kanwil Kemenkumham Banten, Ujo Sujoto melakukan peninjauan langsung pada layanan keimigrasian juga sarana dan prasarana di Kantor Imigrasi Cilegon. Selain itu Direktur Jenderal Imigrasi juga memberikan pengarahan kepada seluruh pegawai.\r\n\r\nDalam arahannya, Silmy Karim menyampaikan bahwa Kantor Imigrasi Cilegon sudah sangat baik dalam memberikan pelayanan keimigrasian bagi masyarakat. Silmy juga menyampaikan agar Kantpor Imigrasi CIlegon dapat terus berinovasi terhadap pelayanan keimigrasian dengan meningkatkan fasilitas-fasilitas yang dapat memberikan kenyamanan bagi masyarakat . Beliau juga memberikan apresiasi yang positif terhadap inovasi-inovasi yang ada pada Kantor Imigrasi Cilegon, khususnya inovasi KUPAS SI KANCIL  Kurir Paspor Kantor Imigrasi Cilegon. Yaitu pengantaran Paspor bagi pemohon yang Berkebutuhan Khusus yang berdomisili di wilayah kerja Kantor Imigrasi Cilegon.','2023-07-18 04:36:26.684549'),(29,'KANTOR_IMIGRASI_CILEGON','Penandatanganan Komitmen Bersama Pembangunan Zona Integritas','Sebagai Wujud komitmen dalam pembangunan Zona Integritas Menuju Wilayah Bebas Korupsi dan Wilayah Birokrasi Bersih dan Melayani, Kantor Imigrasi Kelas II TPI Cilegon melakukan Penandatangan Komitmen Bersama Pembangunan Zona Integritas. Kegiatan ini dilaksanakan bersama seluruh UPT Imigrasi se wilayah Banten di Kantor Imigrasi Kelas I Non TPI Tangerang pada hari Kamis, 26 Januari 2023.\r\n\r\nMelalui penandatanganan ini, seluruh pegawai Kantor Imigrasi Kelas II TPI Cilegon berkomitmen untuk tetap memberikan pelayanan terbaik bagi sahabat mido semua.','2023-07-18 04:36:56.134087'),(30,'KANTOR_IMIGRASI_CILEGON','Penandatanganan Komitmen Bersama dalam Pembangunan Zona Integritas Tahun 2023','Plh. Kantor Imigrasi Kelas II TPI Cilegon, Muhammad Gazel Enim Febrianto, mengikuti kegiatan Penandatanganan Komitmen Bersama dalam rangka Pembangunan Zona Integritas Tahun 2023 yang dilaksanakan di Kantor Wilayah Kementerian Hukum dan HAM Banten. Kegiatan ini dipimpin langsung oleh Kepala Kantor Wilayah Banten, Tejo Harwanto, dan turut dihadiri oleh Kepala Satuan Kerja di lingkungan Kantor Wilayah Kemenkumham Banten beserta undangan dari Forkominda.','2023-07-18 04:37:21.373395'),(31,'KANTOR_IMIGRASI_CILEGON','Peringatan Hari Bhakti Imigrasi Ke-73','Kantor Imigrasi Kelas II TPI Cilegon mengikuti pelaksanaan Upacara Peringatan Hari Bhakti Imigrasi Ke-73 yang dilaksanakan di Kantor Imigrasi Kelas I Non TPI Tangerang pada hari Kamis, 26 Januari 2023. Upacara tersebut dipimpin langsung oleh Kepala Kantor Wilayah Kementerian Hukum dan HAM Banten, Tejo Harwanto, dan diikuti oleh seluruh UPT Imigrasi di Wilayah Banten beserta para undangan.\r\n\r\n Adapun tema yang diusung pada Upacara peringatan Hari Bhakti Imigrasi Ke-73 Tahun 2023 adalah Imigrasi Baru Untuk Indonesia Semakin Maju','2023-07-18 05:16:30.856495'),(32,'KANTOR_IMIGRASI_CILEGON','Lantik Dirjen Imigrasi Baru, Menkumham Perintahkan Enam Langkah Penting','Jakarta  Menteri Hukum dan Hak Asasi Manusia (Menkumham) Yasonna H. Laoly melantik Silmy Karim menjadi Direktur Jenderal (Dirjen) Imigrasi di Kantor Kementerian Hukum dan HAM (Kemenkumham), Jakarta, Rabu (4/1/2023). Dalam sambutannya, Yasonna mengatakan bahwa tugas keimigrasian saat ini semakin berkembang dan dinamis sehingga menuntut seluruh jajaran imigrasi untuk mampu beradaptasi, bekerja lebih baik lagi dan inovatif sehingga memberikan percepatan dalam pelayanan keimigrasian.\r\n\r\nUntuk mencapai tujuan-tujuan dimaksud, Menteri Yasonna memerintahkan kepada Silmy Karim dan jajaran imigrasi untuk melakukan enam langkah penting.\r\n\r\nPertama, seluruh jajaran imigrasi harus memberikan atensi penuh dan segera menindaklanjuti arahan Bapak Presiden Joko Widodo sehubungan dengan akan diberlakukannya kebijakan Golden Visa di Indonesia melalui intensifikasi koordinasi dengan kementerian/lembaga dan stakeholder terkait.\r\n\r\nLangkah ini diharapkan dapat mendatangkan para investor dan orang-orang yang memiliki talent, termasuk wisatawan mancanegara ke Indonesia mengingat pelayanan keimigrasian akan dirasakan lebih mudah dan sederhana, tutur Yasonna.\r\n\r\nLangkah kedua adalah terkait peningkatan pelayanan publik khususnya visa on arrival (VOA) dan kartu izin tinggal terbatas (KITAS) yang juga merupakan bagian dari arahan Presiden Jokowi\r\n\r\nKedua, atensi dan segera tindaklanjuti arahan Bapak Presiden dalam rangka peningkatan pelayanan publik khususnya VOA dan KITAS, dengan merubah total sistem pelayanan Keimigrasian yang selama ini dianggap belum berubah sama sekali. Imigrasi dirasakan masih terlalu banyak mengatur dan mengontrol sehingga akhirnya menyulitkan. Kedepannya diharapkan imigrasi memberikan pelayanan yang memudahkan dan melayani, kata Yasonna.\r\n\r\nKetiga, Yasonna meminta jajaran imigrasi melakukan berbagai terobosan dalam rangka efisiensi dan meminimalisir pungutan liar sekaligus melakukan studi tiru skema kebijakan pemberian visa pada beberapa negara yang sudah terkenal cepat dan sederhana dalam pelayanan keimigrasiannya.\r\n\r\nKeempat, menyiapkan petugas imigrasi dan infrastruktur dalam rangka pengembangan pelayanan keimigrasian di beberapa Bandara yang dipersiapkan untuk melayani penerbangan langsung internasional, seperti Bandara Soeta, Juanda, Ngurah Rai, dan Bandara lainnya.\r\n\r\nKelima, Yasonna menuntut agar seluruh jajaran imigrasi berpedoman pada tata nilai Kemenkumham yaitu Profesional, Akuntabel, Sinergi, Transparan dan Inovatif (PASTI) dan core value aparatur sipil negara (ASN) yaitu BerAKHLAK.\r\n\r\nPedomani dan implementasikan bahwa setiap pekerjaan harus didasari dengan tata nilai yang sudah digariskan Kementerian ini yakni PASTI dan core value ASN yang telah ditetapkan Bapak Presiden RI yakni BerAKHLAK, paparnya lagi.\r\n\r\nTerakhir, Menteri Yasonna perintahkan agar seluruh jajaran imigrasi mencermati dan mempelajari Peraturan Pemerintah Pengganti Undang-Undang (Perppu) Nomor 2 Tahun 2022 tentang Cipta Kerja.\r\n\r\nLayanan keimigrasian harus sejalan dengan semangat untuk menciptakan kemudahan berusaha di Indonesia dengan tetap memenuhi kriteria dalam rangka menjaga kedaulatan, ketertiban dan keamanan negara serta kepentingan nasional sebagaimana diamanatkan dalam Perppu dimaksud, pungkas Yasonna.\r\n\r\nDalam rangka keberhasilan enam hal tersebut, Yasonna menegaskan bahwa kunci utamanya adalah digitalisasi teknologi.\r\n\r\nKunci utamanya adalah digitalisasi teknologi, seperti pemanfaatan face recognition di seluruh bandara, sehingga dengan demikian petugas imigrasi dapat bekerja secara efektif dan efisien serta meninggalkan pekerjaan yang cenderung konvensional, ungkap Yasonna.\r\n\r\nSementara itu, Sekretaris Jenderal Kemenkumham sekaligus ketua Panitia Seleksi Jabatan Dirjen Imigrasi, Andap Budhi Revianto, menjelaskan bahwa Silmy Karim ditunjuk menjadi Dirjen Imigrasi berdasarkan Keputusan Presiden No.165/TPA tahun 2022 tentang Pengangkatan Pejabat Pimpinan Tinggi Madya di Lingkungan Kementerian Hukum dan HAM tanggal 15 Desember 2022.\r\n\r\nSilmy sendiri adalah peserta seleksi dari kategori Non-PNS yang sebelumnya menjabat sebagai Direktur Utama PT Krakatau Steel. Menurut Andap, keikutsertaan Non-PNS dalam seleksi Jabatan Pimpinan Tinggi (JPT) Utama dan Madya di instansi pemerintah dimungkinkan berdasarkan Peraturan Pemerintah (PP) No. 17 Tahun 2020 tentang Perubahan Atas PP No. 11 Tahun 2017 tentang Manajemen PNS.\r\n\r\nPasal 106 dari PP 17/2020 menyebutkan bahwa JPT Utama dan Madya bisa diisi dari kalangan non-PNS, papar Andap.\r\n\r\nHadir dalam pelantikan ini para Pimpinan K/L seperti Menteri Kesehatan, Menteri Investasi / BKPM, Ketua Komisi III DPR RI, Wakil Ketua DPD RI, BPK, Anggota DPR RI, Wamenkumham, Wamenhan, Wamen II BUMN, BPK, para Pimpinan Tinggi Madya dan Pratama Kemenkumham,  Pimpinan BUMN dan perusahaan serta para kepala kantor wilayah beserta undangan lainnya.\r\n\r\n\r\n\r\nBiro Humas Hukum dan Kerjasama Setjen','2023-07-18 05:17:06.571609'),(33,'KANTOR_IMIGRASI_CILEGON','Kegiatan Penyampaian Laporan Kinerja dan Pemberian Penghargaan P4GN Tahun 2022','Hai #SahabatMido, Kepala Kantor Imigrasi Kelas II TPI Cilegon Kantor Wilayah Kementrian Hukum dan HAM Banten, Ruhiyat M Tolib mengikuti Kegiatan Penyampaian Laporan Kinerja dan Pemberian Penghargaan P4GN Tahun 2022 kepada Stakeholder dalam rangka Kota Tanggap Ancaman Narkotika.','2023-07-18 05:17:40.046787'),(34,'KANTOR_IMIGRASI_CILEGON','Kumham Banten Gelar Apel Siaga Jelang Nataru, Kakanwil: Petakan Potensi Gangguan Kamtib, Maksimalkan','Cilegon  Lakukan Persiapan Pengamanan Menghadapi Perayaan Natal Tahun 2022 dan Tahun Baru 2023, Kantor Wilayah Kementerian Hukum dan HAM Banten gelar Apel Siaga, Jumat (23/12).\r\n\r\nKegiatan ini menjadi penegasan komitmen jajaran Kanwil Kemenkumham Banten untuk menjaga kelancaran serta antisipasi potensi gangguan keamanan selama Perayaan Natal Tahun 2022 dan Tahun Baru 2023.\r\n\r\nBerlangsung di halaman Lembaga Pemasyarakatan Kelas IIA Cilegon, Apel diawali dengan prosesi pengecekan pasukan oleh Kepala Kanwil Kemenkumham Banten, Tejo Harwanto.\r\n\r\nApel Siaga diikuti oleh Pimpinan Tinggi Pratama, Pejabat Administrator dan Pengawas Kantor Wilayah, Kepala UPT di lingkungan Kanwil Kemenkumham Banten, Perwakilan Kepolisian Daerah Banten, BNN Provinsi Banten serta jajaran FORKOPIMDA Kota Cilegon.\r\n\r\nDalam amanatnya, Tejo Harwanto menyampaikan bahwa seperti biasanya, momentum perayaan Hari Raya Natal dan Tahun Baru akan mengalami eskalasi terhadap potensi gangguan keamanan dan ketertiban.\r\n\r\nUntuk itu, Tejo Harwanto meminta para Kepala UPT untuk dapat segera melakukan langkah-langkah antisipasi sesuai dengan arahan dari Direktorat Jenderal Pemasyarakatan.\r\n\r\nSelain itu, Kantor Wilayah juga telah mengeluarkan Surat Edaran yang memberikan arahan terkait dengan langkah-langkah menjelang akhir tahun diantaranya adalah perintah untuk melakukan koordinasi dengan stakeholder terkait, baik Kepolisian, TNI, BPBD, Pemerintah Daerah dan lainnya, ujarnya.\r\n\r\nTejo Harwanto bilang, Koordinasi ini penting mengingat kita tidak bisa berjalan sendiri-sendiri.\r\n\r\nSemua harus bekerja secara bersama-sama. Di lingkup Internal, seluruh Kepala UPT harus membangun komitmen yang sama melalui pemetaan gangguan keamanan dan ketertiban pada UPT yang dikelola. Maksimalkan fungsi kontrol, penambahan jumlah petugas piket, serta penangguhan sementara pemberian cuti pegawai, imbuhnya.\r\n\r\nTerakhir, Pria yang juga pernah menjabat sebagai Dirkamtib itu berpesan hendaknya Perayaan Natal dan Pergantian Tahun Baru dilaksanakan secara sederhana dan tidak dengan pesta yang berlebihan mengingat kondisi Pandemi COVID-19 masih terjadi disekitar kita sehingga sangat penting untuk tetap menjaga dan mematuhi protokol kesehatan.\r\n\r\nSemoga Perayaan Natal dan Pergantian Tahun Baru dapat kita lalui dengan baik tanpa ada gangguan keamanan dan ketertiban, pungkasnya.','2023-07-18 05:18:45.154913'),(35,'KANTOR_IMIGRASI_CILEGON','Uji Coba Berjalan Lancar, Electronic Visa on Arrival Resmi Mengudara Hari Ini','BALI - Aplikasi Electronic Visa on Arrival (molina.imigrasi.go.id) resmi dibuka untuk umum hari ini, Kamis (10/11/2022). Acara peresmian e-VOA digelar di Courtyard Nusa Dua, Bali dan turut dihadiri oleh Menteri Koordinator Maritim dan Investasi (Menkomarves) Luhut Binsar Pandjaitan dan Wakil Menteri Hukum dan HAM Edward Omar Sharif Hiariej.\r\n\r\nKebijakan e-VOA yang dihasilkan dari inovasi Ditjen Imigrasi ini merupakan kebijakan yang sangat strategis. Penerapan e-VOA diharapkan dapat berkontribusi nyata untuk mendorong masuknya wisatawan mancanegara maupun pebisnis dari seluruh dunia ke Indonesia, ungkap Pelaksana Tugas (Plt) Direktur Jenderal Imigrasi, Widodo Ekatjahjana di sela-sela acara. \r\n\r\nKemudahan dan kecepatan layanan keimigrasian ini, tambahnya, dapat meningkatkan antusiasme masyarakat dunia untuk datang ke Indonesia. Hal ini akan berdampak positif terhadap roda perekonomian negara. \r\n\r\nSebelumnya, Imigrasi telah melakukan uji coba terhadap Aplikasi e-VOA pada 4 - 9 November 2022. Orang Asing pertama yang menguji coba e-VOA masuk ke Indonesia melalui Bandara Soekarno-Hatta pada Jumat (04/11/2022) malam. \r\n\r\nUji coba sistem e-VOA serta metode pembayaran melalui payment gateway berjalan dengan lancar. Alhamdulillah, sekarang sistem e-VOA sudah bisa dinikmati Warga Negara Asing yang akan datang ke indonesia dengan tujuan wisata, bisnis ataupun kunjungan, imbuhnya. \r\n\r\nDengan e-VOA, Orang Asing cukup mendaftarkan permohonan visanya melalui website molina.imigrasi.go.id. Setelah itu, mereka dapat langsung melakukan pembayaran secara online menggunakan kartu kredit atau kartu debit berlogo Visa, Mastercard, atau JCB. \r\n\r\nSetelah melakukan pembayaran, permohonan e-VOA akan diverifikasi oleh petugas dan jika disetujui maka dikirimkan kepada orang asing melalui aplikasi. Selanjutnya orang asing cukup mengunduh e-VOA yang telah disetujui dan menunjukkannya di Tempat Pemeriksaan Imigrasi saat masuk Wilayah Indonesia. \r\n\r\nSekarang lebih nyaman, WNA tidak harus mengantre lagi di loket pembayaran VOA di terminal kedatangan. Mereka juga tidak perlu khawatir jika belum sempat menukarkan uangnya ke Rupiah atau USD, ujarnya. \r\n\r\nLayanan e-VOA semakin membuka lebar gerbang masuk WNA yang berpotensi ke Indonesia melalui transformasi secara digital. Imigrasi dapat berkontribusi nyata memberikan kebijakan dan fasilitasnya untuk mendukung dunia pariwisata, meningkatkan investasi asing dan pembukaan lapangan kerja, dengan cara menarik wisatawan atau kalangan atas dari berbagai mancanegara, global talent, pebisnis miliarder dunia untuk datang dan mengembangkan investasi dan bisnisnya di Indonesia.','2023-07-18 05:19:28.448074'),(36,'KANTOR_IMIGRASI_CILEGON','Doa Bersama Sukseskan KTT G20: Doa Lintas Agama dari Kemenkumham, untuk Dunia yang Pulih dan Tumbu','Doa Bersama Sukseskan KTT G20: Doa Lintas Agama dari Kemenkumham, untuk Dunia yang Pulih dan Tumbuh Lebih Kuat\r\n\r\nSerang - Indonesia secara resmi memegang Presidensi Group of 20 (G20), forum kerja sama 20 Ekonomi utama dunia selama setahun penuh, mulai 1 Desember 2021 hingga terlaksananya KTT G20 yang akan diselenggarakan pada 15-16 November 2022 mendatang di Kota Denpasar, Provinsi Bali.\r\n\r\nPresidensi G20 Indonesia sendiri mengusung Tema Recover Together, Recover Stronger. Melalui tema ini, Indonesia mengajak seluruh negara di dunia untuk saling bahu-membahu, mendukung untuk pulih bersama serta tumbuh lebih kuat dan berkelanjutan.\r\n\r\nSebagai salah satu elemen utama pendukung kelancaran rangkaian proses KTT G20, Kementerian Hukum dan HAM, khususnya Insan Pengayoman, sepatutnya berkomitmen untuk siap mensukseskan pelaksanaan KTT G20.\r\n\r\nDan sebagai wujud ikhtiar bathin, hari ini, Rabu (19/10), jajaran Kementerian Hukum dan HAM,  menggelar Doa Bersama Sukseskan KTT G20 dengan menghadirkan 5 (lima) pemuka agama, yakni Ustad H. Abu Fauzan (Islam), Pdt. Nanang Dwi Jaryanto (Kristen), Pastor Victor Halomoan (Katolik), Pinandita I Gusti Made Mudana (Hindu) dan Biksu Riyadi (Buddha).\r\n\r\nBerharap, semoga ikhtiar yang dilakukan, dengan diiringi tafakur kepada Sang Pencipta akan mendorong Indonesia memulihkan dunia dari pandemi serta membangun ekonomi global yang kuat dan berkesinambungan.\r\n\r\nSecara daring, kegiatan diikuti oleh seluruh jajaran Kementerian Hukum dan HAM yang berada di Unit Utama, Kantor Wilayah dan Unit Pelaksana Teknis. Di Kantor Wilayah Banten, kegiatan diikuti oleh Kepala Kanwil Kemenkumham Banten, Tejo Harwanto beserta jajaran bertempat dari Aula Lantai III Kanwil Kemenkumham Banten.\r\n\r\nJelaskan apa itu G-20, dalam sambutannya, Sekretaris Jenderal Kementerian Hukum dan HAM, Andap Budhi Revianto menyebut, G20 adalah forum internasional yang fokus pada koordinasi kebijakan di bidang ekonomi dan pembangunan.\r\n\r\nG20 merepresentasikan kekuatan ekonomi dan politik dunia, dengan komposisi anggotanya mencakup 80% PDB dunia, 75% ekspor global, dan 60% populasi global.\r\n\r\nAnggota-anggota G20 terdiri atas 19 negara dan 1 kawasan, yaitu: Argentina, Australia, Brasil, Kanada, Republik Rakyat Tiongkok (RRT), Prancis, Jerman, India, Indonesia, Italia, Jepang, Republik Korea, Meksiko, Rusia, Arab Saudi, Afrika Selatan, Turki, Inggris, Amerika Serikat, dan Uni Eropa.\r\n\r\n26 hari lagi, menjelang Presidensi G20 Indonesia Tahun 2022, mari kita satukan hati dan pikiran, seraya berdoa memohon kepada Allah SWT, semoga menjelang tanggal 15-16 November 2022, pada pelaksanaandan setelah Presidensi G20 Indonesia suskes, aman dan tidak terjadi hal unpredictable yang tidak diinginkan, ujar Sekjen Kemenkumham. (Humas Kemenkumham Banten)','2023-07-18 05:20:08.169480'),(37,'KANTOR_IMIGRASI_CILEGON','Paspor Masa Berlaku 10 Tahun Diterbitkan Mulai 12 Oktober 2022','Direktorat Jenderal Imigrasi resmi menetapkan Paspor RI dengan masa berlaku paling lama 10 (sepuluh) tahun terbit mulai Rabu, 12 Oktober 2022. Penerapan masa berlaku paspor yang baru ini didasarkan pada Pasal 2A Peraturan Menteri Hukum dan HAM RI (Permenkumham) Nomor 18 tahun 2022 yang diundangkan di Jakarta pada Kamis, 29 September 2022.\r\n\r\nAlhamdulillah kebijakan paspor dengan masa berlaku 10 tahun sudah dapat diimplementasikan mulai 12 Oktober 2022. Kami mohon dukungan dan saran selama masa transisi tersebut agar Imigrasi dapat memberikan pelayanan terbaiknya kepada masyarakat, tutur Pelaksana Tugas (Plt) Direktur Jenderal Imigrasi, Widodo Ekatjahjana pada Selasa (11/10/2022).\r\n\r\nSementara itu, saat ini aturan mengenai biaya Penerimaan Negara Bukan Pajak (PNBP) paspor sedang dalam pembahasan dengan melibatkan stakeholder terkait. Masyarakat masih akan membayar biaya yang sama dengan sebelumnya, yaitu Rp 350.000,- untuk paspor biasa nonelektronik dan Rp 650.000,- untuk paspor biasa elektronik. Biaya permohonan paspor ini berlaku hingga peraturan berikutnya diterbitkan kemudian.\r\n\r\nMasa berlaku paspor 10 tahun tidak berlaku terhadap paspor yang terbit sebelum tanggal diimplementasikannya Permenkumham 18/2022, tuturnya.\r\n\r\nPerlu diketahui bahwa dalam Pasal 2A ayat (2) Permenkumham 18/2022 disebutkan, paspor biasa (elektronik dan nonelektronik) dengan masa berlaku paling lama 10 tahun hanya diberikan kepada Warga Negara Indonesia yang telah berusia 17 (tujuh belas) tahun atau sudah menikah. Selain kategori tersebut, paspor diberikan untuk jangka waktu 5 (lima) tahun.\r\n\r\nKhusus bagi Anak Berkewarganegaraan Ganda (ABG), masa berlaku paspor juga akan menyesuaikan dengan jangka waktu hingga sang anak diwajibkan memilih kewarganegaraannya. Sebagai contoh, apabila usia ABG adalah 18 (delapan belas) tahun saat penggantian paspor, maka masa berlaku paspor menjadi 3 (tiga) tahun atau hingga Ia menginjak usia 21 (dua puluh satu) tahun. Usia tersebut merupakan batas maksimal ABG untuk menentukan kewarganegaraannya.\r\n\r\nSebelumnya, Ditjen Imigrasi beserta Divisi Keimigrasian Kanwil Kemenkumham beserta Unit Pelaksana Teknis Imigrasi se-Indonesia menggelar rapat koordinasi pelaksanaan masa berlaku\r\n\r\npaspor 10 tahun pada Senin (10/10/2022). Pertemuan virtual itu juga dihadiri oleh pejabat imigrasi/pejabat lain yang ditunjuk pada Perwakilan RI di luar negeri.\r\n\r\nPeraturan Menteri Hukum dan HAM Nomor 18 Tahun 2022 merupakan perubahan dari Permenkumham Nomor 8 tahun 2014 tentang Paspor Biasa dan Surat Perjalanan Laksana Paspor.','2023-07-18 05:20:46.141619'),(38,'KANTOR_IMIGRASI_CILEGON','Saat Yasonna Mengajar Tentang Kekayaan Intelektual di Sekolah','Makassar  Menteri Hukum dan HAM Yasonna H. Laoly mengajar tentang Kekayaan Intelektual kepada pelajar sekolah di SDN Percontohan PAM Makassar, Sulawesi Selatan, Rabu (28/9/2022). Kegiatan Yasonna mengajar ini dilaksanakan secara hybrid dan diikuti ribuan pelajar perwakilan daerah seluruh Indonesia.\r\n\r\nDengan gaya mengajar yang santai dan membuat para pelajar nyaman, Yasona menyampaikan secara langsung pelajaran tentang jenis dan pentingnya kekayaan intelektual. Penjelasan mengenai materi kekayaan intelektual dikemas dengan gaya pembelajaran yang santai, sehinga disambut meriah pelajar yang hadir secara offline maupun online.\r\n\r\nYasonna mengajak para pelajar berinteraksi terkait kekayaan intelektual. Ia menjelaskan lebih rinci dari setiap jawaban para peserta, salah satunya adalah pertanyaan tentang seberapa penting kekayaan intelektual harus didaftarkan.\r\n\r\n\"Mengapa harus didaftarkan? Agar kita punya perlindungan legalitas, perlindungan hukum kepada merek, paten, desain industri, rahasia dagang, hak cipta kita, sehingga kalau ada orang lain yang mencuri atau menjiplak bisa kita tuntut secara hukum dan kita dapat keuntungan finansial kalau orang lain menggunakan paten,\" ungkap Guru Besar Ilmu Kriminologi Sekolah Tinggi Ilmu Kepolisian tersebut.\r\n\r\nDalam acara yang mengangkat tema \"Kenali Kekayaan Intelektual Sejak Dini\" itu, Yasonna juga menceritakan bagaimana lagu Ojo Dibandingke yang viral harus dilindungi dan didaftarkan hak ciptanya. \r\n\r\n\"Jadi yang menciptakan itu Abah Lala dan kemudian kita bawa di ulang tahun Kementerian Hukum dan HAM, kita berikan hak ciptanya karena rupanya lagu Ojo Dibandingke belum didaftarkan hak ciptanya waktu itu. Maka kita daftarkan, kalau orang mau pakai itu harus bayar royalty nanti,\" tuturnya.\r\n\r\nSebelumnya, Yasonna memberikan penghargaan kepada siswa-siswi yang berprestasi di Kota Makassar. Para siswa yang beprestasi tersebut menampilkan hasil karyanya di depan Menteri Hukum dan HAM tersebut. Yasonna mengapresiasi dan bangga terlebih di usia yang terbilang dini tersebut telah berhasil menciptakan karya yang luar biasa.\r\n\r\n\"Saya merasa terharu dan bangga sekali berada di tengah-tengah anak yang kreatif dan inovatif. Anak-anak SD sudah mempunyai kemampuan karya-karya inovatif. Kehadiran kami dengan DJKI mengajar adalah untuk mengajak adik-adik untuk menggunakan kemampuan akalnya untuk berkreasi dan berinovasi,\" imbuhnya.\r\n\r\nYasonna mendukung penuh para siswa untuk terus berkreasi dan berinovasi. Ia berharap siswa berprestasi yang telah melahirkan karya-karyanya dapat menjadi motivasi bagi siswa lainnya. Hal yang ditekankannya adalah percaya dengan kemampuan diri sendiri sehingga mampu berkarya dengan baik.\r\n\r\n\"Kalau di sekolah jangan menyontek. Kalau kamu menyontek berarti kamu tidak percaya kepada kemampuan dirimu, lama-lama kamu nanti menjadi orang yang bergantung kepada orang lain. Kita harus menjadi orang independen, harus mampu untuk berkarya sendiri, jangan menyontek, itu melanggar integritas seorang pelajar. Harus berupaya sendiri, dan akhirnya adik-adik mampu atas kemampuan sendiri,\" tegas Yasonna.','2023-07-18 05:23:09.650910'),(39,'KANTOR_IMIGRASI_CILEGON','Rapat Kordinasi Penanganan Penyakit Mulut dan Kuku (PMK)','Halo #JuraganMido, hari ini Selasa (07/06/22), Kepala Kantor Imigrasi Kelas II TPI Cilegon Kanwil Kementrian Hukum dan HAM Banten beserta pejabat struktural mengikuti rapat kordinasi tentang Penanganan Penyakit Mulut dan Kuku (PMK) yang di selenggarakan oleh Kejaksaan Tinggi Banten.','2023-07-18 05:42:55.659615'),(40,'KANTOR_IMIGRASI_CILEGON','P2HAM, Komitmen Kemenkumham Berikan Pelayanan Berkeadilan, Tanpa Diskriminasi dan Berkepastian Hukum','Tangerang - \"Setiap orang berhak atas pengakuan, jaminan, perlindungan dan perlakuan hukum yang adil serta mendapat kepastian hukum dan perlakuan yang sama di depan hukum. Juga, setiap orang berhak atas perlindungan hak asasi manusia dan kebebasan dasar manusia, tanpa diskriminasi.\"\r\n\r\nDan Pelayanan Publik Berbasis HAM (P2HAM), dimana setiap orang berhak memperoleh Pelayanan yang  berkeadilan, tanpa diskriminasi dan adanya kepastian hukum, merupakan salah satu cara agar amanat konstitusi yang tercantum dalam Undang-Undang Nomor 39 Tahun 1999 tentang Hak Asasi Manusia dapat terimplementasi.\r\n\r\nSetidaknya itulah yang disampaikan Direktur Jenderal Hak Asasi Manusia, Mualimin Abdi saat menyampaikan sambutannya dalam Pencanangan Pelayanan Publik Berbasis HAM yang digelar Kanwil Kemenkumham Banten, Kamis (02/06).\r\n\r\nDirjen HAM memaparkan, dalam perjalanannya, lompatan besar yang dilakukan Kementerian Hukum dan HAM dalam pelaksanaan P2HAM adalah ketika diterbitkannya Permenkumham Nomor 2 Tahun 2022 tentang Pelayanan Publik Berbasis HAM, yang merupakan perubahan dari Permenkumham Nomor 27 Tahun 2018 tentang Penghargaan Pelayanan Publik Berbasis HAM.\r\n\r\n\"Permenkumham Nomor 2 Tahun 2022 tentang Pelayanan Publik Berbasis HAM adalah bukti komitmen Kementerian Hukum dan HAM dalam memberikan pelayanan publik yang cepat, tepat, berkualitas, non-diskriminasi, bersih, akuntabel, dan berorientasi pada kepuasan masyarakat\", ujarnya.\r\n\r\nTidak main-main, Direktur Jenderal HAM menyebut sebagaimana diamanatkan Menteri Hukum dan HAM, Penilaian P2HAM bakal menurunkan Tim Penilai Kualitas dan Pengawas yang berasal dari Unit Eselon I, Staf Ahli Menteri Hukum dan HAM, Akademisi hingga Lembaga Swadaya Masyarakat (LSM)  sehingga pelaksanaan P2HAM di internal Kementerian Hukum dan HAM betul-betul terimplementasi dengan baik.\r\n\r\n\"Saya akan selalu mendorong dan memberikan support (dukungan) agar semua Satuan Kerja di lingkungan Kementerian Hukum dan HAM memperoleh P2HAM, tetap semangat, sehingga P2HAM dapat diimpelementasikan dengan baik\", pesannya.\r\n\r\nDigelar di Aula Terbuka Lapas Kelas I Tangerang, Pencanangan Pelayanan Publik Berbasis HAM diikuti oleh jajaran Pimpinan Tinggi Pratama dan Kepala Satuan Kerja di lingkungan Kemenkumham Banten.\r\n\r\nKegiatan turut dihadiri oleh Direktur Diseminasi dan Penguatan Hak Asasi Manusia, Sri Kurniati Handayani Pane serta Perwakilan dari Ombudsman Banten, Pemerintah Kota Tangerang dan Pemerintah Kota Tangerang Selatan.','2023-07-18 05:44:24.273756'),(41,'KANTOR_IMIGRASI_CILEGON','Melalui Roving Seminar Kekayaan Intelektual, Menkumham Ajak Gubernur di Seluruh Pulau Sumatera Untuk','Medan - Menteri Hukum dan Hak Asasi Manusia (Menkumham) Yasonna H. Laoly\r\n\r\nmenegaskan komitmen pemerintah untuk mendorong pemajuan kekayaan intelektual\r\n\r\n(KI) di Indonesia guna mewujudkan pemulihan dan pembangunan ekonomi nasional.\r\n\r\nHal tersebut, ia sampaikan saat gelaran Roving Seminar Kekayaan Intelektual Pertama\r\n\r\nyang dihadiri oleh seluruh Gubernur, Pimpinan Perguruan Tinggi, Lembaga Penelitian\r\n\r\ndan Pengembangan dari seluruh provinsi di Pulau Sumatera serta jajaran Satuan Kerja\r\n\r\nPerangkat Daerah (SKPD) di seluruh Kabupaten/Kota di Sumatera Utara.\r\n\r\nYasonna mengatakan agar KI dapat menopang perekonomian negara maka\r\n\r\nmasyarakat Indonesia perlu menerapkan 4 (empat) pilar utama KI. Yaitu pertama,\r\n\r\npenciptaan KI; kedua, perolehan atau pelindungan KI; ketiga, penegakkan hukum; serta\r\n\r\nkomersialisasi KI.\r\n\r\nEkosistem KI merupakan siklus perputaran ekonomi, yang digerakkan oleh inovasi dan\r\n\r\nkreativitas yang berpengaruh terhadap pertumbuhan dan pembangunan ekonomi, kata\r\n\r\nYasonna di Hotel JW Marriot Medan, Sumatera Utara pada Rabu, 13 April 2022.\r\n\r\nUntuk itu, ia meminta kepada seluruh pemangku kepentingan dari sektor pemerintah\r\n\r\ndan privat, baik di pusat maupun di daerah untuk saling bersinergi memanfaatkan\r\n\r\nsistem KI nasional agar dapat mendukung pemulihan dan pembangunan ekonomi\r\n\r\nnasional.\r\n\r\nYasonna menyampaikan bahwa melalui kegiatan Roving Seminar Kekayaan Intelektual\r\n\r\nyang diselenggarakan oleh Direktorat Jenderal Kekayaan Intelektual (DJKI)\r\n\r\nKementerian Hukum dan HAM (Kemenkumham) ini dapat menjadi langkah awal\r\n\r\nkomitmen bagi para pimpinan daerah untuk mendorong masyarakat di wilayahnya\r\n\r\npeduli terhadap KI.\r\n\r\nDiharapkan roving seminar KI ini menjadi awalan komitmen bersama kita untuk\r\n\r\nmemantapkan langkah kolaborasi antara kementerian/lembaga yang saling bersinergi\r\n\r\ndalam mewujudkan ekosistem KI yang dapat menjadi pilar bagi pemulihan dan\r\n\r\n\r\n\r\npembangunan ekonomi nasional yang merata di seluruh wilayah Indonesia, ujar\r\n\r\nYasonna.\r\n\r\nUntuk mendukung ekosistem KI, Yasonna menjabarkan sinergi kolaborasi antar\r\n\r\nkementerian/lembaga. Diantaranya seperti Kemenkumham dengan Kementerian\r\n\r\nPariwisata dan Ekonomi Kreatif (Kemenparekraf).\r\n\r\nKemenparekraf bisa memfasilitasi pemberian promosi dan insentif atas pariwisata\r\n\r\nberbasis KI dan KI berbasis ekonomi kreatif. Mendukung kemampuan industri kreatif\r\n\r\nuntuk bersaing dengan produk-produk ekonomi kreatif impor, serta mempromosikan\r\n\r\nberbagai jenis produk ekonomi kreatif Indonesia, ucapnya.\r\n\r\nSelain itu, melalui kolaborasi Kemenkumham dengan Kementerian Pertanian\r\n\r\n(Kementan) dapat menghasilkan pemberian fasilitasi promosi dan penelitian terkait\r\n\r\npertanian yang memiliki kaitan dengan KI personal maupun KI Komunal.\r\n\r\nKementan merupakan mitra strategis bagi Kemenkumham dalam penyediaan data KI\r\n\r\nKomunal khususnya terkait sumber daya genetik dan potensi Indikasi Geografis, tutur\r\n\r\nYasonna.\r\n\r\nAdapun kolaborasi Kemenkumham dengan Kementerian Dalam Negeri (Kemendagri),\r\n\r\nKemendagri dapat mengarahkan kepada seluruh Pemerintah Daerah agar dalam\r\n\r\npenyusunan program kerja, program kerja tersebut dapat menyentuh kepada dukungan\r\n\r\natas KI.\r\n\r\nKemendagri juga bisa mensosialisasikan urgensi KI guna mendorong Pemda untuk\r\n\r\ndapat menemukan potensi KI di wilayah guna dimanfaatkan sebagai salah satu aset\r\n\r\npembangun ekonomi di wilayah, kata Yasonna.\r\n\r\nIa menambahkan, khusus terkait KI Komunal, maka Kemendagri dapat mengarahkan\r\n\r\nkepada seluruh Pemda agar dapat mendata potensi-potensi KI Komunal untuk\r\n\r\nselanjutnya dapat didorong guna mendapatkan perlindungan atas KI Komunalnya\r\n\r\ntersebut.\r\n\r\nDari pernyataan Menkumham mengenai dukungan ekosistem KI ini, Direktur\r\n\r\nPengembangan Kekayaan Intelektual Industri Kreatif Kemenparekraf, Robinson turut\r\n\r\nmenyampaikan bahwa berkembangnya ekonomi kreatif suatu daerah tentunya tidak\r\n\r\nbisa lepas dari dukungan penuh pemerintah daerahnya.\r\n\r\nHal ini sesuai dengan Pasal 5 Undang-undang 24 Tahun 2019 Tentang Ekonomi\r\n\r\nKreatif yang menyatakan Setiap Pelaku Ekonomi Kreatif berhak memperoleh dukungan\r\n\r\ndari Pemerintah dan/atau Pemerintah Daerah melalui pengembangan Ekosistem\r\n\r\nEkonomi Kreatif, kata Robinson.\r\n\r\nYasonna juga menuturkan bahwa KI terbukti dapat menjadi katalisator bagi nation\r\n\r\nbranding dan turut mendukung kemandirian ekonomi suatu negara.\r\n\r\n\r\n\r\nPria kelahiran Sorkam ini mencontohkan, garam Amed Bali yang terdaftar sebagai\r\n\r\nproduk indikasi geografis di tahun 2016, nyatanya dapat meningkatkan harga jual serta\r\n\r\nmembuka potensi ecotourism bagi wilayah Kabupaten Karang Asem tempat asal dari\r\n\r\ngaram Amed berada.\r\n\r\nContoh lainnya dari pemanfataan KI yang menjadi nation branding Indonesia adalah\r\n\r\npenggunaan kain Endek Bali oleh rumah mode Christian Dior pada gelaran Paris\r\n\r\nFashion Week 2021. Setidaknya dari 86 desain koleksi terbaru Christian Dior, terdapat\r\n\r\nsembilan desain busana yang menggunakan kain Endek Bali.\r\n\r\nUntuk proses produksi kain Endek, Pemda Provinsi Bali menekankan agar dilakukan\r\n\r\noleh para perajin endek di Pulau Dewata. Pada 5 Februari 2021 lalu Kemenkumham\r\n\r\nmemberikan Sertifikat Pencatatan KIK terhadap Kain Endek, tutur Yasonna.\r\n\r\nMengingat besarnya manfaat potensi KI dan KI Komunal untuk meningkatkan\r\n\r\nperekomonian nasional, Yasonna mengajak kepada para pimpinan pemerintah daerah\r\n\r\ndan masyarakat untuk menggali potensi wilayahnya masing-masing.\r\n\r\nSaya mengajak seluruh masyarakat Sumatera untuk terus menggali potensi wilayah,\r\n\r\nterus berkreasi, berkarya dan berinovasi, bersama-sama memahami pentingnya\r\n\r\npelindungan Kekayaan Intelektual kemudian menjaga kualitasnya, mengembangkannya\r\n\r\ndan membuatnya semakin bernilai ekonomi tinggi sehingga dapat menjadi pendorong\r\n\r\nPemulihan Ekonomi Nasional, pungkas Yasonna.\r\n\r\nSebagai informasi, kegiatan Roving Seminar Kekayaan Intelektual merupakan salah\r\n\r\nsatu program unggulan DJKI Kemenkumham di tahun 2022 yang akan dilaksanakan di\r\n\r\ntujuh tempat di Indonesia. Dengan lokasi pertama diadakan di Provinsi Sumatera Utara.\r\n\r\nSelanjutnya akan diadakan di Provinsi DKI Jakarta, Jawa Tengah, Jawa Timur, Bali,\r\n\r\nSulawesi Selatan dan Jawa Barat.','2023-07-18 05:45:41.352205'),(42,'KANTOR_IMIGRASI_CILEGON','Menkumham Beri Apresiasi Kepada Seluruh Gubernur di Pulau Sumatera Atas  Kontribusinya Memacu Kekaya','Medan - Menteri Hukum dan Hak Asasi Manusia (Menkumham) Yasonna H. Laoly\r\n\r\nmemberikan apresiasi kepada 10 Gubernur Se-Provinsi Sumatera atas kontribusinya\r\n\r\ndalam memacu pertumbuhan kreativitas dan inovasi kekayaan intelektual (KI) dalam\r\n\r\nrangka pemulihan ekonomi nasional (PEN).\r\n\r\nHal ini dilakukan Menkumham Yasonna di sela-sela kegiatan Roving Seminar\r\n\r\nKekayaan Intelektual yang diselenggarakan di Hotel JW Marriot Medan, Sumatera\r\n\r\nUtara, Rabu, 13 April 2022.\r\n\r\nIndonesia khususnya Sumatera dengan keragaman budaya dan sumber daya alam,\r\n\r\nmemiliki banyak produk unggulan dan potensial yang didorong melalui KI Komunal agar\r\n\r\nmampu bersaing di pasar global, kata Yasonna.\r\n\r\nIa juga menyebut salah satu rezim KI Komunal yang perlu dikembangkan dan\r\n\r\ndiperdayakan adalah produk yang berbasis pada potensi geografis Indonesia dan\r\n\r\ndikenal sebagai Indikasi Geografis (IG).\r\n\r\nIndikasi Geografis terbukti dapat menjadi katalisator tidak hanya bagi nation branding\r\n\r\ntapi juga mendukung kemandirian ekonomi suatu negara, ujar Yasonna.\r\n\r\nMenkumham asal Sorkam ini juga mencontohkan salah satu dampak positif dari\r\n\r\nterdaftarnya kekayaan intelektual terhadap meningkatnya nilai jual suatu produk.\r\n\r\nKopi Gayo menjadi produk IG pertama Indonesia yang tercatat dan diterima di Uni\r\n\r\nEropa. Sebelum didaftarkan harga per kilogramnya hanya Rp50 ribu, setelah\r\n\r\ndidaftarkan menjadi Rp120 ribu. Dari angka nominal ini terlihat adanya efek leverage\r\n\r\ndari terlindunginya IG, ungkap Yasonna.\r\n\r\nYasonna pun menyampaikan bahwa potensi KI Komunal tidak hanya memberi manfaat\r\n\r\nsecara ekonomi tapi juga sebagai potensi ekologi, kepariwisataan, sosial budaya dan\r\n\r\nyang paling penting adalah untuk identitas bangsa.\r\n\r\n\r\n\r\nAda lagi success story pemanfaatan KI komunal yaitu, kain Endek Bali sebagai salah\r\n\r\nsatu KI Komunal dari potensi Ekspresi Budaya Tradisional yang mulai mendunia. Kain\r\n\r\nini menjadi pilihan rumah mode Christian Dior sebagai bagian dari koleksi musim semi\r\n\r\ndan musim panas pada Paris Fashion Week 2021, tuturnya.\r\n\r\nKarenanya, Yasonna mengajak seluruh masyarakat Sumatera untuk terus menggali\r\n\r\npotensi wilayah, terus berkreasi, berkarya dan berinovasi, bersama-sama memahami\r\n\r\npentingnya pelindungan KI.\r\n\r\nKemudian menjaga kualitasnya, mengembangkannya dan membuatnya semakin\r\n\r\nbernilai ekonomi tinggi sehingga dapat menjadi pendorong Pemulihan Ekonomi\r\n\r\nNasional, pungkas Yasonna.\r\n\r\nPada kesempatan yang sama, Menkumham Yasonna juga menyerahkan\r\n\r\nmasing-masing satu surat pencatatan Hak Cipta, sertifikat Desain Industri, sertifikat\r\n\r\nMerek, dan sertifikat Indikasi Geografis. Serta dua surat pencatatan KI Komunal dan\r\n\r\nsertifikat Paten.','2023-07-18 05:46:18.833983'),(43,'KANTOR_IMIGRASI_CILEGON','Buka Rakernispas Kemenkumham Banten, Dirjen PAS: 3+1 Senjata Utama Pemasyarakatan PASTI','KABUPATEN TANGERANG  Pelaksanaan prinsip dasar Pemasyarakatan 3+1 Deteksi Dini, Berantas Peredaran Narkotika, Sinergitas dan Back to Basics masih menjadi senjata utama mewujudkan pelaksanaan pemasyarakatan yang PASTI.\r\n\r\nHal ini diungkapkan Direktur Jenderal Pemasyarakatan Kementerian Hukum dan HAM, Reynhard Silitonga dalam pembukaan Rapat Kerja Teknis Pemasyarakatan (Rakernispas) Tahun 2022 Kantor Wilayah Kementerian Hukum dan HAM Banten, Rabu (23/02).\r\n\r\nPada kegiatan yang digelar di Kawasan Permukiman Pemasyarakatan Ciangir tersebut, Direktur Jenderal Pemasyarakatan menyebut jika persoalan di setiap Satuan Kerja Pemasyarakatan pastilah sama, namun semua itu dapat kita minimalisir.\r\n\r\nPelaksanaan prinsip dasar Pemasyarakatan 3+1 Deteksi Dini, Berantas Peredaran Narkotika, Sinergitas dan Back to Basics masih menjadi senjata utama. Kuncinya adalah cepat temukan masalahnya, dan cepat selesaikan masalah tersebut, ujarnya.\r\n\r\nTak lupa, Direktur Jenderal Pemasyarakatan menyampaikan apresiasi terhadap capaian dan prestasi seluruh jajaran Pemasyarakatan di Indonesia, termasuk jajaran Kanwil Kemenkumham Banten.\r\n\r\nMenurutnya, jajaran Pemasyarakatan telah mampu menunjukkan dedikasi dan pengabdian terbaiknya. Seperti Kanwil Kemenkumham Banten yang telah melakukan pemindahan bandar narkoba ke Lapas Maximum Security di Nusakambangan serta melakukan penggalian potensi pegawai khususnya bagi para petugas pengamana di Lapas dan Rutan.\r\n\r\nDirektur Jenderal Pemasyarakatan berpesan agar jajaran Kanwil Kemenkumham Banten selalu menjaga profesionalisme, komitmen, dan integritas serta melaksanakan tugas dan fungsi sebagaimana mestinya, baik di Lapas, Rutan, Balai Pemasyarakatan, Lembaga Pembinaan Khusus Anak, maupun Rumah Penyimpanan Barang Sitaan Negara. (Humas Kanwil Banten)','2023-07-18 05:46:48.551400'),(44,'KANTOR_IMIGRASI_CILEGON','Kumham Sehat, Kumham Produktif: Tebar Optimisme dan Semangat Hadapi Pandemi Covid-19','Serang  Tebar optimisme dan semangat dalam menghadapi Pandemi COVID-19, Kementerian Hukum dan HAM kembali menyapa jajaran pegawainya melalui Kumham Sehat, Kumham Produktif Telemedicine dan Konsultasi Kesehatan bagi ASN yang Terpapar COVID-19 yang diselenggarakan secara daring oleh Kanwil Kemenkumham Banten sebagai pelaksana kegiatan, berpusat dari Roemah Prestasi, Jumat (18/02).\r\n\r\nDalam sambutan singkatnya, Kepala Kanwil Kemenkumham Banten, Tejo Harwanto menyebut, kegiatan Telemedicine kali memang dikhususkan bagi jajaran Kemenkumham yang terkonfirmasi positif COVID-19 dan sedang menjalankan isoman, namun bagi yang ada dalam keadaan sehat, kegiatan ini adalah ajang silaturahmi dan edukasi kesehatan sehingga jajaran Kementerian Hukum dan HAM bisa tetap sehat dan produktif di masa pandemi COVID-19.\r\n\r\nSementara, Sekretaris Jenderal Kementerian Hukum dan HAM, Andap Budhi Revianto mengatakan kegiatan ini merupakan upaya Kementerian Hukum dan HAM untuk menjaga kesehatan jajarannya di tengah kembali melonjaknya kasus positif COVID-19.\r\n\r\nAndap menggambarkan, per Kamis 10 Februari 2022 lalu, data mencatat sebanyak 1.155 pegawai terkonfirmasi positif Covid-19, namun per Kamis 17 Februari 2022 kemarin, data mencatat 1.693 pegawai terkonfirmasi positif Covid-19, artinya dalam 1 minggu saja terdapat penambahan sebanyak 538 pegawai.\r\n\r\nTentunya hal ini harus menjadi perhatian bersama, khususnya para Pimpinan di Unit Pusat dan Kantor Wilayah. Siapa saja dapat terpapar Covid-19, jadi mari kita saling mengingatkan, jangan lengah, mari lebih disiplin dan ketat menerapkan protokol kesehatan\" ujar Andap.\r\n\r\nSelanjutnya, untuk memastikan kondisi jajarannya, Andap menyapa beberapa orang perwakilan pegawai yang terkonfirmasi positif Covid-19 dan saat ini sedang menjalani isolasi mandiri.\r\n\r\nKepada mereka, Andap menyampaikan harapannya agar pegawai yang sakit segera pulih dan berpesan agar pegawai yang sehat untuk jangan sampai terpapar Covid-19.\r\n\r\nSemoga rekan-rekan kembali pulih, sehat, dan kembali bekerja dengan baik. Mari saling mendoakan, insyaallah kita kembali sehat. Bagi yang sudah pulih jangan sampai sakit kembali, yang sehat jangan sampai terpapar Covid-19. ujarnya.\r\n\r\nKegiatan dilanjutkan dengan konsultasi kesehatan yang menghadirkan dr. Tri Agus Yuarsa, Sp.P, Dokter Spesialis Paru dan Pernafasan pada Rumah Sakit Sari Asih Serang sebagai Narasumber dengan pokok materi gejala COVID-19 (ringan sedang berat) dan keluhan klinis lainnya serta mekanisme dan tata cara Isoman. (Humas Kanwil Banten)','2023-07-18 05:47:23.021207'),(45,'KANTOR_IMIGRASI_CILEGON','Serahkan Surat Hak Cipta Mars dan Himne KPK, Yasonna Tegaskan Prosesnya Cepat dan Tanpa Pungli','JakartaMenteri Hukum dan HAM Yasonna H. Laoly menegaskan proses pencatatan hak cipta saat ini lebih cepat dan terbebas dari pungutan liar (pungli). Hal itu disampaikan Yasonna dalam acara penyerahan Surat Pencatatan Ciptaan Lagu Mars dan Himne Komisi Pemberantasan Korupsi, Kamis (17/2/2022).\r\n\r\nYasonna menjelaskan, Direktorat Jenderal Kekayaan Intelektual Kemenkumham telah mencanangkan Persetujuan Otomatis Pencatatan Hak Cipta  atau POP HC pada awal tahun 2022.\r\n\r\nDalam sistem tersebut, proses pencatatan ciptaan hanya membutuhkan waktu kurang dari 10 menit, sistem ini merupakan pengembangan dari sistem administrasi sebelumnya yang dilakukan dalam jangka waktu satu hari, dan merupakan perbaikan dari sistem sebelumnya yang dilakukan dalam jangka waktu sembilan bulan.\r\n\r\nPerbaikan sistem ini adalah dalam rangka meningkatkan layanan Kemenkumham kepada publik, ujar Yasonna.\r\n\r\nMenteri kelahiran Sorkam, Tapanuli Tengah, Sumatra Utara, itu menuturkan, seperti halnya proses permohonan pencatatan ciptaan atas Mars KPK dan Himne KPK, ciptaan Ardina Safitri Firli. Yakni, istri Ketua KPK Firli Bahuri, yang diajukan pada 6 Januari 2022 dan prosesnya selesai kurang dari 10 menit.\r\n\r\nTerbukti, pengajuan permohonan pencatatan Ciptaan Mars KPK penyelesaiannya hanya membutuhkan waktu tiga menit, yaitu dari pukul 15.56 sampai pukul 15.59, ungkap Yasonna.\r\n\r\nSelanjutnya pengajuan permohonan pencatatan Ciptaan Himne KPK proses penyelesaian hanya empat menit yaitu dari pukul 15.39 sampai dengan pukul 15.43, sambung Ketua Bidang Hukum, HAM, dan Perundang-undangan DPP PDI Perjuangan tersebut.\r\n\r\nAtas kemudahan itu, pemohon pencatatan ciptaan dengan menggunakan sistem POP HC mengalami peningkatan drastis sejak diluncurkan, dari tanggal 20 Desember 2021 hingga 15 Februari 2022 terdata masuk 15.849 permohonan.\r\n\r\nPOP HC merupakan pelayanan publik yang berbasis teknologi informasi, memudahkan masyarakat untuk mencatatkan ciptaannya, sehingga dapat mendorong kemajuan ilmu pengetahuan, seni, dan sastra.\r\n\r\nYasonna mengungkapkan, kepedulian masyarakat terhadap pentingnya pelindungan karya-karya intelektual khususnya Hak Cipta, semakin tinggi. Hal tersebut terlihat dalam statistik pengajuan permohonan Hak Cipta yang semakin meningkat dari waktu ke waktu.\r\n\r\nSelama tahun 2021 kami menerima pencatatan Hak Cipta sebanyak 83.078, meningkat 43 persen dari tahun 2020, ungkap Yasonna.\r\n\r\nMeningkatnya permohonan Hak Cipta tidak terlepas dari pemanfaatan sistem teknologi informasi yang selalu dikembangkan Kemenkumham. Pemanfaatan sistem tersebut juga untuk memastikan tidak ada pungutan liar yang terjadi dalam prosesnya, sambung Yasonna.\r\n\r\nPelindungan hukum terhadap Hak Cipta semakin hari semakin baik dengan pelayanan yang diberikan secara online, sehingga masyarakat dan Kementerian/Lembaga semakin mudah mendaftarkan karya-karya intelektual dan kreativitasnya dari mana saja dan kapan saja melalui media internet.\r\n\r\nSaya dan jajaran Kemenkumham mengapresiasi KPK yang telah melakukan Pencatatan Ciptaan dari hasil kreativitas jajarannya, hal ini menunjukkan bahwa kesadaran akan pentingnya pelindungan atas hasil kreativitas dan inovasi tidak saja terdapat pada masyarakat umum, namun pada Kementerian/Lembaga untuk peduli terhadap Kekayaan Intelektual atas karya-karya yang dihasilkan, pungkas Yasonna.','2023-07-18 05:48:12.443626'),(46,'KEMENKUMHAM_KANWIL_BANTEN','Kakanwil Kemenkumham Banten: \"Layanan Publik dan Pemenuhan Hak WBP Harus Sesuai SOP Tanpa Gratifikas','Serang - Pemenuhan hak-hak Warga Binaan Pemasyarakatan di Lapas/Rutan saat ini tidak dapat dipandang sebelah mata, karena Warga Binaan juga adalah masyarakat yang memiliki hak dasar yang melekat untuk dapat kita layani dengan baik.\"\r\n\r\nHal tersebut ditegaskan Kepala Kantor Wilayah Kementerian Hukum dan HAM Banten, Tejo Harwanto dalam arahannya kepada jajaran Kanwil Kemenkumham Banten secara daring, Kamis (10/02).\r\n\r\n\"Berikan apa yang memang menjadi hak para Warga Binaan. Dan layanan tersebut harus bebas dari pungli, tidak lagi ada biaya yang harus dikeluarkan Warga Binaan untuk mendapatkan haknya. Lakukan semua sesuai dengan SOP dan Perundang-Undangan yang berlaku\", sambungnya.\r\n\r\nTejo berujar, hal tesebut tentunya tidak hanya berlaku bagi Layanan Pemasyarakatan, tetapi juga Layanan Keimigrasian, Layanan Hukum dan HAM, serta semua layanan yang berlaku di lingkungan Kanwil Kemenkumham Banten.\r\n\r\n\"Mulai saat ini, tidak ada lagi jajaran Kanwil Kemenkumham Banten yang menerima imbalan atas semua layanan yang diberikan, baik Layanan Pemasyarakatan, Keimigrasian, Hukum, dan layanan lainnya\", pinta Tejo Harwanto.\r\n\r\n\"Saya pastikan, saya akan meninjau setiap kegiatan pemberian Layanan Publik di Satuan Kerja dan bertanya langsung kepada para pengguna layanan, apakah pelayanan yang diberikan sudah sesuai dengan apa yang telah ditentukan\", ungkapnya.\r\n\r\nTak hanya itu, kata Tejo Harwanto, dirinya akan memastikan langsung kepada para pengguna Layanan, apakah layanan tersebut dilakukan oleh pemohon sendiri atau ada petugas yang membantu sesuatu, dengan keharusan mengeluarkan biaya tertentu atau membayar lebih dari yang telah ditentukan sebagai imbalannya.\r\n\r\n\"Jika sampai itu terjadi, tentu saya akan bertindak tegas. Untuknya, kepada seluruh jajaran, saya berpesan, bekerjalah secara profesional, bersikaplah santun dan humanis dalam melayani, sampai masyarakat merasakan betul jika pelayanan yang kita berikan adalah yang terbaik\", pungkasnya. (Humas Kanwil Banten)','2023-07-18 05:50:45.248419'),(47,'KANTOR_IMIGRASI_CILEGON','Deklarasi Janji Kinerja, Kukuhkan Komitmen Jajaran Kanwil Kemenkumham Banten untuk Semakin PASTI di','Serang - Dipimpin oleh Kepala Kantor Wilayah Kementerian Hukum dan HAM Banten, Tejo Harwanto, seluruh jajaran Kantor Wilayah Kementerian Hukum dan HAM mengucapkan Janji Kinerja  dan penandatangan perjanjian kinerja Tahun 2022. Kegiatan ini digelar Kantor Wilayah Kementerian Hukum dan HAM Banten bertempat di Aula Lantai III Kantor Wilayah, Jum\'at (07/01).\r\n\r\n\"Deklarasi Janji Kinerja bertujuan mengukuhkan komitmen seluruh Pegawai untuk bekerja sesuai dengan rencana yang telah ditetapkan. Sementara Penandatanganan Perjanjian Kinerja bertujuan sebagai alat kendali kinerja secara berjenjang guna memastikan seluruh sasaran dan target dapat tercapai dengan baik dan berkualitas\", ujar Kepala Kantor Wilayah dalam sambutannya.\r\n\r\nAdapun, disampaikan Tejo Harwanto, Tema yang dipilih oleh Kementerian Hukum dan HAM Republik Indonesia pada Tahun 2022 ini adalah KITA TINGKATKAN KINERJA KEMENKUMHAM SEMAKIN PASTI DAN BERAKHLAK MENDUKUNG PROGRAM PEMULIHAN EKONOMI NASIONAL (PEN) DAN REFORMASI STRUKTURAL.\r\n\r\n\"Tema ini merujuk agenda Perencanaan Pembangunan Nasional dan RKP Tahun 2022 yang diselaraskan dengan Tata Nilai Kemenkumham  PASTI dan Core Value ASN BerAKHLAK yang dilaunching Presiden Republik Indonesia, Joko Widodo\", imbuhnya.\r\n\r\nTejo Harwanto meminta kepada seluruh Jajaran Kanwil Kemenkumham Banten agar menjadikan Profesional, Akuntabel, Sinergi, Transparan, dan Inovatif (PASTI) serta Berorientasi Pelayanan, Akuntabel, Kompeten, Harmonis, Loyal, Adaptif, dan Kolaboratif (BerAKHLAK) sebagai Tata Nilai yang harus dipahami dan diimplementasikan dengan Langkah nyata di lapangan, bukan hanya sekedar jargon belaka.\r\n\r\nTerakhir, Tejo Harwanto berharap seluruh jajaran tidak menjadikan Deklarasi Janji Kinerja dan Perjanjian Kinerja Tahun 2022 ini sebagai sebuah \"Ceremony\" tanpa Implementasi.\r\n\r\n\"Laksanakan Janji Kinerja yang telah dideklarasikan bersama, capailah target kinerja yang telah ditentukan dengan baik dan tepat sasaran. Perencanaan yang baik didasari komitmen, konsistensi serta kerja keras tidak akan pernah mengkhianati hasil\", tandasnya.','2023-07-18 06:03:46.885496'),(48,'KANTOR_IMIGRASI_CILEGON','Reses, Tim Komisi III DPR RI Sambangi Kanwil Kemenkumham Banten','Serang - Lantunan sholawat yang dibawakan Tim Marawis Warga Binaan Pemasyarakatan Lapas Kelas IIA Cilegon menyambut kedatangan Tim Komisi III DPR RI di Kantor Wilayah Kementerian Hukum dan HAM Banten, Selasa (21/12).\r\n\r\nDi halaman Kantor Wilayah, Kepala Kantor Wilayah Kementerian Hukum dan HAM Banten, Tejo Harwanto didampingi Para Kepala Divisi dan Kepala Unit Pelaksana Teknis menyambut kedatangan Tim Komisi III DPR RI yang dalam kesempatan ini dipimpin oleh Ketua Tim yang juga Wakil Ketua Komisi III DPR RI Fraksi Partai Gerindra, Desmond J. Mahesa. \r\n\r\nKunjungan Tim Komisi III DPR RI ini merupakan Rangkaian Kunjungan Kerja Reses Komisi III DPR RI masa persidangan II Tahun Sidang 2021-2022 ke Mitra Kerja Komisi III DPR RI yang ada di Wilayah Provinsi Banten, diantaranya Kepolisian Daerah Banten, Kejaksaan Tinggi Banten, Kantor Wilayah Kementerian Hukum dan HAM Banten, BNN Provinsi Banten, Pengadilan Tinggi Banten, Pengadilan Tinggi Agama Banten dan Pengadilan Tata Usaha Negara Serang. \r\n\r\nSelanjutnya, bertempat di Aula Lantai III Kantor Wilayah, Desmond J. Mahesa selaku Ketua Tim membuka secara resmi Rapat dalam Rangka Kunjungan Kerja Reses Komisi III DPR RI Masa Persidangan II Tahun Sidang 2021-2022 tepat pada pukul 13.00 WIB. \r\n\r\nDisampaikan Ketua Tim saat membuka Rapat, tujuan Kunjungan Reses adalah untuk menyerap aspirasi mitra kerja Komisi III DPR RI terkait permasalahanpermasalahan yang dihadapi mitra kerja, dengan harapan Komisi III DPR RI akan mampu menjadi jembatan dalam penyampaian aspirasi yang telah disampaikan oleh Mitra Kerja kepada Kementerian/Lembaga terkait. \r\n\r\nSelanjutnya, pertanyaan seputar antisipasi permasalahan kelebihan kapasitas di Lapas dan Rutan serta kinerja keimigrasian di Wilayah Provinsi Banten menjadi topik pertanyaan yang banyak dilemparkan oleh Tim Komisi III DPR RI. \r\n\r\nRapat berjalan tanpa hambatan satu apapun sampai Ketua Tim menyatakan Rapat selesai dan ditutup secara resmi pada pukul 14.00 WIB. \r\n\r\nRapat ditutup dengan foto bersama serta pemberian cindera mata oleh Kepala Kantor Wilayah Kementerian Hukum dan HAM Banten kepada Perwakilan Anggota Tim Komisi III DPR RI berupa plakat dan gitar yang merupakan hasil kegiatan Pembinaan Keterampilan Warga Binaan Pemasyarakatan Lapas Kelas III Rangkasbitung.','2023-07-18 06:04:22.754276'),(49,'KANTOR_IMIGRASI_CILEGON','Kakanwil Banten Ingatkan Pentingnya Memperkuat Kinerja Organisasi','Penulis: Annisa Etri Damayanti\r\n\r\nKepala Kantor Imigrasi Kelas II TPI Cilegon, Ruhiyat M. Tolib, menerima pengarahan langsung oleh Kepala Kantor Wilayah Kemenkumham Banten, Tejo Harwanto, yang baru saja dilantik pada Kamis (15/12/2021) di Ruang Rapat Utama Sultan Maulana Hasanudin.\r\n\r\n\r\n\r\nDalam arahannya, Kepala Kantor Wilayah (Kakanwil) Banten, Tejo Harwanto mengingatkan kepada seluruh Kepala Unit Pelaksana Teknis di Wilayah Kemenkumham Banten untuk memperkuat kinerja organisasi demi kepentingan Kementerian Hukum dan Hak Asasi Manusia.\r\n\r\n\r\n\r\nTugas kita sekarang bagaimana mendorong kemajauan Kementerian Hukum dan HAM. Kenali tugas dan fungsi kita sesuai dengan organisasi dan tata kerja Kemenkumham tutur pria yang sebelumnya menjabat sebagai Kepala Kantor Wilayah Kemenkumham Kalimantan Selatan.\r\n\r\n\r\n\r\nTejo Harwanto menjabat sebagai Kepala Kantor Wilayah Kementerian Hukum dan HAM Banten setelah dilantik oleh Sekretaris Jenderal (Sekjen) Kementerian Hukum dan HAM, Andap Budhi Revianto pada hari Rabu (15/12/2021) di Kantor Pusat Kemenkumham, Jakarta Selatan.','2023-07-18 06:04:56.165208'),(50,'KANTOR_IMIGRASI_CILEGON','Imigrasi Cilegon Menerima Piagam Penghargaan Pelayanan Publik Berbasis HAM Tahun 2021','Jumat, 10 Desember 2021Penulis: Annisa Etri Damayanti\r\n\r\nKantor Imigrasi Cilegon meraih prestasi membanggakan sebagai satu Unit Pelaksana Teknis yang telah melaksanakan pelayanan publik berbasis Hak Asasi Manusia Tahun 2021. Penerimaan penghargaan di wilayah Kementerian Hukum dan HAM Banten dilaksanakan dalam rangkaian peringatan Hari HAM Se-Dunia Ke-73 bertempat di Hotel Aston Cilegon, Jumat 10 Desember 2021.\r\n\r\nDalam kesempatan tersebut, Kepala Kantor Wilayah Kemenkumham Banten, Agus Toyib menyerahkan langsung penghargaan kepada Kepala Kantor Imigrasi Cilegon, Ruhiyat M. Tolib. Penghargaan ini sebagai apresiasi atas komitmen seluruh unit pelaksana teknis di wilayah Kemenkumham Banten untuk melaksanakan pelayanan publik berbasis HAM.  \r\n\r\nSaya ucapkan selamat dan apresiasi Kepada 15 Satuan Kerja yang berhasil mendapat penghargaan sebagai Satuan Kerja P2HAM Tahun 2021. Capaian ini harus menjadi motivasi bagi Satuan Kerja untuk tetap menjaga pelayanan publik dengan baik. Karena Pelayanan Publik adalah tugas dan kewajiban kita sebagai ASN, ujarnya\r\n\r\nSelain Kantor Imigrasi Cilegon, penerimaan piagam penghargaan juga diberikan kepada 14 Unit Pelaksana Teknis lainnya yang berkomitmen untuk terus melaksanakan pelayanan publik berbasis HAM di wilayah Kemenkumham Banten. \r\n\r\nAcara dilanjutkan dengan Peringatan Hari HAM ke-73 Tahun 2021 yang diselenggarakan oleh Direktorat Jenderal HAM secara daring dengan temaEQUALITY-Reducing Inequalities, Advancing Human Rights.','2023-07-18 06:05:42.214716'),(51,'KANTOR_IMIGRASI_CILEGON','Imigrasi Cilegon Sosialisasikan Permenkumham Nomor 34 Tahun 2021 Kepada Perwakilan Perusahaan di Kot','Kantor Imigrasi Kelas II TPI Cilegon sosialisasikan Permenkumham Nomor 34 Tahun 2021 tentang Pemberian Visa dan Izin Tinggal Keimigrasian Dalam Masa Penanganan Penyebaran Corona Virus Disease 2019 dan Pemulihan Ekonomi Nasional di Aston Anyer Beach Hotel, Kamis (24/11/2021). Sasaran kegiatan sosialisasi ini yaitu perusahaan yang mempekerjakan orang asing di wilayah kota Cilegon, Banten. \r\n\r\nMenurut Kepala Seksi Izin Tinggal Tetap Direktorat Izin Tinggal Keimigrasian, Muhammad Fadhli, penjamin harus memahami kebijakan keimigrasian yang dikeluarkan oleh imigrasi untuk orang asing. \r\n\r\nPada Permenkumham Nomor 34 Tahun 2021, Direktorat Jenderal Imigrasi telah mengatur alur masuk orang asing ke Indonesia pada masa Pandemi Covid-19. Dalam aturan tersebut, penumpang wajib membawa hasil RT-PCR negative dan bukti telah menerima vaksin Covid-19 dosis lengkap., tuturnya. \r\n\r\nBerdasarkan kebijakan tersebut, Direktorat Jenderal Imigrasi juga memberikan pengecualian bagi awak alat angkut dan anak dibawah usia 12 (dua belas) tahun yang hendak masuk ke wilayah Indonesia. \r\n\r\nBagi awak alat angkut yang memasuki wilayah Indoensia menggunakan Yacht tidak diwajibkan membawa hasil RT- PCR dan anak dibawah 12 tahun tidak diwajibkan menerima vaksin Covid-19 dosis lengkap Ujar Muhammad Fadhli  \r\n\r\nMelalui upaya ini, ungkapnya, Direktorat Jenderal Imigrasi berharap agar para penjamin dapat lebih bertanggung jawab terhadap keberadaan orang asing di wilayah perusahaannya. Jika penjamin tidak mengikuti kebijakan yang berlaku maka dapat diberikan sanki administrative lalu pidana. \r\n\r\nPenulis: Annisa Etri Damayanti','2023-07-18 06:07:11.294714'),(52,'KEMENKUMHAM_KANWIL_BANTEN','Kantor Wilayah Kementerian Hukum dan HAM Banten Bersama Kantor Imigrasi Kelas II TPI Cilegon Melaksa','Kantor Wilayah Kementerian Hukum dan HAM Banten Bersama dengan Kantor Imigrasi Kelas II TPI Cilegon melaksanakan kegiatan operasi gabungan laut pengawasan orang asing kota Cilegon yang diikuti oleh anggota Tim Pengawasan Orang Asing (TIMPORA) tingkat Provinsi Banten dan TIMPORA tingkat Kota Cilegon pada hari Rabu (17/11) di wilayah perairan Kantor Imigrasi Kelas II TPI Cilegon. Kegiatan Operasi Gabungan kali ini diikuti oleh sejumlah instansi yang tergabung dalam Tim Pengawasan Orang Asing (TIMPORA) diantaranya Badan Intelijen Strategis Tentara Nasional Indonesia, Badan Narkotika Nasional Kota Cilegon, Dinas Kependudukan dan Pencatatan Sipil Kota Cilegon, Dinas Tenaga Kerja Kota Cilegon, Kantor Kesehatan Pelabuhan Kelas II Banten, Kantor Pengawasan dan Pelayanan Bea dan Cukai Tipe Madya Pabean Merak, Kantor Syahbandar dan Otoritas Pelabuhan Kelas I Banten, Kejaksaan Negeri Kota Cilegon, Kepolisian Resor Kota Cilegon, Kesatuan Bangsa dan Politik Kota Cilegon, Komando Distrik Militer 0623 Kota Cilegon, Pangkalan Tentara Nasional Indonesia Angkatan Laut Banten.\r\n\r\nPengawasan terbagi menjadi 2 (dua) tim yaitu tim darat dan tim laut yang di dukung oleh 50 personil gabungan dari beberapa instansi. Kegiatan dimulai dari Dermaga Pelabuhan Indah Kiat Cilegon dengan menggunakan armada kapal laut dari Pangkalan Angkatan Laut (LANAL) dan Kesyahbandaran dan Otoritas Pelabuhan (KSOP) Kelas 1 Banten. Sasaran dalam operasi gabungan tersebut adalah lalu lintas internasional dan perusahaan yang memiliki terminal khusus di wilayah perairan Kota Cilegon. Kegiatan operasi gabungan laut pengawasan orang asing ini baru pertama kali dilaksanakan dalam agenda kegiatan TIMPORA. \r\n\r\nPelaksanaan operasi ini bertujuan untuk mengoptimalkan fungsi keimigrasian, pengawasan, pemeriksaan, pemantauan dan pengendalian lalu lintas orang asing yang keluar atau masuk wilayah Indonesia, menegakkan hukum internasional keimigrasian, menjaga tegaknya kedaulatan negara dan melindungi warga negara Indonesia dari kejahatan transnasional keimigrasian di wilayah laut. Operasi gabungan ini juga untuk memastikan keberadaan dan kegiatan orang asing sesuai dengan Visa dan Izin Tinggal sesuai dengan tujuan kedatangannya di wilayah Provinsi Banten khususnya Kantor Imigrasi Kelas II TPI Cilegon. \r\n\r\nPenulis: Annisa Etri Damayanti','2023-07-18 06:07:46.501798'),(53,'KEMENKUMHAM_REPUBLIK_INDONESIA','Yasonna Sapa Jajaran Kemenkumham, dari Sabang hingga Los Angeles','Jakarta  Jakarta  Menteri Hukum dan HAM, Yasonna H. Laoly menyapa segenap jajaran Kementerian Hukum dan HAM (Kemenkumham) yang melakukan pelayanan publik bagi warga negara Indonesia. Bukan hanya Sabang sampai Merauke, namun sampai ke Los Angeles (LA), Amerika Serikat.\r\n\r\nTepat pada peringatan Hari Dharma Karyadhika (HDKD) ke-76 tahun, 30 Oktober 2021, Yasonna memeriksa pelaksanaan pelayanan publik yang dilakukan perwakilan Konsulat Jenderal Republik Indonesia (KJRI) di LA. Atase Imigrasi KJRI LA, Sigit Setyawan menyampaikan bahwa saat ini tengah dilakukan pelayanan paspor kepada 84 nelayan Indonesia yang sedang bersandar di Honolulu, Hawaii.\r\n\r\nTotal WNI di Hawaii adalah 625 orang, sedangkan di LA berjumlah 60.754 orang. Kemenkumham melalui KJRI LA telah menjalin sinergi yang baik dengan pemerintah Amerika Serikat untuk memberikan pelayanan yang terbaik bagi seluruh WNI.\r\n\r\nMenkumham memberikan apresiasi kepada atase imigrasi yang memberikan pelayanan paspor di Honolulu, serta berpesan agar para nelayan tetap menjaga kesehatan selama berlayar.\r\n\r\nSelamat bertugas, memberikan pelayan paspor bagi para nelayan Indonesia. Bagi para nelayan, selamat berlayar, tetap jaga kesehatan dan berhati-hati, ucap Yasonna melalui teleconference, pada upacara peringatan HDKD 2021.\r\n\r\nDi daerah Sabang, Menkumham menyapa jajaran Rumah Tahanan Negara (Rutan) Sabang. Menurutnya, Sabang merupakan salah satu daerah yang rawan narkoba dari Malaysia. Yasonna berharap jajaran Kemenkumham tetap menjaga integritas dan bebas dari narkoba.\r\n\r\nJangan sampai tercemar dan ikut-ikutan (pakai narkoba), tegas Menkumham di Lapangan Upacara Kemenkumham.\r\n\r\nYasonna kemudian menyapa jajaran di dua Pos Lintas Batas Negara (PLBN), yaitu PLBN Miangas di Sulawesi Utara dan PLBN Skouw di Papua. PLBN Miangas berbatasan dengan Filipina, sedangkan PLBN Skouw berbatasan dengan Papua Nugini.\r\n\r\nMeskipun pelintas batas berkurang karena peraturan di masa pandemi Covid-19, Menkumham berharap jajaran Kemenkumham tidak lengah dalam melakukan pengawasan. Kemenkumham terus mengupayakan peningkatan pelayanan di PLBN, seperti koordinasi dengan kepolisian, angkatan laut, dan pemerintah daerah. Selain itu, optimalisasi sarana pendukung seperti kualitas internet.\r\n\r\nSelanjutnya, Menkumham melanjutkan perjalanan virtualnya menuju selatan Indonesia yaitu Lembaga Pemasyarakatan (Lapas) Baa di Pulau Rote.\r\n\r\nJangan sampai ada pelanggaran peraturan dan SOP. Meskipun tidak ada PLBN di sana (Baa, Rote) namun jajaran Lapas Baa tetap jalankan tugas sebagai insan Kemenkumham untuk menjaga perbatasan, pesan Yasonna.\r\n\r\nTerakhir, Menkumham menuju ke Rumah Sakit Umum Pengayoman Cipinang di Jakarta. RSU Pengayoman merupakan unit pelayanan kesehatan bagi narapidana, tahanan, deteni, pegawai Kemenkumham, hingga masyarakat umum.\r\n\r\nYasonna berharap dapat segera meningkatkan status RSU Pengayoman dari tipe C ke tipe B, karena dari sisi ketersediaan tempat tidur RSU Pengayoman telah memenuhi kriteria. Jajaran medis Kemenkumham juga perlu berhati-hati dalam memberikan pelayanan di tengah pandemi Covid-19.\r\n\r\nDalam upacara peringatan HDKD 2021, Yasonna didampingi Wakil Menteri Hukum dan HAM Edward O. S. Hiariej, Sekretaris Jenderal Andap Budhi Revianto, serta jajaran Pimpinan Tinggi Madya dan Pratama unit eselon I. Sementara itu, jajaran Kantor Wilayah dan UPT mengikuti secara virtual.\r\n\r\nRangkaian perayaan HDKD telah dilaksanakan sejak 1 Oktober 2021 dengan kegiatan Doa Kumham untuk Negeri. Rangkaian dilanjutkan dengan Lokakarya Pembangunan Zona Integritas, Seminar Nasional, Lomba Cerdas Cermat Akuntansi dan BMN, Lomba Skill Challenge Menembak, Bakti Sosial, Legal Expo, Upacara Tabur Bunga, hingga puncak peringatan dan syukuran pada 30 Oktober 2021.','2023-07-18 06:08:22.244789'),(54,'KEMENKUMHAM_REPUBLIK_INDONESIA','Peringati HDKD, Menkumham Ajak ASN Kemenkumham Wujudkan Nilai Semakin PASTI','Jakarta  Peringati Hari Kementerian Hukum dan Hak Asasi Manusia (Kemenkumham), Hari Dharma Karyadhika (HDKD) ke 76, Menteri Hukum dan Hak Asasi Manusia (Menkumham) Yasonna H. Laoly, mengajak kepada seluruh pejabat dan pegawai Kemenkumham untuk terus meningkatkan kapasitas dan kompetensi, guna menciptakan terobosan/inovasi yang memberikan manfaat langsung kepada masyarakat, sehingga terwujud Kemenkumham yang Semakin PASTI (Profesional, Akuntabel, Sinergi, Transparan, dan Inovatif).\r\n\r\nJangan pernah puas dengan prestasi yang telah dicapai, Kemenkumham harus jadi pioneer dalam mendorong terciptanya pemerintahan yang dinamis, membuat birokrasi ini lebih adaptif dalam menghadapi berbagai situasi, cepat, tepat, dan akurat dalam pengambilan keputusan, serta memberikan pelayanan terbaik kepada Masyarakat, ujar Yasonna di Lapangan Merah Kemenkumham, Jakarta, Sabtu (30/10/2021).\r\n\r\nLebih lanjut Menkumham mengatakan, Aparatur Sipil Negara (ASN) di lingkungan Kemenkumham harus bisa membuktikan untuk mampu bertransformasi menjadi kekuatan yang mampu berperan di lingkugan strategis dengan memanfaatkan teknologi informasi.\r\n\r\nKita harus bisa membuktikan, bahwa ASN di lingkungan Kemenkumham adalah sosok yang lincah, inovatif, pekerja keras, dan terampil, tandas Yasonna, yang juga didampingi Sekretaris Jenderal (Sekjen) Kemenkumham Andap Budhi Revianto.\r\n\r\nMenkumham juga mengajak seluruh ASN di lingkungan Kemekumham untuk menjadikan HDKD sebagai momentum untuk melakukan evaluasi dan introspeksi atas semua yang telah dilakukan selama ini. Rumuskan langkah-langkah strategis dalam menghadapi situasi yang sangat dinamis.\r\n\r\nTerus bekerja dan berkarya, pastikan bahwa kepentingan masyarakat, bangsa, dan negara benar-benar terlayani. Sehingga kehadiran Kemenkumham dapat semakin dirasakan manfaatnya oleh masyarakat, tutur Yasonna.\r\n\r\nUcapan terima kasih disampaikan Menkumham kepada berbagai pihak yg telah membantu Kemenkumham meraih berbagai prestasi sebagai wujud pengabdian kepada masyarakat, bangsa, dan negara Indonesia tercinta.\r\n\r\nApresiasi yang setinggi-tingginya saya berikan atas kerja keras jajaran Kemenkumham yang sampai saat ini masih terus konsisten berperan aktif, dan bersinergi, baik dengan internal maupun eksternal, kata Yasonna.\r\n\r\nHingga Oktober 2021, Kemekumham telah mendapatkan berbagai penghargaan dan telah melakukan serangkaian inovasi. Adapun raihan prestasi dan inovasi Kemekumham antara lain 10 tahun berturut-turut meraih Opini Wajar Tanpa Pengecualian (WTP) dari Badan Pemeriksa Keuangan (BPK) atas Laporang Keuangan Tahun Anggaran 2020; Peringkat Pertama Badan Kepegawaian Negara (BKN) Award pada kategori Perencanaan Kebutuhan, Pelayanan Pengadaan, Kepangkatan dan Pensiun, serta Kategori Implementasi Sistem Aplikasi Kepegawaian dan Pemanfaatan Computer Assisted Test (CAT) dari BKN; Peringkat ke Dua Kinerja Anggaran Tahun 2020 dengan nilai 95,97 dair Kementerian Keuangan.\r\n\r\nKemudian terpilih sebagai salah satu penerima Top 25 Inovasi Pelayanan Publik Tahun 2020 dari Kementerian Pendayagunaan Aparatur Negara dan Reformasi Birokrasi (Kemenpan-RB), melalui Pembentukan 50 Pos Pengaduan Hak Asasi Manusia (HAM) di Denominasi Gereja di Manokrawi; Top 99 Inovasi Pelayanan Publik dari Kemenpan-RB melalui Verasi (Verifikasi dan Akreditasi Organisasi Pemberi Bantuan Hukum Secara Elektronik); dan meraih Predikat Ramah Anak bagi Lembaga Pembinaan Khusus Anak (LPKA) dari Kementerian Pemberdayaan Perempuan dan Perlindungan Anak (Meneg PP dan PA).','2023-07-18 06:09:02.121167'),(55,'KEMENKUMHAM_REPUBLIK_INDONESIA','Tata Layanan Publik Berbasis Digital di 76 Tahun Kemenkumham','Jakarta - Sejak melakukan peluncuran revolusi digital pada 12 Oktober 2020, hingga kini Kementerian Hukum dan Hak Asasi Manusia (Kemenkumham) telah memiliki ratusan aplikasi layanan publik berbasis digital. Di peringatan hari jadi Kemenkumham ke-76 hari ini, instansi ini berbenah dengan menata beragam layanan digital tersebut dalam satu wadah.\r\n\r\nMenteri Hukum dan Hak Asasi Manusia (Menkumham), Yasonna H. Laoly mengatakan makna yang paling penting adalah bagaimana membangun semangat bekerja dan berkarya untuk memberikan yang terbaik bagi Kemenkumham dan seluruh masyarakat Indonesia.\r\n\r\nTerus ciptakan terobosan-terobosan baru, buktikan bahwa kinerja jajaran Kemenkumham memberikan manfaat yang langsung dirasakan masyarakat, mampu bermanfaat bagi masyarakat, sehingga terwujud Kemenkumham yang Semakin PASTI (Profesional, Akuntabel, Sinergi, Transparan, dan Inovatif), kata Yasonna dalam Peringatan Hari Dharma Karyadhika Kemenkumham ke-76, Sabtu (30/10/2021).\r\n\r\nSalah satu terobosan yang hadir adalah aplikasi OKe Kumham. Aplikasi berbasis teknologi informasi ini digunakan untuk menghimpun beragam aplikasi layanan publik berbasis digital yang telah dinyatakan lulus verifikasi uji kelayakan di lingkungan Kemenkumham.\r\n\r\nTersedia dalam versi website, android, dan iOS, OKe Kumham tampil untuk memudahkan masyarakat dalam mengakses seluruh layanan publik berbasis digital yang diselenggarakan oleh unit utama, kantor wilayah, dan unit pelaksana teknis (UPT) sesuai wilayah domisili masing-masing. Melalui OKe Kumham, Kemenkumham telah dan akan terus berupaya memberikan pelayanan publik yang semakin PASTI.\r\n\r\nSelain me-launching OKe Kumham, Kemenkumham juga menghadirkan layanan baru dalam bentuk buku digital yang dirilis Badan Penelitian dan Pengembangan (Balitbang) Hukum dan HAM. Layanan baru yang bernama e-Book Balitbang Kumham ini telah hadir dalam bentuk aplikasi di ponsel dengan fitur-fitur menarik yang dilengkapi dengan klasifikasi buku yang memudahkan dalam pencarian buku, atau mencari buku populer yang bisa dijadikan sebagai referensi bacaan.\r\n\r\nTak hanya melalui mobile, publik pun tetap bisa mengakses layanan ini melalui website Balitbang Hukum dan HAM. Jika kita berlangganan (subscribe) pada aplikasi ini, nantinya kita juga bisa mendapatkan notifikasi ke surat elektronik (e-mail) apabila ada buku terbaru.\r\n\r\nPada kesempatan ini, Yasonna yang juga didampingi oleh Wakil Menkumham, Eddy O.S Hiariej dan Sekretaris Jenderal, Andap Budhi Revianto, serta para pimpinan tinggi madya dan pratama lainnya juga memberikan penghargaan dalam beberapa perlombaan. Seperti misalnya lomba membuat film inovasi pelayanan publik dan konten kreatif, lomba cerdas cermat akuntansi dan BMN, juga penghargaan Karya Dhika Lokatara kepada empat orang pegawai, Karya Dhika Madya kepada 13 orang pegawai, dan Karya Dhika Prakasa kepada satu orang pegawai.','2023-07-18 06:20:14.746224'),(56,'KEMENKUMHAM_REPUBLIK_INDONESIA','1.000 Bingkisan Diserahkan untuk Pasien Wisma Atlet dalam Giat Kumham  Peduli, Kumham Berbagi dan E','JAKARTA  Kementerian Hukum dan HAM (Kemenkumham) RI menyelenggarakan bakti sosial dengan tema Kumham Peduli, Kumham Berbagi dan Empati Kumham dalamrangka perayaan Hari Dharma Karya Dhika (HDKD) Tahun 2021 pada Kamis (21/10/21).Acara bakti sosial ini bertempat di Selasar Gedung Administrasi Hukum Umum (AHU) Kemenkumham, Jakarta Selatan.\r\n\r\nAcara dihadiri secara langsung oleh Wakil Menteri Hukum dan HAM, Edward Omar Sharif Hiariej, Sekretaris Jenderal Kemenkumham, Andap Budhi Revianto, jajaran pimpinan tinggi Kemenkumham serta direksi Bank Negara Indonesia (BNI) dan Bank Rakyat Indonesia (BRI). Di samping itu, sebagian undangan lainnya hadir secara virtual melalui Aplikasi Zoom, antara lain jajaran Pimpinan Tinggi Madya, Staf Ahli Menteri, Pimpinan Tinggi Pratama, Kepala Kantor di setiap provinsi serta Kepala RS Darurat Covid-19 Wisma Atlet Kemayoran.\r\n\r\nMembuka kegiatan tersebut, dilakukan penyerahan bantuan secara simbolis. Wakil Menteri Hukum dan HAM didampingi Sekjen serta Staf Ahli Bidang Ekonomi, Lucky Agung Binarto menyerahkan bantuan berupa APD kepada Ketua Perhimpunan Tenaga Kesehatan (Pernakes). Tak hanya itu, bantuan berupa beasiswa juga diberikan kepada keluarga ASN Kemenkumham yang terdampak Covid-19. Pada kesempatan yang sama, pemberian bantuan secara simbolis diikuti oleh 5 Unit Utama dan 19 Kantor Wilayah Kemenkumham.\r\n\r\nDalam sambutannya, Wamenkumham menyampaikan bahwa pelaksanaan acara bakti sosial ini merupakan pengejawantahan dari nilai-nilai yang tertanam dalam diri seluruh Insan Pengayoman.\r\n\r\nDalam rangka memperingati Hari Dharma Karya Dhika yang ke-76, akan dilaksanakan bakti sosial yang dapat mencerminkan nilai Dharma Karya Dhika di dalam diri setiap insan kementerian Hukum dan HAM, 6 serta bermanfaat bagi masyarakat, bangsa, dan negara., ungkap Wamen Edward.\r\n\r\nPada kesempatan tersebut, Kemenkumham yang diwakili oleh Direktur Perawatan Kesehatan dan Rehabilitasi Ditjen Pemasyarakatan, Muji Raharjo menyerahkan 1.000 paket kelengkapan adaptasi kebiasaan baru. Prosesi penyerahan ini disaksikan pula secara langsung dari Selasar Gedung AHU Kemenkumham.\r\n\r\nSebagai kepedulian dan partisipasi dari Kementerian Hukum dan HAM, pada kesempatan ini juga dilaksanakan kegiatan pembagian atau pemberian new normal kit berupa masker, hand sanitizer hingga peralatan makan pribadi (sendok, garpu dan sedotan), yang nantinya akan diberikan kepada saudara-saudara kita pada saat selesai menjalani isolasi di Rumah Sakit Darurat Covid 19 Wisma Atlet. Tentunya diharapkan dapat memberi manfaat bagi saudara-saudara kita dalam menjalani adaptasi kebiasaan baru setelah kembali ke rumah., tutur Wamenkumham.\r\n\r\nDi sisi lain, Koordinator RS Darurat Covid-19 Wisma Atlet, Mayjen TNI Dr. Budiman menyampaikan apresiasinya terhadap kegiatan bakti sosial ini.\r\n\r\nKami mengucapkan terima kasih atas empati dan kepedulian dari jajaran Kementerian Hukum dan HAM kepada relawan yang bekerja di Rumah Sakit Darurat Covid-19 Wisma Atlet Kemayoran. Kepedulian yang Bapak berikan sangat berarti dalam melaksanakan tugas agar mereka terhindar dari infeksi Covid-19. Sumbangan berupa alat perlindungan diri, masker, pelindung wajah, kemudian juga alat makan pribadi. Kita bersyukur bahwa jumlah kasus Covid-19 sudah menurun. Namun demikian, kita tidak boleh abai sehingga kami seluruh staf dan relawan tetap waspada., pungkasnya.\r\n\r\nSelain penyerahan new normal kit, bakti sosial kali ini diwujudkan dalam bentuk kegiatan Donor Darah, serta kegiatan Empati Kumham bagi keluarga pegawai yang wafat karena Covid-19 dan juga sunatan massal yang dilaksanakan oleh Badan Pengembangan Sumber Daya Manusia Hukum dan HAM.','2023-07-18 06:20:50.941806'),(57,'KEMENKUMHAM_REPUBLIK_INDONESIA','SEMINAR NASIONAL DALAM RANGKA MEMPERINGATI HARI DHARMA KARYA DHIKA 2021, KEMENTERIAN HUKUM DAN HAM','Jakarta, 12 Oktober 2021, Kementerian Hukum dan HAM menyelenggarakan Seminar Nasional Peran Kementerian Hukum dan HAM dalam Mengakselerasi Indonesia Sehat dan Pemulihan Ekonomi Nasional dalam rangka Hari Dharma Karya Dhika Tahun 2021. Seminar Nasional ini dilaksanakan secara hybrid, luring di Graha Pengayoman Kementerian Hukum dan HAM serta daring melalui zoom dan youtube mengundang seluruh elemen masyarakat agar dapat berperan aktif ikut serta membangun Indonesia yang lebih baik. \r\n\r\nMenteri Hukum dan HAM, Yasonna H. Laoly menyampaikan bahwa Seminar Nasional ini adalah momentum dalam mensinergikan dan mengkoordinasikan peran pemerintah sebagai katalisator dan dinamisator baik kepada masyarakat maupun dunia usaha. Hasil dari seminar ini nantinya akan dimanfaatkan sebagai rumusan kajian dan rekomendasi kebijakan di bidang Hukum dan HAM. \r\n\r\nKementerian Hukum dan Hak Asasi Manusia sebagai salah satu pilar pemerintahan turut berperan mendorong pemulihan kesehatan dan peningkatan ekonomi nasional melalui revolusi digital serta mengakselerasi kebijakan dalam mendorong kemudahan berusaha (ease of doing bussiness) melalui peran Ditjen PP dan BPHN dalam pembenahan regulasi serta peran AHU dalam penyederhanaan proses perizinan. Ditjen KI juga berperan mendukung UMKM dengan menyediakan layanan digital untuk pendaftaran merek sedangkan Ditjen Imigrasi berinovasi menciptakan visa elektronik bagi kemudahan investor. Guna mempertajam mainstreaming Bisnis dan HAM di Indonesia, Ditjen HAM juga telah membangun aplikasi penilaian risiko bisnis untuk memfasilitasi perusahaan di semua lini bisnis. \r\n\r\nPada giat ini, hadir Wakil Presiden RI Maruf Amin sebagai Keynote Speaker. Beliau menyampaikan bahwa kondisi pandemi ini memerlukan ketepatan dalam setiap kebijakan dan peraturan perundangundangan yang dikeluarkan guna menjaga keseimbangan antara kesehatan dan ekonomi nasional. Aturan kedaruratan dibutuhkan guna mencegah keterlambatan bertindak yang berpotensi menyebabkan kerugian negara yang lebih besar. \r\n\r\nBeliau menegaskan bahwa konsep rukhsah (kemudahan pada kondisi tertentu) yang serupa dengan pintu darurat di masa krisis dapat kita aplikasikan dalam tata peraturan perundangundangan. Setiap keputusan/kebijakan harus berdasar pada azas pemerintahan yang baik utamanya azas kemanfaatan dan kepentingan umum. Berbagai narasumber baik dari pembuat kebijakan, akademisi, praktisi kesehatan serta pelaku ekonomi berkumpul dalam seminar ini, untuk bersama-sama mendiskusikan mengenai proses dan strategi pemerintah dalam mempercepat Indonesia sehat dan pemulihan ekonomi nasional.','2023-07-18 06:21:23.281486'),(58,'KANTOR_IMIGRASI_CILEGON','Bimbingan Teknis Pengawasan Keimigrasian di Wilayah Perairan','Kepala Kantor Imigrasi Kelas II TPI Cilegon bersama beberapa pejabat struktural mengikuti kegiatan bimbingan teknis pengawasan keimigrasian di wilayah perairan yang diselenggarakan di PT. Tesco Indo Maritim. Kegiatan ini berlangsung selama 3 hari dan diikuti oleh Kantor Imigrasi yang membawahi tempat pemeriksaan imigrasi pelabuhan laut .','2023-07-18 06:21:56.853221'),(59,'KANTOR_IMIGRASI_CILEGON','Eazy Passport: Cara Mudah Bikin Paspor Di Tengah Pandemi Covid-19','Guna mempermudah masyarakat yang ingin membuat Paspor di tengah Pandemi Covid-19, Kantor Imigrasi Kelas II TPI Cilegon melaksanakan layanan jemput bola pembuatan paspor yang dinamakan Eazy Passport dengan menggunakan mobile unit Passport dan dilaksanakan di Coconut Island Carita pada hari Rabu (06/10). Kegiatan tersebut dilaksanakan di luar kantor imigrasi dan dihadiri oleh Kepala Divisi Pelayanan Hukum dan Ham Kanwil Banten, Andi Taletting Langi, dan Kepala Kantor Imigrasi Cilegon, Ruhiyat M. Tolib.\r\n\r\nDalam kegiatan tersebut Kepala Divisi Pelayanan Hukum dan Ham beserta rombongan dapat melihat langsung proses pelayanan Paspor baik untuk Paspor Baru maupun Penggantian Paspor. Program Eazy Passport tidak berlaku untuk pelayanan Pasor Hilang, Rusak, maupun Perubahan data. Bagi masyarakat yang ingin melakukan permohonan tersebut tetap harus dilakukan di Kantor Imigrasi. Kegiatan Eazy Passport ditunjukan untuk memudahkan proses permohonan paspor khususnya pada masa pandemi Covid-19 sehingga pemohon paspor tidak perlu datang ke Kantor Imigrasi untuk proses permohonan Paspor. Seluruh proses wawancara serta pengambilan data biometric berupa foto dan sidik jari dilakukan di lokasi kegiatan.\r\n\r\nKuota layanan eazy Paspor sebanyak 20 sampai dengan 30 orang permohonan Paspor Baru dan penggantian paspor. Kegiatan ini dilaksanakan dengan tetap menerapkan protokol Kesehatan yang berlaku baik untuk petugas maupun pemohon untuk menghindari penyebaran Covid-19.\r\n\r\nLayanan Eazy Passport dapat diajukan secara kolektif baik untuk perkantoran, instansi, institusi Pendidikan, organisasi, komplek perumahan, maupun komunitas. Bagi masyarakat yang menginginkan diadakan pelayanan Eazy Passport atau paspor kolektif dapat mengajukan surat permohonan pelayanan Eazy Pasport yang ditunjukan ke Kantor Imigrasi Cilegon atau menghubungi layanan Whatsapp service di nomor +62822 9984 1694.','2023-07-18 06:22:26.616887'),(60,'KANTOR_IMIGRASI_CILEGON','TIMPORA KOTA CILEGON','pagi ini, Selasa 5 Oktober 2021, Kantor Imigrasi Kelas II TPI Cilegon melaksanakan kegiatan rapat Tim Pengawasan Orang Asing (TIMPORA) tingkat kota Cilegon di Horison forbis hotel.\r\n\r\nKegiatan rapat TIMPORA dihadiri oleh beberapa perwakilan lembaga yang berada di wilayah kota Cilegon, diantaranya Kepala Kesatuan Bangsa dan Politik kota Cilegon, Satuan Polisi Pamong Praja kota Cilegon, Dinas Tenaga Kerja kota Cilegon, Dinas Kependudukan dan Pencatatan Sipil kota Cilegon, Kepolisian Resort kota Cilegon, Kesyahbandaran Dan Otoritas Pelabuhan Kelas 1 Banten, Kejaksaan Negeri kota Cilegon, Pengawasan dan Pelayanan Bea dan Cukai Tipe Madya Pabean Merak, Komando Distrik Militer 0623 Kota Cilegon, Kesehatan Pelabuhan Kelas II Banten, Badan Narkotika Nasional Kota Cilegon, dan Pangkalan Tentara Nasional Indonesia Angkatan Laut Banten.','2023-07-18 06:23:00.828939'),(61,'KANTOR_IMIGRASI_CILEGON','Loka Karya Pembangunan Zona Integritas WBK/WBBM','Kepala Kantor Imgirasi Kelas II TPI Cilegon bersama dengan Ketua TIM Pembangunan Zona Integritas mengikuti kegiatan lokakarya pembangunan Zona Integritas Menuju Wilayah Bebas dari Korupsi (WBK) dan Wilayah Birokrasi Bersih dan Melayani (WBBM) pada hari Senin (04/10) yang dibuka secara langsung oleh Wakil Menteri Hukum dan HAM RI, Bapak Edward Omar Sharief Hiariej secara virtual.','2023-07-18 06:23:35.564701'),(62,'KEMENKUMHAM_REPUBLIK_INDONESIA','Doa Kumham Untuk Negri','Jakarta - Pandemi Covid-19 masih melanda Indonesia di tengah upaya jajaran Kementerian Hukum dan HAM (Kemenkumham) memberikan bakti kepada masyarakat. Bagi Kemenkumham, mengandalkan ikhtiar semata belumlah lengkap tanpa doa. Kondisi ini menggerakkan Kemenkumham untuk menaikkan doa bersama bagi Indonesia pada Jumat (01/10/2021).\r\n\r\nKegiatan Doa Kumham untuk Negeri dipimpin oleh para pemuka dari perwakilan lima agama yaitu Prof. Nasarudin Umur (Islam), Pdt. Bernard Manik (Kristen), Romo Paulus Andri Astanto (Katolik), Ida Pinandita KHRT Astono Candra Dana (Hindu), dan Suhu Pushan (Budha). Sementara itu, segenap jajaran Kemenkumham di seluruh Indonesia mengikuti dan menaikkan doa secara serentak melalui live streaming. Menteri Hukum dan HAM, Yasonna H. Laoly mengatakan bahwa penting untuk mendoakan kesejahteraan masyarakat Indonesia. Doa juga dinaikkan bagi pegawai Kemenkumham agar diberikan kelancaran dan keselamatan, dapat melaksanakan tugas dan pengabdian, serta dapat memberikan pelayanan yang terbaik kepada masyarakat. Doa merupakan senjata spiritual bagi kita, yang tentunya sangat ampuh dalam melindungi diri kita, guna mendukung keberhasilan program yang dicanangkan oleh pemerintah, jelas Yasonna saat memberikan arahan di Graha Pengayoman. \r\n\r\nSudah banyak upaya yang dilakukan Kemenkumham agar tetap sehat dan produktif di tengah pandemi Covid-19. Kemenkumham mengakomodasi vaksin bagi para pegawai, melakukan swab antigen dan PCR kepada pegawai, penerapan protokol kesehatan yang ketat, serta pemberian bansos kepada masyarakat dan pegawai terdampak Covid-19.\r\n\r\nMenurut Yasonna, kegiatan Doa Kumham untuk Negeri merupakan ikhtiar batin guna menyempurnakan upaya lahir sudah dilakukan oleh pemerintah dan berbagai pihak dalam menangani pandemi ini. Semoga ikhtiar ini mampu menggerakkan kesadaran bersama untuk terus mendoakan negeri ini, optimis pandemi akan berlalu, tutur Menkumham. Sekretaris Jenderal Kementerian Hukum dan HAM, Komjen Pol. Andap Budhi Revianto meyakini segala upaya yang diiringi dengan doa akan membawa kebaikan. Sekjen berharap Kemenkumham semakin PASTI (Profesional, Akuntabel, Sinergi, Transparan, dan Inovatif) dalam menghadapi berbagai dinamika yang ada. \r\n\r\nDoa yang terbaik bagi Kemenkumham, doa yang terbaik bagi negeri kita tercinta Indonesia, teriring harapan kita semua semoga apa yang kita mohonkan bersama dapat dikabulkan oleh Tuhan Yang Maha Kuasa, kata Sekjen.','2023-07-18 06:24:10.354150'),(63,'KEMENKUMHAM_REPUBLIK_INDONESIA','Hari Dharma Karyadhika, Momentum Kemenkumham Tingkatkan Pelayanan Publik','Jakarta - Hari Dharma Karyadhika (HDKD) Kementerian Hukum dan HAM (Kemenkumham) diperingati pada bulan Oktober setia tahun. Menteri Hukum dan HAM Yasonna H. Laoly menegaskan peringatan HDKD 2021 harus menjadi momentum untuk menunjukkan eksistensi Kemenkumham, khususnya di bidang pelayanan publik. Tunjukkan eksistensi Kemenkumham di bidang pelayanan publik sehingga dapat meningkatkan citra positif Kemenkumham di masyarakat yang semakin PASTI (Profesional, Akuntabel, Sinergi, Transparan, dan Inovatif), tegas Yasonna, Jumat (01/10/2021).\r\n\r\nUntuk mewujudkan harapan tersebut, Menkumham Yasonna menekankan lima hal kepada jajaran Kemenkumham pada acara pembukaan HDKD 2021. Pertama, jajaran Kemenkumham senantiasa melakukan pembenahan secara komprehensif untuk menghadapi tantangan zaman dan tuntutan masyarakat yang semakin kompleks. Pembenahan tersebut termasuk dalam kebijakan perencanaan, pengorganisasian, penganggaran, pengawasan melekat, serta monitoring dan evaluasi dengan memanfaatkan ilmu pengetahuan dan teknologi, lanjut Yasonna untuk hal kedua.\r\n\r\nBerikutnya, Menkumham meminta pegawai Kemenkumham membuat keputusan yang tepat dan akurat. Keputusan yang diambil harus merujuk pada peraturan perundang-undangan, harus menjunjung tinggi norma/etika sebagai Aparatus Sipil Negara, serta mempertimbangkan norma/martabat masyarakat. Sehubungan dengan pelayanan publik, jajaran Kemenkumham diharuskan melayani masyarakat secara baik dan ramah sesuai ketentuan yang berlaku.\r\n\r\nSelain itu, Yasonna mengajak insan pengayoman agar aktif melibatkan diri dalam penanganan Covid-19. Turut mengedukasi masyarakat untuk selalu disiplin melaksanakan protokol kesehatan, mendukung program vaksinasi, serta aktif berkoordinasi dengan jajaran TNI, Polri, Satgas COVID-19, Kementerian/Lembaga, dan Pemerintah Daerah, tutur Yasonna.\r\n\r\nTema peringatan HDKD 2021 adalah Semakin PASTI. Tema ini menjadi landasan Kemenkumham dalam melaksanakan tugas di tengah-tengah masyarakat, sebagai bentuk pengabdian dan ungkapan syukur, serta menjadi suatu renungan yang dapat menumbuhkan semangat baru dan profesionalisme.\r\n\r\nMenurut Sekretaris Jenderal Kemenkumham, Andap Budhi Revianto, tema HDKD 2021 Semakin PASTI memiliki arti adanya keberlanjutan program. Tujuan kita adalah dari waktu ke waktu semakin baik dalam hal profesinal, akuntabel, sinergi, transparan, dan inovatif. Kita lihat dan evaluasi sehingga mempertahankan yang baik dan meningkatkannya sehingga semakin baik, jelas Andap. \r\n\r\nRankaian peringatan HDKD 2021 Semakin PASTI dimulai pada Jumat 01 Oktober 2021 dengan pelaksanaan Doa Kumham untuk Negeri yang dirangkaikan dengan Pembukaan HDKD. Rangkaian kegiatan akan dilanjutkan dengan berbagai kegiatan seperti seminar/lokakarya, bakti sosial dan pelayanan publik, sport game dan skill challenge, ziarah dan tabur bunga, hingga puncak peringatan HDKD pada 30 Oktober 2021.','2023-07-18 06:26:33.705316'),(64,'KEMENKUMHAM_KANWIL_BANTEN','Kakanwil Kemenkumham Banten Terima Penyematan Pin Unit Pemberantasan Pungutan Liar','Kakanwil Kemenkumham Banten Terima Penyematan Pin Unit Pemberantasan Pungutan Liar Oleh Inspektur Jenderal \r\n\r\n\r\n\r\nJakarta - Inspektur Jenderal Kemenkumham RI Razilu menyematkan Pin Unit Pemberantasan Pungutan Liar di Lingkungan Kementerian Hukum dan HAM. Penyematan dilakukan secara simbolis kepada salah satunya Kepala Kantor Wilayah Kemenkumham Banten Tejo Harwanto. \r\n\r\n\r\n\"Pada hari ini keberadaan kita disini dapat menjadikan suatu kekuatan untuk mendukung komitmen kita bersama, dalam mewujudkan Kementerian Hukum dan Hak Asasi Manusia yang bebas dari praktik Pungutan Liar, dan secara umum pemerintahan yang bersih dan bebas dari korupsi,\" ujar Razilu di Auditorium Inspektorat Jenderal Kemenkumham, Selasa (25/07/2023). \r\n\r\n\r\nSelain Kakanwil Tejo Harwanto, penyematan turut dilakukan kepada Kakanwil Jawa Barat dan Kakanwil DKI Jakarta. Penyematan secara mandiri juga dilakukan Kepala Divisi Administrasi Sri Yusfini Yusuf, Kepala Divisi Pemasyarakatan Masjuno, Kepala Divisi Pelayanan Hukum dan HAM Meidy Firmansyah secara langsung dan kepala divisi seluruh Indonesia secara virtual. \r\n\r\n\r\nInspektur Jenderal Razilu juga menghimbau para satgas UPP untuk melaksanakan 10 (sepuluh) langkah-langkah pembaruan yang kontemporer sesuai dengan kondisi teraktual saat ini. \r\n\r\n\r\nDengan dikukuhkannya Satgas UPP ini menjadi langkah awal dalam penguatan pengendalian dan pengawasan pada seluruh aspek pelaksanaan kinerja di lingkungan Kanwil Kemenkumham di Seluruh Indonesia dalam mewujudkan harapan masyarakat untuk dapat memberikan pelayanan yang bebas dari pungutan liar. \r\n\r\n\r\nSelain itu melalui penyematan Pin UPP ini diharapkan para satgas UPP mampu menjalankan tugas dalam pemberantasan pungli dalam rangka percepatan penyelesaian pungli dan meningkatkan kepercayaan publik.\r\n\r\n\r\nHal ini selaras dengan harapan Inspektur Jenderal Razilu yang mengajak seluruh jajaran untuk merevitalisasi dan menggelorakan pemberantasan pungli dengan pendekatan yang efektif dan terkoordinasi\r\n\r\n\r\n\"Saya ingin mengajak kita semua untuk menjadi pribadi yang berintegritas, berprinsip, yang handal dan berkualitas, terus meningkatkan kompetensi, berkomitmen  dan konsisten untuk melakukan penertiban dan pencegahan terjadinya praktik pungutan liar,\"tegas Razilu\r\n\r\n\r\nPada kesempatan tersebut, Kakanwil Tejo Harwanto menyatakan rasa terima kasihnya atas amanah yang telah diberikan Inspektur Jenderal dan mendukung pemberantasan pungutan liar pada pelayanan publik di Indonesia.\r\n\r\n\r\n\"Sesuai dengan harapan yang disampaikan Bapak Inspektur Jenderal kita semua dapat mewujudkan Kementerian Hukum dan Hak Asasi Manusia yang bebas dari praktik Pungutan Liar, dan secara umum pemerintahan yang bersih dan bebas dari korupsi,\" tuturnya (Humas Kemenkumham Banten)','2023-07-25 04:17:37.255572'),(65,'KEMENKUMHAM_REPUBLIK_INDONESIA','Menkumham Promosikan Kebebasan Beragama Indonesia di Hadapan Anggota Parlemen Inggris','Inggris - Menteri Hukum dan HAM, Yasonna H. Laoly mempromosikan kebebasan beragama Indonesia di hadapan anggota Parlemen Inggris, Fiona Bruce. Ia mengatakan pemerintah Indonesia memberikan pelindungan terhadap hak asasi manusia dalam berbagai aspek kehidupan, termasuk kebebasan beragama.\r\n\r\nYasonna menjelaskan Indonesia merupakan negara Muslim terbesar, sekaligus negara demokrasi terbesar ketiga di dunia. Dalam suasana keberagaman ini, pemerintah hadir memberikan kepastian hukum atas hak kebebasan pribadi masyarakat Indonesia.\r\n\r\nIndonesia merupakan negara Muslim terbesar dan negara demokrasi terbesar ketiga di dunia yang terus mempromosikan dan melindungi hak asasi manusia dari berbagai aspek kehidupan, termasuk kebebasan beragama, kata Yasonna dalam pertemuan antara delegasi Indonesia dengan Fiona Bruce di Inggris.\r\n\r\nKebebasan beragama di Indonesia dijamin dan diatur dalam Undang-undang Dasar Republik Indonesia tahun 1945 pasal 28 E ayat (1) dan pasal 29 ayat (2). Selain itu, Undang-undang Republik Indonesia Nomor 39 tahun 1999 tentang Hak Asasi Manusia turut menjamin kebebasan beragama sebagai salah satu hak atas kebebasan pribadi dalam pasal 22 ayat (1) dan (2).\r\n\r\nYasonna menjelaskan kepada Bruce, selain Islam ada juga banyak agama lain di Indonesia dimana ummatnya hidup berdampingan secara damai bahkan saling menjaga ketika masing-masing merayakan hari besarnya. Kondisi seperti itu bisa terjadi karena Indonesia memiliki Pancasila sebagai dasar dan ideologi bangsa. Pancasila, lanjut Yasonna, mampu menjadi payung yang menaungi beragam agama, kultur dan etnis di Indonesia sehingga masyarakatnya menghargai keberagaman dan toleran antar sesama.\r\n\r\n\"Pancasila sebagai ideologi dan dasar negara, yang menghargai kebhinekaan, kemanusiaan yang adil dan beradab serta menjaga persatuan Indonesia,\" kata Yasonna di hadapan Bruce, Senin malam (24/07/2023) waktu setempat.\r\n\r\nPancasila mengajarkan pada kami untuk bebas tetapi bertanggungjawab. Yakin pada kebenaran keyakinannya masing-masing, tetapi menghormati keyakinan orang lain sehingga masyarakat hidup dalam harmoni, berbeda tetapi satu sebagaimana semboyan kami, Bhineka Tunggal Ika, terangnya lebih lanjut.\r\n\r\nYasonna berharap pemerintah Indonesia dan Inggris dapat bekerja sama untuk mempromosikan kebebasan beragama, tidak hanya secara nasional tetapi pada level global. Ini mengingat Bruce merupakan utusan khusus Perdana Menteri Inggris untuk Kebebasan Beragama dan Kepercayaan, serta ketua Aliansi Internasional  Kebebasan Beragama atau Kepercayaan.\r\n\r\nIndonesia mengharapkan dukungan dan saran dari Madam Bruce mengenai bagaimana kita dapat bekerja sama untuk mempromosikan kebebasan beragama secara global dan nasional dalam masyarakat kita yang beragam, ujarnya.\r\n\r\nBruce sendiri menuturkan bahwa masyarakat internasional telah mengakui kemampuan Indonesia dalam melindungi kebebasan beragama meskipun mengalami berbagai tantangan dalam kondisi masyarakat yang majemuk. Untuk itu, Indonesia dipandang memiliki peran sentral terkait isu hak asasi manusia dalam konteks nasional dan global. Bruce berharap kerjasama Indonesia dan parlemen Inggris di bidang kebebasan beragama semakin meningkat.\r\n\r\nSalah satu langkah kerja sama Indonesia dan parlemen Inggris adalah diadakannya Konferensi Internasional tentang Literasi Agama Lintas Budaya, yang akan diselenggarakan di Jakarta pada 13-14 November 2023 mendatang. Konferensi diselenggarakan oleh Kemenkumham bersama Institut Leimena, Pusat Internasional untuk Studi Hukum dan Agama di Brigham Young University Law School, dan Sekretariat Internasional Kebebasan Beragama yang berbasis di Amerika Serikat. Bruce sendiri telah mengonfirmasi kepastian untuk hadir sebagai salah satu pembicara dengan topik \"Human Dignity and the Rule of Law: Global and Regional Outlook\".','2023-07-25 05:46:17.277157'),(66,'KANTOR_IMIGRASI_CILEGON','SERU, IMIGRASI CILEGON IKUTI PERLOMBAAN TRADISIONAL','Tangerang  Menyambut peringatan Hari Dharma Karya Dhika Ke-78, pegawai Kantor Imigrasi Kelas II TPI Cilegon mengikuti kegiatan perlombaan tradisional yang diselenggarakan di LPKA Kelas 1 Tangerang pada hari Sabtu, 12 Agustus 2023.  \r\n\r\nPerlombaan dibuat secara beregu dan diikuti oleh seluruh Unit Pelaksana Teknis di Lingkungan Kantor Wilayah Kemenkumhan Banten. Pada kegiatan tersebut, Kepala Kantor Wilayah Kemenkumham Banten, Tejo Harwanto, membuka kegiatan perlombaan tradisional. Kepala Kantor Imigrasi Cilegon, pegawai, dharma wanita, dan anak-anak dari Kantor Imgirasi Cilegon mengikuti kegiatan perlombaan dengan penuh semangat. \r\n\r\nSorak sorai keceriaan mewarnai peserta lomba, berbagi perlombaan diselenggarakan diantaranya sepak bola,tarik tambang dan lomba untuk anak-anak lainnya. Perayaan yang menggambarkan antusiasme pegawai untuk memeriahkan peringatan HDKD ke-78 diharapkan dapat meningkatkan kekompakan dan semangat dalam bekerja.','2023-08-15 02:16:42.797398'),(67,'KANTOR_IMIGRASI_CILEGON','Kepala Kantor Imigrasi Cilegon Hadiri Rapat Paripurna Istimewa DPRD Kota Cilegon','Cilegon - Kepala Kantor Imigrasi Kelas II TPI Cilegon, Muhammad Deny Firmansyah, menghadiri Rapat Paripurna Istimewa Dewan Perwakilan Rakyat Daerah (DPRP) Kota Cilegon bertempat di Ruang Rapat Paripurna DPRD Kota Cilegon pada hari Rabu (16/08/2023). Agenda rapat adalah mendengarkan pidato kenegaraan Presiden Republik Indonesia pada peringatan Hari Ulang Tahun Ke-78 RI dalam sidang bersama DPR RI - DPD RI Tahun 2023. \r\n\r\nRapat juga mengagendakan mendengarkan pidato ketua DPR RI dalam rangka pembukaan masa persidangan 1 tahun sidang 2023-2024 dan Pidato Presiden RI dalam rangka penyampaian RUU tentang APBN TA 2024 disertai nota keuangan dan dokumen pendukungnya. \r\n\r\nRapat paripurna istimewa DPRD Kota Cilegon juga dihadiri oleh instansi-instansi lainnya diantaranya TNI dan Polri serta para pimpinan forkopimda di kota Cilegon.','2023-08-17 01:53:01.036609'),(68,'KEMENKUMHAM_REPUBLIK_INDONESIA','Waspadai Dampak Negatif Artificial Intelligence, Menkumham Dorong Penguatan Teknologi Intelijen','JAKARTA - Direktorat Jenderal Imigrasi perlu merumuskan berbagai strategi dan\r\nkonsep yang konkret melalui pendekatan teknologi, politik dan keamanan. Hal tersebut\r\ndisampaikan oleh Menteri Hukum dan HAM, Yasonna H. Laoly kala membuka Focus\r\nGroup Discussion Strategi Peningkatan Peran Intelijen Keimigrasian, Selasa\r\n(22/08/2023).\r\nPerkembangan teknologi informasi memiliki dampak negatif dalam aspek kejahatan\r\ninternasional seperti human trafficking, perdagangan orang, narkotika hingga illegal\r\nfishing. Beberapa waktu lalu saya menerima pimpinan dari Google, beliau bahkan\r\nmengkhawatirkan artificial intelligence (AI) digunakan untuk hal negatif, ungkap\r\nMenkumham.\r\nOleh karena itu, lanjutnya, Ditjen Imigrasi berperan penting dalam mendistribusikan\r\ninformasi sebagai dasar pengambilan keputusan strategis dan taktis terkait kebijakan.\r\nIntelijen Keimigrasian khususnya, berperan mendeteksi dan mencegah ancaman yang\r\nberkaitan dengan kejahatan lintas negara. Penerapan regulasi dan pengembangan\r\nsumber daya manusia, sebutnya, berperan penting dalam mencapai hal tersebut.\r\nMendukung pernyataan Menkumham, Direktur Jenderal Imigrasi, Silmy Karim\r\nmenyatakan informasi merupakan bisnis utama dari intelijen.\r\nSehingga bagaimana kita dapat mengumpulkan informasi untuk kemudian dianalisis\r\ndan hasilnya diberikan guna kepentingan organisasi. Baik untuk operasi, antisipasi\r\nkemungkinan yang terjadi ke depan atau hal-hal yang penting dalam perumusan serta\r\npelaksanaaan kebijakan, tuturnya.\r\nPada acara tersebut, mantan Kepala Badan Intelijen Negara (BIN), A. M. Hendro\r\nPriyono mengatakan, penggalangan penting dilakukan untuk mendapatkan informasi\r\ndalam hal proses penyelidikan dan pengamanan.\r\nFungsi intelijen tidak dapat direduksi harus terdiri dari Lidpamgal (penyelidikan,\r\npengamanan dan penggalangan). Ditjen Imigrasi mempunyai subjek hukum orang\r\nasing yang berada di negara Indonesia, artinya intelijen berperan sentral dalam\r\nmencegah ancaman. Hanya melalui pengorganisasian yang baik dan menggunakan\r\nkecerdasan teknologi kita dapat mengatasi ancaman ini, ujarnya.\r\nMateri focus grup discussion intelijen keimigrasian juga diisi oleh mantan Dirjen\r\nImigrasi, Prof. Iman Santoso, dan pakar intelijen, Yohannes Wahyu Saronto. Topik-topik\r\nyang difokuskan pada kegiatan tersebut antara lain pentingnya melakukan peran\r\nmitigasi komprehensif dengan memahami pola dan memetakan pergerakan target.\r\nBorder operation center, simplifikasi sistem aplikasi hingga pertimbangan menggunakan\r\nAI pada sistem yang lebih canggih turut menjadi perhatian dalam diskusi tersebut.\r\nDi sesi terakhir, perwakilan dari US Immigration and Customs Enforcement (ICE),\r\nRichard menyampaikan bahwa penetapan organisasi dan penentuan tim kecil perlu\r\ndilakukan dalam strategi intelijen. US ICE juga menjelaskan tentang\r\npengimplementasian program BITMAP dalam intelijen keimigrasian.\r\nDirektorat Intelijen Keimigrasian (Direktorat Intelkim) telah berhasil menyingkap\r\nberbagai kasus penyelewengan oleh warga negara asing, seperti kasus penjamin fiktif,\r\nWNA Cina pemegang paspor Meksiko palsu hingga WN Vanuatu yang menggunakan\r\nidentitas KTP WNI untuk bertanding di One Pride MMA.','2023-08-24 01:45:21.556756'),(69,'KANTOR_IMIGRASI_CILEGON','Sesi Tahunan AALCO ke-61 di Indonesia akan Bahas Isu Hukum kepentingan Asia dan Afrika','Bali - Indonesia akan menjadi tuan rumah penyelenggaraan sesi tahunan Asian-African Legal Consultative Organization (AALCO) ke-61 di Bali pada 15  20 Oktober 2023 mendatang. Rencananya Konferensi akan dibuka oleh Presiden Joko Widodo. \r\n\r\nAALCO merupakan forum konsultasi negara Asia dan Afrika untuk menyamakan persepsi terhadap isu-isu hukum serta memperoleh pandangan dan posisi bersama untuk memperjuangkan kepentingan negara-negara di Asia dan Afrika. Forum ini dibentuk setelah Konferensi Asia-Afrika tahun 1955 di Bandung. Saat itu, Indonesia di bawah pimpinan Presiden Soekarno menjadi salah satu penggagasnya.\r\n\r\nMenteri Hukum dan HAM, Yasonna H. Laoly  sebagai Presiden Konferensi menjelaskan bahwa sesi tahunan AALCO ke-61 akan membahas sejumlah isu hukum yang jadi kepentingan bersama seperti  lingkungan hidup dan pembangunan berkelanjutan, hukum laut, Palestina, hasil kerja Komisi Hukum Internasional, kejahatan siber, hukum luar angkasa serta hukum dagang dan investasi internasional.\r\n\r\nPembahasan atas isu-isu yang telah diagendakan akan menghasilkan satu pandangan yang sama di antara anggota AALCO. Selanjutnya pandangan ini akan disampaikan pada pertemuan-pertemuan internasional, salah satunya pertemuan Perserikatan Bangsa-Bangsa, ujar Yasonna, Kamis (28/09/2023).\r\n\r\nSelain agenda utama, Konferensi AALCO di Bali juga memiliki rangkaian side events berupa business forum untuk mempromosikan investasi di Indonesia, dan diskusi di bidang Hukum Humaniter Internasional. \r\n\r\nSebagai wujud komitmen Pemerintah RI untuk menerapkan dan memastikan penghormatan terhadap hukum humaniter internasional, Kemenkumham dan International Committee of the Red Cross berkolaborasi dalam penyelenggaraan diskusi panel bertepatan dengan peringatan ke-65 ratifikasi Konvensi Jenewa 1949 oleh Indonesia, ungkap Yasonna. \r\n\r\nMenkumham menambahkan bahwa Indonesia juga mempunyai pengalaman di bidang asset recovery atau pengembalian aset yang dilarikan ke luar negeri. Isu ini sangat kompleks dan melibatkan yurisdiksi hukum negara lain. Indonesia akan berbagi pengalaman dan keberhasilannya pada side event AALCO di bali mendatang. \r\n\r\nSesi tahunan AALCO ke-61 akan dihadiri 47 negara anggota, 2 negara pengamat tetap, 42 negara pengamat, 2 otoritas pengamat, dan 24 organisasi pengamat.\r\n\r\nKemenkumham beserta kementerian dan lembaga lainnya, seperti Kemenlu, Kemensetneg, TNI, dan Polri, telah melakukan beberapa rapat persiapan, yg terakhir pada 27 September 2023. Kami bersinergi agar proses kedatangan sampai kepulangan delegasi berjalan sukses, aman dan lancar, katanya.','2023-09-29 02:55:43.387092');
/*!40000 ALTER TABLE `main_berita` ENABLE KEYS */;
UNLOCK TABLES;

--
-- Table structure for table `main_beritaimage`
--

DROP TABLE IF EXISTS `main_beritaimage`;
/*!40101 SET @saved_cs_client     = @@character_set_client */;
/*!40101 SET character_set_client = utf8 */;
CREATE TABLE `main_beritaimage` (
  `id` bigint(20) NOT NULL AUTO_INCREMENT,
  `berita_image_file` varchar(100) NOT NULL,
  `image_added_at` datetime(6) NOT NULL,
  `berita_id` bigint(20) NOT NULL,
  PRIMARY KEY (`id`),
  KEY `main_beritaimage_berita_id_1afc7913_fk_main_berita_id` (`berita_id`),
  CONSTRAINT `main_beritaimage_berita_id_1afc7913_fk_main_berita_id` FOREIGN KEY (`berita_id`) REFERENCES `main_berita` (`id`)
) ENGINE=InnoDB AUTO_INCREMENT=73 DEFAULT CHARSET=utf8mb4 COLLATE=utf8mb4_general_ci;
/*!40101 SET character_set_client = @saved_cs_client */;

--
-- Dumping data for table `main_beritaimage`
--

LOCK TABLES `main_beritaimage` WRITE;
/*!40000 ALTER TABLE `main_beritaimage` DISABLE KEYS */;
INSERT INTO `main_beritaimage` VALUES (26,'berita/tesa.jpg','2023-07-18 04:46:11.098270',23),(27,'berita/download_iblHDUf.jpg','2023-07-18 04:46:39.685854',24),(28,'berita/download_mWEiPEa.jpg','2023-07-18 04:46:49.940972',25),(29,'berita/download_6GEb5PN.jpg','2023-07-18 04:46:58.507246',26),(30,'berita/download_PIfRSe1.jpg','2023-07-18 04:47:10.566013',27),(31,'berita/download_ap8mKeb.jpg','2023-07-18 04:47:19.874809',28),(32,'berita/download_VdqXZQy.jpg','2023-07-18 04:47:27.866894',29),(33,'berita/download_JPakE6M.jpg','2023-07-18 04:47:37.199336',30),(35,'berita/download_FX1XMAT.jpg','2023-07-18 05:24:58.521086',31),(36,'berita/download_Xv0iwrH.jpg','2023-07-18 05:25:09.961169',32),(37,'berita/download_1CArJvy.jpg','2023-07-18 05:25:19.813950',33),(38,'berita/download_V4Wl0QH.jpg','2023-07-18 05:25:39.982475',34),(39,'berita/download_Lz0IYkP.jpg','2023-07-18 05:25:57.083894',35),(40,'berita/download_asiU8Wp.jpg','2023-07-18 05:26:22.971699',36),(41,'berita/download_9ev3UvE.jpg','2023-07-18 05:26:34.795570',37),(42,'berita/download_6W29sMj.jpg','2023-07-18 05:26:45.005746',38),(43,'berita/download_7Q8eJP7.jpg','2023-07-18 05:51:34.518736',39),(44,'berita/download_DTsOGaB.jpg','2023-07-18 05:51:48.508101',40),(45,'berita/download_gvu5kdL.jpg','2023-07-18 05:52:17.385467',41),(46,'berita/download_jslYuus.jpg','2023-07-18 05:52:34.672355',42),(47,'berita/download_dc1pkMs.jpg','2023-07-18 05:52:48.798812',43),(48,'berita/download_suiHWW8.jpg','2023-07-18 05:53:00.495884',44),(49,'berita/download_atrFnOu.jpg','2023-07-18 05:53:15.230559',45),(50,'berita/download_P4fjaEX.jpg','2023-07-18 05:53:24.822076',46),(51,'berita/download_aSigtuA.jpg','2023-07-18 06:27:17.615680',46),(52,'berita/download_XnUW7Xq.jpg','2023-07-18 06:27:28.855896',50),(53,'berita/download_844I4Ld.jpg','2023-07-18 06:27:46.177718',51),(54,'berita/download_SFycjWX.jpg','2023-07-18 06:27:59.536637',52),(55,'berita/download_Gq89Pan.jpg','2023-07-18 06:28:15.308867',53),(56,'berita/download_ILZSu4S.jpg','2023-07-18 06:28:32.996415',54),(57,'berita/download_knV8tcI.jpg','2023-07-18 06:28:54.143374',55),(58,'berita/download_XTu63JW.jpg','2023-07-18 06:29:09.465476',56),(59,'berita/download_F8DwzIv.jpg','2023-07-18 06:29:20.468375',57),(60,'berita/download_wx1j0DG.jpg','2023-07-18 06:29:29.920032',58),(61,'berita/download_UNOnhll.jpg','2023-07-18 06:29:41.858070',59),(62,'berita/download_9HGx8RW.jpg','2023-07-18 06:29:53.476992',60),(63,'berita/download_chOBLj9.jpg','2023-07-18 06:30:04.320599',61),(64,'berita/download_fqasa6A.jpg','2023-07-18 06:30:13.028199',62),(65,'berita/download_sFFaMJ0.jpg','2023-07-18 06:30:23.894437',63),(66,'berita/WhatsApp_Image_2023-07-25_at_10.55.20.jpeg','2023-07-25 04:18:39.721762',64),(67,'berita/WhatsApp_Image_2023-07-25_at_12.40.10.jpeg','2023-07-25 05:46:46.038877',65),(68,'berita/WhatsApp_Image_2023-08-12_at_13.59.49.jpeg','2023-08-15 02:17:10.771011',66),(69,'berita/WhatsApp_Image_2023-08-17_at_08.14.56.jpeg','2023-08-17 01:53:37.878495',67),(70,'berita/WhatsApp_Image_2023-08-24_at_08.34.48.jpeg','2023-08-24 01:46:33.819317',68),(71,'berita/WhatsApp_Image_2023-09-28_at_7.27.55_PM.jpeg','2023-09-29 02:56:11.536445',69),(72,'berita/WhatsApp_Image_2023-09-28_at_7.27.55_PM_2.jpeg','2023-09-29 02:56:46.137002',69);
/*!40000 ALTER TABLE `main_beritaimage` ENABLE KEYS */;
UNLOCK TABLES;

--
-- Table structure for table `main_content`
--

DROP TABLE IF EXISTS `main_content`;
/*!40101 SET @saved_cs_client     = @@character_set_client */;
/*!40101 SET character_set_client = utf8 */;
CREATE TABLE `main_content` (
  `content_menu_id` bigint(20) NOT NULL,
  `content_name` varchar(50) NOT NULL,
  `create_at` datetime(6) NOT NULL,
  `content` longtext DEFAULT NULL,
  `category_content` varchar(50) NOT NULL,
  `tentang_layanan_dan_persyaratan` longtext DEFAULT NULL,
  `alur_proses_dan_prosedur` longtext DEFAULT NULL,
  `biaya` longtext DEFAULT NULL,
  PRIMARY KEY (`content_menu_id`),
  CONSTRAINT `main_content_content_menu_id_c8600ab6_fk_main_submenu_id` FOREIGN KEY (`content_menu_id`) REFERENCES `main_submenu` (`id`)
) ENGINE=InnoDB DEFAULT CHARSET=utf8mb4 COLLATE=utf8mb4_general_ci;
/*!40101 SET character_set_client = @saved_cs_client */;

--
-- Dumping data for table `main_content`
--

LOCK TABLES `main_content` WRITE;
/*!40000 ALTER TABLE `main_content` DISABLE KEYS */;
INSERT INTO `main_content` VALUES (1,'Paspor Baru','2023-07-17 07:52:44.879723','','LAYANAN_IMIGRASI','<p><strong>Informasi Umum&nbsp;Permohonan Paspor Baru </strong></p>\r\n\r\n<ol>\r\n	<li>Permohonan paspor biasa dapat diajukan oleh warga negara Indonesia, baik di dalam maupun luar wilayah Indonesia.</li>\r\n	<li>Paspor biasa terdiri atas paspor biasa elektronik (e-paspor) dan paspor biasa nonelektronik.</li>\r\n	<li>Paspor biasa diterbitkan dengan menggunakan Sistem Informasi Manajemen Keimigrasian.</li>\r\n	<li>Permohonan paspor biasa dapat diajukan secara manual atau elektronik dengan melampirkan dokumen kelengkapan persyaratan.</li>\r\n</ol>\r\n\r\n<p>&nbsp;</p>\r\n\r\n<p><span style=\"font-size:18px\"><strong>Persyaratan</strong></span></p>\r\n\r\n<p>1. Kartu tanda penduduk (KTP) yang masih berlaku atau surat keterangan pindah ke luar negeri</p>\r\n\r\n<p>2. Kartu keluarga (KK)</p>\r\n\r\n<p>3. Dokumen berupa akta kelahiran, akta perkawinan, buku nikah, ijazah, atau surat baptis*</p>\r\n\r\n<p>4. Surat pewarganegaraan Indonesia bagi Orang Asing yang memperoleh kewarganegaraan Indonesia atau penyampaian pernyataan untuk memilih kewarganegaraan sesuai dengan ketentuan peraturan perundang-undangan</p>\r\n\r\n<p>5. Surat penetapan ganti nama (bagi yang telah mengganti nama) dari pejabat yang berwenang Catatan: *Nama, tempat dan tanggal lahir, serta nama orang tua harus tercantum dalam dokumen. Jika tidak, Anda dapat melampirkan surat keterangan dari instansi yang berwenang.</p>','<p><span style=\"font-size:18px\"><strong>Prosedur</strong></span></p>\r\n\r\n<p>1. Lakukan pendaftaran melalui aplikasi M-Paspor yang dapat diunduh melalui App Store atau Google Play.&nbsp;</p>\r\n\r\n<p>2. Pemeriksaan kelengkapan dan keabsahan persyaratan</p>\r\n\r\n<p>3. Pengambilan foto dan sidik jari</p>\r\n\r\n<p>4. Wawancara</p>\r\n\r\n<p>5. Verifikasi</p>\r\n\r\n<p>6. Adjudikasi</p>\r\n\r\n<p>7. Selesai</p>','<p><strong>BIAYA KEIMIGRASIAN </strong>&nbsp;:</p>\r\n\r\n<p>Peraturan Pemerintah Republik Indonesia Nomor 28 Tahun 2019 Tentang Jenis dan Tarif Atas Jenis Penerimaan Negara Bukan Pajak yang Berlaku pada Kementerian Hukum dan Hak Asasi Manusia :</p>\r\n\r\n<p>1 Paspor biasa 48 halaman Per Buku Rp 350.000,-</p>\r\n\r\n<p>2 Paspor Elektronik 48 halaman Per Permohonan Rp 650.000</p>\r\n\r\n<p>3 Biaya Beban Paspor Rusak Per Permohonan Rp 500.000,-</p>\r\n\r\n<p>4 Biaya Beban Paspor Hilang Per Permohonan Rp 1.000.000,-</p>\r\n\r\n<p>5 Layanan Percepatan Paspor Selesai Pada Hari yang Sama Per Permohonan Rp 1.000.000,-</p>'),(3,'Pegantian Paspor','2023-05-30 06:47:04.123128','<p><strong>Penggantian Paspor biasa dapat diajukan jika:</strong></p>\r\n\r\n<p>1. Masa berlakunya akan habis (kurang dari enam bulan masa berlaku paspor);</p>\r\n\r\n<p>2. Masa berlaku telah habis;</p>\r\n\r\n<p>3. Hilang;</p>\r\n\r\n<p>4. Rusak saat proses penerbitan paspor (selanjutnya langsung dilakukan pembatalan oleh kantor imigrasi yang menerbitkan);</p>\r\n\r\n<p>5. Rusak di luar proses penerbitan (robek, basah, terbakar, tercoret, dll) sehingga keterangan di dalamnya menjadi tidak jelas atau memberi kesan yang tidak pantas lagi sebagai dokumen resmi (selanjutnya dilakukan pencabutan setelah melalui proses pembuatan berita acara pemeriksaan).</p>\r\n\r\n<p><strong>Penggantian Paspor biasa karena keadaan kahar (force majeure) meliputi keadaan:</strong></p>\r\n\r\n<p>1. Banjir;</p>\r\n\r\n<p>2. Gempa bumi;</p>\r\n\r\n<p>3. Kebakaran;</p>\r\n\r\n<p>4. Huru hara; dan</p>\r\n\r\n<p>5. Bencana alam lainnya yang ditetapkan oleh instansi yang berwenang.</p>','STANDAR','<p>Persyaratan :</p>\r\n\r\n<p>1. Persyaratan untuk paspor terbitan tahun 2009 dan setelahnya:</p>\r\n\r\n<p>&nbsp; &nbsp; a. Kartu tanda penduduk (KTP) elektronik</p>\r\n\r\n<p>&nbsp; &nbsp; b. Paspor lama</p>\r\n\r\n<p>2. Persyaratan untuk paspor terbitan sebelum tahun 2009:</p>\r\n\r\n<p>&nbsp; &nbsp; &nbsp;a. KTP yang masih berlaku atau surat keterangan pindah ke luar negeri</p>\r\n\r\n<p>&nbsp; &nbsp; &nbsp;b. Kartu keluarga (KK)</p>\r\n\r\n<p>&nbsp; &nbsp; &nbsp;c. Dokumen berupa akta kelahiran, akta perkawinan, buku nikah, ijazah, atau surat baptis*</p>\r\n\r\n<p>3. Syarat Permohonan Paspor Hilang/Rusak</p>\r\n\r\n<p>&nbsp; &nbsp; &nbsp;a. Surat lapor kehilangan dari kepolisian setempat;</p>\r\n\r\n<p>&nbsp; &nbsp; &nbsp;b. Kartu tanda penduduk (KTP) yang masih berlaku;</p>\r\n\r\n<p>&nbsp; &nbsp; &nbsp;c. Kartu keluarga</p>\r\n\r\n<p>&nbsp; &nbsp; &nbsp;d. Akte Lahir/akta perkawinan, buku nikah, ijazah, atau surat baptis</p>\r\n\r\n<p><strong>Tambahan persyaratan bagi pemohon penggantian hilang karena keadaan kahar (force majeure):</strong></p>\r\n\r\n<p>a. Surat permohonan penggantian paspor hilang kepada kepala kantor imigrasi yang berisi nama, tempat/tgl. lahir, alamat domisili, pekerjaan, dan alasan permohonan.</p>\r\n\r\n<p>b. Surat keterangan dari kelurahan/otoritas yang berwenang sesuai domisili yang pemohon yang menyatakan bahwa pemohon mengalami keadaan kahar.</p>','<p>1. Pendaftaran Penggantian Paspor melalui aplikasi Antrian Paspor Online: Dapat diunduh App Store/Google Play.</p>\r\n\r\n<p>2. Untuk Penggantian Paspor Hilang atau Rusak dilakukan pendaftaran secara datang langsung ke Kantor Imigrasi ( Walk In )</p>\r\n\r\n<p>&nbsp;</p>','<p>Biaya</p>\r\n\r\n<p>1. Paspor biasa nonelektronik 48 halaman: Rp350.000</p>\r\n\r\n<p>2. Paspor biasa elektronik 48 halaman: Rp650.000</p>\r\n\r\n<p>3. Layanan percepatan paspor*(selesai pada hari yang sama): Rp1.000.000 Catatan:</p>\r\n\r\n<p>*Biaya layanan percepatan di luar penerbitan paspor. Penggantian paspor karena hilang atau rusak dikenai biaya denda sebagai berikut. 1. Biaya beban paspor hilang: Rp1.000.000</p>\r\n\r\n<p>2. Biaya beban paspor rusak: Rp500.000</p>\r\n\r\n<p>3. Biaya beban paspor hilang/rusak karena keadaan kahar: Rp0</p>'),(6,'Izin Tinggal Kunjungan','2023-08-15 03:48:05.102274','<p>SUBJEK IZIN TINGGAL KUNJUNGAN&nbsp;</p>\r\n\r\n<p>Izin Tinggal Kunjungan diberikan kepada Warga Negara Asing yang masuk Wilayah Indonesia menggunakan Visa Kunjungan, atau anak yang baru lahir di Wilayah Indonesia dan pada saat lahir ayah dan/ atau ibunya pemegang Izin Tinggal Kunjungan.</p>','STANDAR','<p>Syarat melakukan perpanjangan ITK:</p>\r\n\r\n<p>&nbsp;</p>\r\n\r\n<ol>\r\n	<li>\r\n	<p>Surat Permohonan dari Penjamin</p>\r\n	</li>\r\n	<li>\r\n	<p>Surat Jaminan (bermaterai)</p>\r\n	</li>\r\n	<li>\r\n	<p>FC KTP Penjamin</p>\r\n	</li>\r\n	<li>\r\n	<p>ID Card Penjamin (Sponsor Perusahaan)</p>\r\n	</li>\r\n	<li>\r\n	<p>Paspor (Asli dan FC)</p>\r\n	</li>\r\n	<li>\r\n	<p>e-VISA Kunjungan</p>\r\n	</li>\r\n	<li>\r\n	<p>FC Cap/Sticker Kedatangan (Visa off shore)</p>\r\n	</li>\r\n	<li>\r\n	<p>FC Cap/Sticker Izin Tinggal Sebelumnya (Visa on shore)</p>\r\n	</li>\r\n	<li>\r\n	<p>FPerdim 23 (dapat diambil di Kantor Imigrasi)</p>\r\n	</li>\r\n	<li>\r\n	<p>Surat Kuasa bermaterai dan FC KTP Penerima Kuasa</p>\r\n	</li>\r\n</ol>','<p>ALUR PROSES PERPANJANGAN ITK</p>\r\n\r\n<p>&nbsp;</p>\r\n\r\n<p>Tahap 1:</p>\r\n\r\n<ol>\r\n	<li>\r\n	<p>Penyerahan dokumen persyaratan ke Kantor Imigrasi</p>\r\n	</li>\r\n	<li>\r\n	<p>Pembayaran PNBP melalui ATM atau transfer bank</p>\r\n	</li>\r\n</ol>\r\n\r\n<p>Tahap 2:</p>\r\n\r\n<ol>\r\n	<li>\r\n	<p>Entri data dan pemindaian dokumen</p>\r\n	</li>\r\n	<li>\r\n	<p>Pengambilan data biometrik</p>\r\n	</li>\r\n</ol>\r\n\r\n<p>Tahap 3:</p>\r\n\r\n<ol>\r\n	<li>\r\n	<p>Registrasi Nomor Izin Tinggal</p>\r\n	</li>\r\n	<li>\r\n	<p>Pemindaian dokumen</p>\r\n	</li>\r\n	<li>\r\n	<p>Penyerahan dokumen</p>\r\n	</li>\r\n</ol>','<table>\r\n	<tbody>\r\n		<tr>\r\n			<td>Perpanjangan Izin Tinggal Kunjungan Masa Berlaku 30 hari (Khusus VOA)</td>\r\n			<td>Rp 500.000,-</td>\r\n		</tr>\r\n		<tr>\r\n			<td>Perpanjangan Izin Tinggal Kunjungan Masa Berlaku 60 hari</td>\r\n			<td>Rp 2.000.000,-</td>\r\n		</tr>\r\n	</tbody>\r\n</table>'),(7,'Izin Tinggal Terbatas','2023-08-15 03:45:38.364165','<p>Subjek Izin Tinggal Terbatas</p>\r\n\r\n<p>Izin Tinggal Terbatas diberikan kepada Warga Negara Asing yang masuk Wilayah Indonesia dengan Visa Tinggal Terbatas; anak yang pada saat lahir di Wilayah Indonesia ayah dan/ atau ibunya pemegang Izin Tinggal Terbatas; Orang Asing yang berikan alihstatus dari Izin Tinggal Kunjungan; nahkoda, awak kapal, atau tenaga ahli asing di atas kapal laut, alat apung, atau instalasi yang beroperasi di wilayah perairan dan wilayah yuridiksi Indonesia sesuai dengan ketentuan perundang-undangan; Orang Asing yang kawin secara sah degan Warga Negara Indonesia; atau anak dari Orang Asing yang kawin secara sah dengan Warga Negara Indonesia.</p>','STANDAR','<p>Syarat Pengajuan Izin Tinggal Terbatas Baru untuk Tenaga Kerja Asing (TKA)</p>\r\n\r\n<ol>\r\n	<li>\r\n	<p>Surat Permohonan dari Penjamin;</p>\r\n	</li>\r\n	<li>\r\n	<p>Surat Jaminan (bermaterai);</p>\r\n	</li>\r\n	<li>\r\n	<p>Fotocopy KTP dan ID Card Penjamain;</p>\r\n	</li>\r\n	<li>\r\n	<p>Fotocopy bukti bayar billing ITAS;</p>\r\n	</li>\r\n	<li>\r\n	<p>Fotocopy pengesahan RPTKA, Hasil Penilaian Kelayakan Pengesahan RPTKA, Notifikasi Pembayaran DKPTKA, Bukti Pembayaran DKPTKA;</p>\r\n	</li>\r\n	<li>\r\n	<p>Dokumen perusahaan: akta pendirian perusahaan, surat pengesahan pendirian Badan Hukum dari AHU, Izin Usaha, Izin Lokasi, Nomor Induk Berusaha (NIB), NPWP Perusahaan;</p>\r\n	</li>\r\n	<li>\r\n	<p>Paspor (ali dan fotocopy);</p>\r\n	</li>\r\n	<li>\r\n	<p>e-Visa;</p>\r\n	</li>\r\n	<li>\r\n	<p>Fotocopy cap/ stiker kedatangan (Visa off shore);</p>\r\n	</li>\r\n	<li>\r\n	<p>Fotocopy cap/ stiker Izin Tinggal Terakhir (visa on shore);</p>\r\n	</li>\r\n	<li>\r\n	<p>Perdim 24 dan 25 (dapat diambil di Kantor Imigrasi); dan</p>\r\n	</li>\r\n	<li>\r\n	<p>Surat Kuasa bermaterian dan fotocopy KTP Penerima Kuasa.</p>\r\n	</li>\r\n</ol>\r\n\r\n<p>&nbsp;</p>\r\n\r\n<p>Syarat Pengajuan Izin Tinggal Terbatas Baru untuk Keluarga Tenaga Kerja Asing (TKA)</p>\r\n\r\n<ol>\r\n	<li>\r\n	<p>Surat Permohonan dari Penjamin;</p>\r\n	</li>\r\n	<li>\r\n	<p>Surat Jaminan (bermaterai);</p>\r\n	</li>\r\n	<li>\r\n	<p>Fotocopy KTP dan ID Card Penjamain;</p>\r\n	</li>\r\n	<li>\r\n	<p>Fotocopy Kartu Keluarga (family register);</p>\r\n	</li>\r\n	<li>\r\n	<p>Fotocopy pengesahan RPTKA, Hasil Penilaian Kelayakan Pengesahan RPTKA, Notifikasi Pembayaran DKPTKA, Bukti Pembayaran DKPTKA;</p>\r\n	</li>\r\n	<li>\r\n	<p>Dokumen perusahaan: akta pendirian perusahaan, surat pengesahan pendirian Badan Hukum dari AHU, Izin Usaha, Izin Lokasi, Nomor Induk Berusaha (NIB), NPWP Perusahaan;</p>\r\n	</li>\r\n	<li>\r\n	<p>Paspor (ali dan fotocopy);</p>\r\n	</li>\r\n	<li>\r\n	<p>e-Visa;</p>\r\n	</li>\r\n	<li>\r\n	<p>Fotocopy cap/ stiker kedatangan (Visa off shore);</p>\r\n	</li>\r\n	<li>\r\n	<p>Fotocopy cap/ stiker Izin Tinggal Terakhir (visa on shore);</p>\r\n	</li>\r\n	<li>\r\n	<p>Perdim 24 dan 25 (dapat diambil di Kantor Imigrasi); dan</p>\r\n	</li>\r\n	<li>\r\n	<p>Surat Kuasa bermaterian dan fotocopy KTP Penerima Kuasa.</p>\r\n	</li>\r\n</ol>\r\n\r\n<p>&nbsp;</p>\r\n\r\n<p>Syarat Pengajuan Perpanjangan Izin Tinggal Terbatas untuk Tenaga Kerja Asing (TKA)</p>\r\n\r\n<ol>\r\n	<li>\r\n	<p>Surat Permohonan dari Penjamin;</p>\r\n	</li>\r\n	<li>\r\n	<p>Surat Jaminan (bermaterai);</p>\r\n	</li>\r\n	<li>\r\n	<p>Fotocopy KTP dan ID Card Penjamain;</p>\r\n	</li>\r\n	<li>\r\n	<p>Fotocopy pengesahan RPTKA, Hasil Penilaian Kelayakan Pengesahan RPTKA, Notifikasi Pembayaran DKPTKA, Bukti Pembayaran DKPTKA;</p>\r\n	</li>\r\n	<li>\r\n	<p>Dokumen perusahaan: akta pendirian perusahaan, surat pengesahan pendirian Badan Hukum dari AHU, Izin Usaha, Izin Lokasi, Nomor Induk Berusaha (NIB), NPWP Perusahaan;</p>\r\n	</li>\r\n	<li>\r\n	<p>Paspor (ali dan fotocopy);</p>\r\n	</li>\r\n	<li>\r\n	<p>e-KITAS;</p>\r\n	</li>\r\n	<li>\r\n	<p>Fotocopy cap/ stiker ITAS;</p>\r\n	</li>\r\n	<li>\r\n	<p>Fotocopy cap SKTT (Surat Keterangan Tempat Tinggal) untuk perpanjangan ITAS ke-4 dan ke-5;</p>\r\n	</li>\r\n	<li>\r\n	<p>Perdim 24 dan 25 (dapat diambil di Kantor Imigrasi); dan</p>\r\n	</li>\r\n	<li>\r\n	<p>Surat Kuasa bermaterian dan fotocopy KTP Penerima Kuasa.</p>\r\n	</li>\r\n</ol>\r\n\r\n<p>&nbsp;</p>\r\n\r\n<p>Syarat Pengajuan Perpanjangan Izin Tinggal Terbatas untuk Keluarga Tenaga Kerja Asing (TKA)</p>\r\n\r\n<ol>\r\n	<li>\r\n	<p>Surat Permohonan dari Penjamin;</p>\r\n	</li>\r\n	<li>\r\n	<p>Surat Jaminan (bermaterai);</p>\r\n	</li>\r\n	<li>\r\n	<p>Fotocopy KTP dan ID Card Penjamain;</p>\r\n	</li>\r\n	<li>\r\n	<p>Fotocopy Kartu Keluarga (family register);</p>\r\n	</li>\r\n	<li>\r\n	<p>Fotocopy pengesahan RPTKA, Hasil Penilaian Kelayakan Pengesahan RPTKA, Notifikasi Pembayaran DKPTKA, Bukti Pembayaran DKPTKA;</p>\r\n	</li>\r\n	<li>\r\n	<p>Dokumen perusahaan: akta pendirian perusahaan, surat pengesahan pendirian Badan Hukum dari AHU, Izin Usaha, Izin Lokasi, Nomor Induk Berusaha (NIB), NPWP Perusahaan;</p>\r\n	</li>\r\n	<li>\r\n	<p>Paspor (ali dan fotocopy);</p>\r\n	</li>\r\n	<li>\r\n	<p>e-KITAS;</p>\r\n	</li>\r\n	<li>\r\n	<p>Fotocopy cap/ stiker ITAS;</p>\r\n	</li>\r\n	<li>\r\n	<p>Fotocopy SKTT (Surat Keterangan Tempat Tinggal) untuk perpanjangan ITAS ke-4 dan ke-5;</p>\r\n	</li>\r\n	<li>\r\n	<p>Perdim 24 dan 25 (dapat diambil di Kantor Imigrasi); dan</p>\r\n	</li>\r\n	<li>\r\n	<p>Surat Kuasa bermaterian dan fotocopy KTP Penerima Kuasa.</p>\r\n	</li>\r\n</ol>\r\n\r\n<p>&nbsp;</p>\r\n\r\n<p>Syarat Pengajuan Izin Tinggal Terbatas Baru untuk Investor</p>\r\n\r\n<ol>\r\n	<li>\r\n	<p>Surat Permohonan dari Penjamin;</p>\r\n	</li>\r\n	<li>\r\n	<p>Surat Jaminan (bermaterai);</p>\r\n	</li>\r\n	<li>\r\n	<p>Fotocopy KTP dan ID Card Penjamin;</p>\r\n	</li>\r\n	<li>\r\n	<p>Dokumen perusahaan: akta pendirian perusahaan, Surat Pengesahan Pendirian Badan Hukum dari AHU, Izin Usaha, Izin Lokasi, Nomor Induk Berusaha (NIB), NPWP Perusahaan;</p>\r\n	</li>\r\n	<li>\r\n	<p>Paspor (asli dan fotocopy);</p>\r\n	</li>\r\n	<li>\r\n	<p>e-Visa;</p>\r\n	</li>\r\n	<li>\r\n	<p>Fotocopy cap/ stiker kedatangan (visa off shore);</p>\r\n	</li>\r\n	<li>\r\n	<p>Fotocopy cap/ stiker Izin Tinggal terakhir (visa on shore);</p>\r\n	</li>\r\n	<li>\r\n	<p>Perdim 24 dan 25 (dapat diambil di Kantor Imigrasi); dan</p>\r\n	</li>\r\n	<li>\r\n	<p>Surat Kuasa bermaterai dan fotocopy KTP Penerima Kuasa.</p>\r\n	</li>\r\n</ol>\r\n\r\n<p>&nbsp;</p>\r\n\r\n<p>Syarat Pengajuan Izin Tinggal Terbatas Baru untuk Keluarga Investor</p>\r\n\r\n<ol>\r\n	<li>\r\n	<p>Surat Permohonan dari Penjamin;</p>\r\n	</li>\r\n	<li>\r\n	<p>Surat Jaminan (bermaterai);</p>\r\n	</li>\r\n	<li>\r\n	<p>Fotocopy KTP dan ID Card Penjamin;</p>\r\n	</li>\r\n	<li>\r\n	<p>Fotocopy Kartu Keluarga (family register);</p>\r\n	</li>\r\n	<li>\r\n	<p>Fotocopy e-KITAS Investor;</p>\r\n	</li>\r\n	<li>\r\n	<p>Dokumen perusahaan: akta pendirian perusahaan, Surat Pengesahan Pendirian Badan Hukum dari AHU, Izin Usaha, Izin Lokasi, Nomor Induk Berusaha (NIB), NPWP Perusahaan;</p>\r\n	</li>\r\n	<li>\r\n	<p>Paspor (asli dan fotocopy);</p>\r\n	</li>\r\n	<li>\r\n	<p>e-Visa;</p>\r\n	</li>\r\n	<li>\r\n	<p>Fotocopy cap/ stiker kedatangan (visa off shore);</p>\r\n	</li>\r\n	<li>\r\n	<p>Fotocopy cap/ stiker Izin Tinggal terakhir (visa on shore);</p>\r\n	</li>\r\n	<li>\r\n	<p>Perdim 24 dan 25 (dapat diambil di Kantor Imigrasi); dan</p>\r\n	</li>\r\n	<li>\r\n	<p>Surat Kuasa bermaterai dan fotocopy KTP Penerima Kuasa.</p>\r\n	</li>\r\n</ol>\r\n\r\n<p>&nbsp;</p>\r\n\r\n<p>Syarat Pengajuan Perpanjangan Izin Tinggal Terbatas untuk Investor</p>\r\n\r\n<ol>\r\n	<li>\r\n	<p>Surat Permohonan dari Penjamin;</p>\r\n	</li>\r\n	<li>\r\n	<p>Surat Jaminan (bermaterai);</p>\r\n	</li>\r\n	<li>\r\n	<p>Fotocopy KTP dan ID Card Penjamin;</p>\r\n	</li>\r\n	<li>\r\n	<p>Dokumen perusahaan: akta pendirian perusahaan, Surat Pengesahan Pendirian Badan Hukum dari AHU, Izin Usaha, Izin Lokasi, Nomor Induk Berusaha (NIB), NPWP Perusahaan;</p>\r\n	</li>\r\n	<li>\r\n	<p>Paspor (asli dan fotocopy);</p>\r\n	</li>\r\n	<li>\r\n	<p>e-KITAS dan fotocopy cap/ sticker ITAS;</p>\r\n	</li>\r\n	<li>\r\n	<p>Fotocopy SKTT (Surat Keterangan Tempat Tinggal) untuk perpanjangan ITAS ke-4 dan ke-5;</p>\r\n	</li>\r\n	<li>\r\n	<p>Perdim 24 dan 25 (dapat diambil di Kantor Imigrasi); dan</p>\r\n	</li>\r\n	<li>\r\n	<p>Surat Kuasa bermaterai dan fotocopy KTP Penerima Kuasa.</p>\r\n	</li>\r\n</ol>\r\n\r\n<p>&nbsp;</p>\r\n\r\n<p>Syarat Pengajuan Perpanjangan Izin Tinggal Terbatas untuk Keluarga Investor</p>\r\n\r\n<ol>\r\n	<li>\r\n	<p>Surat Permohonan dari Penjamin;</p>\r\n	</li>\r\n	<li>\r\n	<p>Surat Jaminan (bermaterai);</p>\r\n	</li>\r\n	<li>\r\n	<p>Fotocopy KTP dan ID Card Penjamin;</p>\r\n	</li>\r\n	<li>\r\n	<p>Dokumen perusahaan: akta pendirian perusahaan, Surat Pengesahan Pendirian Badan Hukum dari AHU, Izin Usaha, Izin Lokasi, Nomor Induk Berusaha (NIB), NPWP Perusahaan;</p>\r\n	</li>\r\n	<li>\r\n	<p>ITAS TKA;</p>\r\n	</li>\r\n	<li>\r\n	<p>Fotocopy Kartu Keluarga (family register);</p>\r\n	</li>\r\n	<li>\r\n	<p>Paspor (asli dan fotocopy);</p>\r\n	</li>\r\n	<li>\r\n	<p>e-KITAS dan cap/ stiker ITAS;</p>\r\n	</li>\r\n	<li>\r\n	<p>Fotocopy SKTT (Surat Keterangan Tempat Tinggal) untuk perpanjangan ITAS ke-4 dan ke-5;</p>\r\n	</li>\r\n	<li>\r\n	<p>Perdim 24 dan 25 (dapat diambil di Kantor Imigrasi); dan</p>\r\n	</li>\r\n	<li>\r\n	<p>Surat Kuasa bermaterai dan fotocopy KTP Penerima Kuasa.</p>\r\n	</li>\r\n</ol>\r\n\r\n<p>&nbsp;</p>\r\n\r\n<p>Syarat Pengajuan Izin Tinggal Terbatas Baru untuk Peneliti</p>\r\n\r\n<ol>\r\n	<li>\r\n	<p>Surat Permohonan dari Penjamin;</p>\r\n	</li>\r\n	<li>\r\n	<p>Surat Jaminan (bermaterai);</p>\r\n	</li>\r\n	<li>\r\n	<p>Fotocopy KTP dan ID Card Penjamin;</p>\r\n	</li>\r\n	<li>\r\n	<p>Surat Izin Penelitian dari instansi terkait;</p>\r\n	</li>\r\n	<li>\r\n	<p>Paspor (asli dan fotocopy);</p>\r\n	</li>\r\n	<li>\r\n	<p>e-Visa;</p>\r\n	</li>\r\n	<li>\r\n	<p>Fotocopy cap/ stiker kedatangan (visa off shore);</p>\r\n	</li>\r\n	<li>\r\n	<p>Fotocopy cap/ stiker Izin Tinggal terakhir (visa on shore);</p>\r\n	</li>\r\n	<li>\r\n	<p>Perdim 24 dan 25 (dapat diambil di Kantor Imigrasi); dan</p>\r\n	</li>\r\n	<li>\r\n	<p>Surat Kuasa bermaterai dan fotocopy KTP Penerima Kuasa.</p>\r\n	</li>\r\n</ol>\r\n\r\n<p>&nbsp;</p>\r\n\r\n<p>Syarat Perpanjangan Izin Tinggal Terbatas untuk Peneliti</p>\r\n\r\n<ol>\r\n	<li>\r\n	<p>Surat Permohonan dari Penjamin;</p>\r\n	</li>\r\n	<li>\r\n	<p>Surat Jaminan (bermaterai);</p>\r\n	</li>\r\n	<li>\r\n	<p>Fotocopy KTP dan ID Card Penjamin;</p>\r\n	</li>\r\n	<li>\r\n	<p>Surat Izin Penelitian dari instansi terkait;</p>\r\n	</li>\r\n	<li>\r\n	<p>Paspor (asli dan fotocopy);</p>\r\n	</li>\r\n	<li>\r\n	<p>e-KITAS;</p>\r\n	</li>\r\n	<li>\r\n	<p>Fotocopy cap/ stiker ITAS;</p>\r\n	</li>\r\n	<li>\r\n	<p>Fotocopy SKTT (Surat Keterangan Tempat Tinggal) untuk perpanjangan ITAS ke4 dan ke-5;</p>\r\n	</li>\r\n	<li>\r\n	<p>Perdim 24 dan 25 (dapat diambil di Kantor Imigrasi); dan</p>\r\n	</li>\r\n	<li>\r\n	<p>Surat Kuasa bermaterai dan fotocopy KTP Penerima Kuasa.</p>\r\n	</li>\r\n</ol>\r\n\r\n<p>&nbsp;</p>\r\n\r\n<p>Syarat Pengajuan Izin Tinggal Terbatas untuk Pelajar</p>\r\n\r\n<ol>\r\n	<li>\r\n	<p>Surat Permohonan dari Penjamin;</p>\r\n	</li>\r\n	<li>\r\n	<p>Surat Jaminan (bermaterai);</p>\r\n	</li>\r\n	<li>\r\n	<p>Fotocopy KTP dan ID Card Penjamin;</p>\r\n	</li>\r\n	<li>\r\n	<p>Surat Izin Belajar dari instansi terkait;</p>\r\n	</li>\r\n	<li>\r\n	<p>Paspor (asli dan fotocopy);</p>\r\n	</li>\r\n	<li>\r\n	<p>e-Visa;</p>\r\n	</li>\r\n	<li>\r\n	<p>Fotocopy cap/ stiker kedatangan (visa off shore);</p>\r\n	</li>\r\n	<li>\r\n	<p>Fotocopy cap/ stiker Izin Tinggal terakhir (visa on shore);</p>\r\n	</li>\r\n	<li>\r\n	<p>Perdim 24 dan 25 (dapat diambil di Kantor Imigrasi); dan</p>\r\n	</li>\r\n	<li>\r\n	<p>Surat Kuasa bermaterai dan fotocopy KTP Penerima Kuasa.</p>\r\n	</li>\r\n</ol>\r\n\r\n<p>&nbsp;</p>\r\n\r\n<p>Syarat Perpanjangan Izin Tinggal Terbatas untuk Pelajar</p>\r\n\r\n<ol>\r\n	<li>\r\n	<p>Surat Permohonan dari Penjamin;</p>\r\n	</li>\r\n	<li>\r\n	<p>Surat Jaminan (bermaterai);</p>\r\n	</li>\r\n	<li>\r\n	<p>Fotocopy KTP dan ID Card Penjamin;</p>\r\n	</li>\r\n	<li>\r\n	<p>Surat Izin Belajar dari instansi terkait;</p>\r\n	</li>\r\n	<li>\r\n	<p>Paspor (asli dan fotocopy);</p>\r\n	</li>\r\n	<li>\r\n	<p>e-KITAS;</p>\r\n	</li>\r\n	<li>\r\n	<p>Fotocopy cap/ stiker ITAS;</p>\r\n	</li>\r\n	<li>\r\n	<p>Fotocopy SKTT (Surat Keterangan Tempat Tinggal) untuk perpanjangan ITAS ke4 dan ke-5;</p>\r\n	</li>\r\n	<li>\r\n	<p>Perdim 24 dan 25 (dapat diambil di Kantor Imigrasi); dan</p>\r\n	</li>\r\n	<li>\r\n	<p>Surat Kuasa bermaterai dan fotocopy KTP Penerima Kuasa.</p>\r\n	</li>\r\n</ol>\r\n\r\n<p>&nbsp;</p>\r\n\r\n<p>Syarat Pengajuan Izin Tinggal Terbatas Baru untuk Penyatuan Keluarga WNI</p>\r\n\r\n<ol>\r\n	<li>\r\n	<p>Surat Permohonan dari Penjamin;</p>\r\n	</li>\r\n	<li>\r\n	<p>Surat Jaminan (bermaterai);</p>\r\n	</li>\r\n	<li>\r\n	<p>Fotocopy KTP dan Kartu Keluarga (KK) Penjamin;</p>\r\n	</li>\r\n	<li>\r\n	<p>Fotocopy Akta Nikahdan Lapor Nikah (jika menikah di luar negeri, akta nikah diterjemahkan oleh Penerjeman Tersumpah);</p>\r\n	</li>\r\n	<li>\r\n	<p>Fotocpy Akta Lahir (untuk anak);</p>\r\n	</li>\r\n	<li>\r\n	<p>Paspor (asli dan fotocopy);</p>\r\n	</li>\r\n	<li>\r\n	<p>e-Visa;</p>\r\n	</li>\r\n	<li>\r\n	<p>Fotocopy cap/ stiker kedatangan (visa off shore);</p>\r\n	</li>\r\n	<li>\r\n	<p>Fotocopy cap/ stiker Izin Tinggal terakhir (visa on shore);</p>\r\n	</li>\r\n	<li>\r\n	<p>Perdim 24 dan 25 (dapat diambil di Kantor Imigrasi); dan</p>\r\n	</li>\r\n	<li>\r\n	<p>Surat Kuasa bermateria dan fotocopy KTP Penerima Kuasa.</p>\r\n	</li>\r\n</ol>\r\n\r\n<p>&nbsp;</p>\r\n\r\n<p>Syarat Perpanjangan Izin Tinggal Terbatas Keluarga WNI</p>\r\n\r\n<ol>\r\n	<li>\r\n	<p>Surat Permohonan dari Penjamin;</p>\r\n	</li>\r\n	<li>\r\n	<p>Surat Jaminan (bermaterai);</p>\r\n	</li>\r\n	<li>\r\n	<p>Fotocopy KTP dan Kartu Keluarga (KK) Penjamin;</p>\r\n	</li>\r\n	<li>\r\n	<p>Fotocopy Akta Nikahdan Lapor Nikah (jika menikah di luar negeri, akta nikah diterjemahkan oleh Penerjeman Tersumpah);</p>\r\n	</li>\r\n	<li>\r\n	<p>Fotocpy Akta Lahir (untuk anak);</p>\r\n	</li>\r\n	<li>\r\n	<p>Paspor (asli dan fotocopy);</p>\r\n	</li>\r\n	<li>\r\n	<p>e-KITAS;</p>\r\n	</li>\r\n	<li>\r\n	<p>Cap/ stiker ITAS;</p>\r\n	</li>\r\n	<li>\r\n	<p>Perdim 24 dan 25 (dapat diambil di Kantor Imigrasi);</p>\r\n	</li>\r\n	<li>\r\n	<p>Fotocopy SKTT (Surat Keterangan Tempat Tinggal) untuk perpanjangan ITAS ke-4 dan ke-5; dan</p>\r\n	</li>\r\n	<li>\r\n	<p>Surat Kuasa bermateria dan fotocopy KTP Penerima Kuasa.</p>\r\n	</li>\r\n</ol>\r\n\r\n<p>&nbsp;</p>\r\n\r\n<p>Syarat Pengajuan Izin Tinggal Terbatas Baru untuk Anak yang Lahir di Indonesia dari Orang Tua Pemegang ITAS/ ITAP</p>\r\n\r\n<ol>\r\n	<li>\r\n	<p>Surat Permohonan dari Penjamin;</p>\r\n	</li>\r\n	<li>\r\n	<p>Surat Jaminan (bermaterai);</p>\r\n	</li>\r\n	<li>\r\n	<p>Fotocopy KTP dan ID Card Penjamin;</p>\r\n	</li>\r\n	<li>\r\n	<p>Fotocopy akta lahir (Dispendukcapil);</p>\r\n	</li>\r\n	<li>\r\n	<p>Fotocopy akta nikah Orang Tua;</p>\r\n	</li>\r\n	<li>\r\n	<p>Fotocopy Surat Keterangan Lapor Lahir dari Kantor Imigrasi;</p>\r\n	</li>\r\n	<li>\r\n	<p>Fotocopy KITAS/ e-KITAS Orang Tua;</p>\r\n	</li>\r\n	<li>\r\n	<p>Paspor asli anak;</p>\r\n	</li>\r\n	<li>\r\n	<p>Perdim 24 dan 25 (dapat diambil di Kantor Imigrasi); dan</p>\r\n	</li>\r\n	<li>\r\n	<p>Surat Kuasa bermateria dan fotocopy KTP Penerima Kuasa.</p>\r\n	</li>\r\n</ol>\r\n\r\n<p>&nbsp;</p>\r\n\r\n<p>Syarat Pengajuan Izin Tinggal Terbatas Baru untuk Eks WNI dalam Rangka Repatriasi</p>\r\n\r\n<ol>\r\n	<li>\r\n	<p>Surat Permohonan dari Penjamin;</p>\r\n	</li>\r\n	<li>\r\n	<p>Surat Jaminan (bermaterai);</p>\r\n	</li>\r\n	<li>\r\n	<p>Fotocopy KTP dan Kartu Keluarga (KK) Penjamin;</p>\r\n	</li>\r\n	<li>\r\n	<p>Fotocopy Dokumen WNI (KTP/Akta Lahir/Ijazah/Paspor RI);</p>\r\n	</li>\r\n	<li>\r\n	<p>Paspor (asli dan fotocopy);</p>\r\n	</li>\r\n	<li>\r\n	<p>e-Visa;</p>\r\n	</li>\r\n	<li>\r\n	<p>Fotocopy cap/ stiker kedatangan (visa off shore);</p>\r\n	</li>\r\n	<li>\r\n	<p>Fotocopy cap/ stiker Izin Tinggal Terakhir (visa on shore);</p>\r\n	</li>\r\n	<li>\r\n	<p>Perdim 24 dan 25 (dapat diambil di Kantor Imigrasi); dan</p>\r\n	</li>\r\n	<li>\r\n	<p>Surat Kuasa bermaterai dan fotocopy KTP Penerima Kuasa.</p>\r\n	</li>\r\n</ol>\r\n\r\n<p>&nbsp;</p>\r\n\r\n<p>Syarat Perpanjangan Izin Tinggal Terbatas Baru untuk Eks WNI dalam Rangka Repatriasi</p>\r\n\r\n<ol>\r\n	<li>\r\n	<p>Surat Permohonan dari Penjamin;</p>\r\n	</li>\r\n	<li>\r\n	<p>Surat Jaminan (bermaterai);</p>\r\n	</li>\r\n	<li>\r\n	<p>Fotocopy KTP dan Kartu Keluarga (KK) Penjamin;</p>\r\n	</li>\r\n	<li>\r\n	<p>Fotocopy dokumen WNI (KTP/ Akta Lahir/ Ijazah/ Paspor RI);</p>\r\n	</li>\r\n	<li>\r\n	<p>Paspor (asli dan fotocopy);</p>\r\n	</li>\r\n	<li>\r\n	<p>e-KITAS;</p>\r\n	</li>\r\n	<li>\r\n	<p>Fotocopy cap/ stiker ITAS;</p>\r\n	</li>\r\n	<li>\r\n	<p>Perdim 24 dan 25 (dapat diambil di Kantor Imigrasi);</p>\r\n	</li>\r\n	<li>\r\n	<p>Fotocopy SKTT (Surat Keterangan Tempat Tinggal) untuk perpanjangan ITAS ke-4 dan ke-5; dan</p>\r\n	</li>\r\n	<li>\r\n	<p>Surat Kuasa bermaterai dan Fotocopy KTP Penerima Kuasa.</p>\r\n	</li>\r\n</ol>\r\n\r\n<p>&nbsp;</p>\r\n\r\n<p>Syarat Pengajuan Izin Tinggal Terbatas Baru untuk Wisatawan Lansia</p>\r\n\r\n<ol>\r\n	<li>\r\n	<p>Surat Permohonan dari Penjamin;</p>\r\n	</li>\r\n	<li>\r\n	<p>Surat Jaminan (bermaterai);</p>\r\n	</li>\r\n	<li>\r\n	<p>Fotocopy KTP dan ID Card Penjamin;</p>\r\n	</li>\r\n	<li>\r\n	<p>Fotocopy asuransi dan buku tabungan;</p>\r\n	</li>\r\n	<li>\r\n	<p>Surat Keterangan mempekerjakan parmuwisma;</p>\r\n	</li>\r\n	<li>\r\n	<p>Surat Pernyataan Tidak Bekerja;</p>\r\n	</li>\r\n	<li>\r\n	<p>Fotocopy Surat Perjanjian Sewa Tempat Tinggal;</p>\r\n	</li>\r\n	<li>\r\n	<p>Fotocopy SIUP dan dokumen Biro Perjalanan;</p>\r\n	</li>\r\n	<li>\r\n	<p>Paspor (asli dan fotocopy);</p>\r\n	</li>\r\n	<li>\r\n	<p>e-Visa;</p>\r\n	</li>\r\n	<li>\r\n	<p>Fotocopy cap/ stiker Kedatanagan (visa off shore);</p>\r\n	</li>\r\n	<li>\r\n	<p>Fotocopy cap/ stiker Izin Tinggal Terakhir (visa on shore);</p>\r\n	</li>\r\n	<li>\r\n	<p>Perdim 24 dan 25 (dapat diambil di Kantor Imigrasi); dan</p>\r\n	</li>\r\n	<li>\r\n	<p>Surat Kuasa bermaterai dan fotocopy KTP Penerima Kuasa.</p>\r\n	</li>\r\n</ol>\r\n\r\n<p>&nbsp;</p>\r\n\r\n<p>Syarat Perpanjangan Izin Tinggal Terbatas untuk Wisatawan Lansia</p>\r\n\r\n<ol>\r\n	<li>\r\n	<p>Surat Permohonan dari Penjamin;</p>\r\n	</li>\r\n	<li>\r\n	<p>Surat Jaminan (bermaterai);</p>\r\n	</li>\r\n	<li>\r\n	<p>Fotocopy KTP dan ID Card Penjamin;</p>\r\n	</li>\r\n	<li>\r\n	<p>Fotocopy asuransi dan buku tabungan;</p>\r\n	</li>\r\n	<li>\r\n	<p>Surat Keterangan mempekerjakan parmuwisma;</p>\r\n	</li>\r\n	<li>\r\n	<p>Surat Pernyataan Tidak Bekerja;</p>\r\n	</li>\r\n	<li>\r\n	<p>Fotocopy Surat Perjanjian Sewa Tempat Tinggal;</p>\r\n	</li>\r\n	<li>\r\n	<p>Fotocopy SIUP dan dokumen Biro Perjalanan;</p>\r\n	</li>\r\n	<li>\r\n	<p>Paspor (asli dan fotocopy);</p>\r\n	</li>\r\n	<li>\r\n	<p>e-KITAS;</p>\r\n	</li>\r\n	<li>\r\n	<p>Fotocopy cap/ stiker stiker ITAS;</p>\r\n	</li>\r\n	<li>\r\n	<p>Perdim 24 dan 25 (dapat diambil di Kantor Imigrasi);</p>\r\n	</li>\r\n	<li>\r\n	<p>Fotocopy Surat Keterangan Tempat Tinggal (SKTT) untuk perpanjangan ITAS ke-4 dan ke-5; dan</p>\r\n	</li>\r\n	<li>\r\n	<p>Surat Kuasa bermaterai dan fotocopy KTP Penerima Kuasa.</p>\r\n	</li>\r\n</ol>\r\n\r\n<p>&nbsp;</p>\r\n\r\n<p>Syarat Pengajuan Izin Tinggal Terbatas Baru untuk Staff Kedutaan</p>\r\n\r\n<ol>\r\n	<li>\r\n	<p>Surat Permohonan dari Penjamin;</p>\r\n	</li>\r\n	<li>\r\n	<p>Surat Jaminan (bermaterai);</p>\r\n	</li>\r\n	<li>\r\n	<p>Fotocopy KTP dan ID Card Penjamin;</p>\r\n	</li>\r\n	<li>\r\n	<p>Surat rekomendasi (Kemenlu);</p>\r\n	</li>\r\n	<li>\r\n	<p>Pengesahan RPTKA, Hasil Penilaian Kelayakan Pengesahan RPTKA, Notifikasi Pembayaran DKP-TKA, Bukti Pembayaran DKP-TKA (kecuali Konsuler);</p>\r\n	</li>\r\n	<li>\r\n	<p>ID Card Duta Besar (Kemenlu);</p>\r\n	</li>\r\n	<li>\r\n	<p>Paspor (asli dan fotocopy);</p>\r\n	</li>\r\n	<li>\r\n	<p>e-Visa;</p>\r\n	</li>\r\n	<li>\r\n	<p>Fotocopy cap/ stiker Kedatangan (visa off shore);</p>\r\n	</li>\r\n	<li>\r\n	<p>Fotocopy cap/ stiker Izin Tinggal Terakhir (visa on shore);</p>\r\n	</li>\r\n	<li>\r\n	<p>Perdim 24 dan 25 (dapat diambil di Kantor Imigrasi);</p>\r\n	</li>\r\n	<li>\r\n	<p>Surat Kuasa bermaterai dan fotocopy KTP Penerima Kuasa.</p>\r\n	</li>\r\n</ol>\r\n\r\n<p>&nbsp;</p>\r\n\r\n<p>Syarat Perpanjangan Izin Tinggal Terbatas untuk Staff Kedutaan</p>\r\n\r\n<ol>\r\n	<li>\r\n	<p>Surat Permohonan dari Penjamin;</p>\r\n	</li>\r\n	<li>\r\n	<p>Surat Jaminan (bermaterai);</p>\r\n	</li>\r\n	<li>\r\n	<p>Fotocopy KTP dan ID Card Penjamin;</p>\r\n	</li>\r\n	<li>\r\n	<p>Surat rekomendasi (Kemenlu);</p>\r\n	</li>\r\n	<li>\r\n	<p>Pengesahan RPTKA, Hasil Penilaian Kelayakan Pengesahan RPTKA, Notifikasi Pembayaran DKP-TKA, Bukti Pembayaran DKP-TKA (kecuali Konsuler);</p>\r\n	</li>\r\n	<li>\r\n	<p>ID Card Duta Besar (Kemenlu);</p>\r\n	</li>\r\n	<li>\r\n	<p>Paspor (asli dan fotocopy);</p>\r\n	</li>\r\n	<li>\r\n	<p>e-KITAS;</p>\r\n	</li>\r\n	<li>\r\n	<p>Fotocopy cap/ stiker ITAS;</p>\r\n	</li>\r\n	<li>\r\n	<p>Perdim 24 dan 25 (dapat diambil di Kantor Imigrasi);</p>\r\n	</li>\r\n	<li>\r\n	<p>Surat Kuasa bermaterai dan fotocopy KTP Penerima Kuasa.</p>\r\n	</li>\r\n</ol>','<p>&nbsp;</p>\r\n\r\n<p>Alur Proses Pengajuan Izin Tinggal Terbatas Baru</p>\r\n\r\n<p>Tahap 1:</p>\r\n\r\n<ol>\r\n	<li>\r\n	<p>Penyerahan dokumen persyaratan ke Kantor Imigrasi</p>\r\n	</li>\r\n	<li>\r\n	<p>Pembayaran PNBP melalui ATM atau transfer bank</p>\r\n	</li>\r\n</ol>\r\n\r\n<p>Tahap 2:</p>\r\n\r\n<ol>\r\n	<li>\r\n	<p>Entri data dan pemindaian dokumen</p>\r\n	</li>\r\n	<li>\r\n	<p>Pengambilan data biometrik</p>\r\n	</li>\r\n</ol>\r\n\r\n<p>Tahap 3:</p>\r\n\r\n<ol>\r\n	<li>\r\n	<p>Registrasi Nomor Izin Tinggal</p>\r\n	</li>\r\n	<li>\r\n	<p>Pemindaian dokumen</p>\r\n	</li>\r\n	<li>\r\n	<p>Penyerahan dokumen</p>\r\n	</li>\r\n</ol>','<table>\r\n	<tbody>\r\n		<tr>\r\n			<td>ITAS Paling Lama 6 (Enam) Bulan</td>\r\n			<td>Rp 1.000.000,-</td>\r\n		</tr>\r\n		<tr>\r\n			<td>ITAS Paling Lama 1 (Satu) Tahun</td>\r\n			<td>Rp 1.500.000,-</td>\r\n		</tr>\r\n		<tr>\r\n			<td>ITAS Paling Lama 2 (Dua) Tahun</td>\r\n			<td>Rp 2.000.000,-</td>\r\n		</tr>\r\n	</tbody>\r\n</table>'),(8,'Test','2023-07-13 02:20:37.890351','asdf','STANDAR','','',''),(9,'Izin Tinggal Tetap','2023-08-15 06:15:02.167135','<h3>IZIN TINGGAL TETAP</h3>\r\n\r\n<p>Syarat Perpanjangan KITAP Pemimpin Tertinggi di Perusahaan</p>\r\n\r\n<ol>\r\n	<li>\r\n	<p>Surat Permohonan dari Penjamin;</p>\r\n	</li>\r\n	<li>\r\n	<p>Surat Jaminan (bermaterai);</p>\r\n	</li>\r\n	<li>\r\n	<p>Fotocopy KTP dan ID Card Penjamin;</p>\r\n	</li>\r\n	<li>\r\n	<p>Fotocopy Pengesahan RPTKA lama;</p>\r\n	</li>\r\n	<li>\r\n	<p>Fotocopy Pengesahan RPTKA, Hasil Penilaian Kelayakan Pengesahan RPTKA, Notifikasi Pembayaran DKPTKA, Bukti Pembayaran DKPTKA;</p>\r\n	</li>\r\n	<li>\r\n	<p>Dokumen perusahaan: Akta Pendirian Perusahaan, Surat Pengesahan Pendirian Badan Hukum dari AHU, Izin Usaha, Izin Lokasi, Nomor Induk Berusaha (NIB), NPWP Perusahaan;</p>\r\n	</li>\r\n	<li>\r\n	<p>Fotocopy KTP WNA;</p>\r\n	</li>\r\n	<li>\r\n	<p>Paspor (asli dan fotocopy);</p>\r\n	</li>\r\n	<li>\r\n	<p>KITAP (asli dan fotocopy);</p>\r\n	</li>\r\n	<li>\r\n	<p>Fotocopy cap/ stiker ITAP;</p>\r\n	</li>\r\n	<li>\r\n	<p>Perdim 24 dan 25 (dapat diambil di Kantor Imigrasi);</p>\r\n	</li>\r\n	<li>\r\n	<p>Surat Kuasa (bermaterai) dan fotocopy KTP Penerima Kuasa.</p>\r\n	</li>\r\n</ol>','STANDAR','<p>Syarat Perpanjangan KITAP Keluarga Pemimpin Tertinggi di Perusahaan</p>\r\n\r\n<ol>\r\n	<li>\r\n	<p>Surat Permohonan dari Penjamin;</p>\r\n	</li>\r\n	<li>\r\n	<p>Surat Jaminan (bermaterai);</p>\r\n	</li>\r\n	<li>\r\n	<p>Fotocopy KTP dan ID Card Penjamin;</p>\r\n	</li>\r\n	<li>\r\n	<p>Fotocopy Kartu Keluarga (family register);</p>\r\n	</li>\r\n	<li>\r\n	<p>Fotocopy Pengesahan RPTKA;</p>\r\n	</li>\r\n	<li>\r\n	<p>KITAP TKA;</p>\r\n	</li>\r\n	<li>\r\n	<p>Fotocopy KTP WNA;</p>\r\n	</li>\r\n	<li>\r\n	<p>Paspor (asli dan fotocopy);</p>\r\n	</li>\r\n	<li>\r\n	<p>Fotocopy cap/ stiker ITAP;</p>\r\n	</li>\r\n	<li>\r\n	<p>Perdim 24 dan 25 (dapat diambil di Kantor Imigrasi);</p>\r\n	</li>\r\n	<li>\r\n	<p>Surat Kuasa (bermaterai) dan fotocopy KTP Penerima Kuasa.</p>\r\n	</li>\r\n</ol>\r\n\r\n<p>&nbsp;</p>\r\n\r\n<p>Syarat Perpanjangan KITAP Investor</p>\r\n\r\n<ol>\r\n	<li>\r\n	<p>Surat Permohonan dari Penjamin;</p>\r\n	</li>\r\n	<li>\r\n	<p>Surat Jaminan (bermaterai);</p>\r\n	</li>\r\n	<li>\r\n	<p>Fotocopy KTP dan ID Card Penjamin;</p>\r\n	</li>\r\n	<li>\r\n	<p>Fotocopy Dokumen Perusahaan: Akta Pendirian Perusahaan, Izin Usaha, Nomor Induk Berusaha (NIB);</p>\r\n	</li>\r\n	<li>\r\n	<p>Fotocopy KTP WNA;</p>\r\n	</li>\r\n	<li>\r\n	<p>Paspor (asli dan fotocopy);</p>\r\n	</li>\r\n	<li>\r\n	<p>KITAP (asli dan fotocopy);</p>\r\n	</li>\r\n	<li>\r\n	<p>Fotocopy cap/ stiker ITAP;</p>\r\n	</li>\r\n	<li>\r\n	<p>Surat rekomendasi BKPM;</p>\r\n	</li>\r\n	<li>\r\n	<p>Perdim 24 dan 25 (dapat diambil di Kantor Imigrasi); dan</p>\r\n	</li>\r\n	<li>\r\n	<p>Surat Kuasa (bermaterai) dan FC KTP Penerima Kuasa.</p>\r\n	</li>\r\n</ol>\r\n\r\n<p>&nbsp;</p>\r\n\r\n<p>Syarat Perpanjangan KITAP Penyatuan Keluarga WNI</p>\r\n\r\n<ol>\r\n	<li>\r\n	<p>Surat Permohonan dari Penjamin;</p>\r\n	</li>\r\n	<li>\r\n	<p>Surat Jaminan (bermaterai);</p>\r\n	</li>\r\n	<li>\r\n	<p>Fotocopy KTP dan Kartu Keluarga (KK) Penjamin;</p>\r\n	</li>\r\n	<li>\r\n	<p>Akta lahir penjamin;</p>\r\n	</li>\r\n	<li>\r\n	<p>Fotocopy akta nikah dan lapor nikah (jika menikah di luar negeri, akta nikah diterjemahkan oleh Penerjemah Tersumpah);</p>\r\n	</li>\r\n	<li>\r\n	<p>Fotocopy akta lahir (untuk anak);</p>\r\n	</li>\r\n	<li>\r\n	<p>Fotocopy KTP WNA;</p>\r\n	</li>\r\n	<li>\r\n	<p>Paspor (asli dan fotocopy);</p>\r\n	</li>\r\n	<li>\r\n	<p>KITAP (asli dan fotocopy);</p>\r\n	</li>\r\n	<li>\r\n	<p>Fotocopy cap/ stiker ITAP;</p>\r\n	</li>\r\n	<li>\r\n	<p>Perdim 24 dan 25 (dapat diambil di Kantor Imigrasi);</p>\r\n	</li>\r\n	<li>\r\n	<p>Surat Kuasa (bermaterai) dan fotocopy Penerima Kuasa</p>\r\n	</li>\r\n</ol>\r\n\r\n<p>&nbsp;</p>\r\n\r\n<p>Syarat Perpanjangan KITAP Eks WNI dalam Rangka Repatriasi</p>\r\n\r\n<ol>\r\n	<li>\r\n	<p>Surat Permohonan dari Penjamin;</p>\r\n	</li>\r\n	<li>\r\n	<p>Surat Jaminan (bermaterai);</p>\r\n	</li>\r\n	<li>\r\n	<p>Fotocopy KTP dan Kartu Keluarga (KK) Penjamin;</p>\r\n	</li>\r\n	<li>\r\n	<p>Fotocopy Dokumen WNI (KTP/ Akta Lahir/ Ijazah/ Paspor RI);</p>\r\n	</li>\r\n	<li>\r\n	<p>Fotocopy KTP WNA;</p>\r\n	</li>\r\n	<li>\r\n	<p>Paspor (asli dan fotocopy);</p>\r\n	</li>\r\n	<li>\r\n	<p>KITAP (asli dan fotocopy);</p>\r\n	</li>\r\n	<li>\r\n	<p>Fotocopy cap/ stiker ITAP;</p>\r\n	</li>\r\n	<li>\r\n	<p>Perdim 24 dan 25 (dapat diambil di Kantor Imigrasi); dan</p>\r\n	</li>\r\n	<li>\r\n	<p>Surat Kuasa (bermaterai) dan FC KTP Penerima Kuasa.</p>\r\n	</li>\r\n</ol>\r\n\r\n<p>&nbsp;</p>\r\n\r\n<p>Syarat Perpanjangan KITAP Wisatawan Lansia</p>\r\n\r\n<ol>\r\n	<li>\r\n	<p>Surat Permohonan dari Penjamin;</p>\r\n	</li>\r\n	<li>\r\n	<p>Surat Jaminan (bermaterai);</p>\r\n	</li>\r\n	<li>\r\n	<p>Fotocopy KTP Penjamin;</p>\r\n	</li>\r\n	<li>\r\n	<p>Fotocopy asuransi dan buku tabungan;</p>\r\n	</li>\r\n	<li>\r\n	<p>Surat Keterangan Mempekerjakan Pramuwisma;</p>\r\n	</li>\r\n	<li>\r\n	<p>Surat Pernyataan Tidak Bekerja;</p>\r\n	</li>\r\n	<li>\r\n	<p>Fotocopy Surat Perjanjian Sewa Tempat Tinggal;</p>\r\n	</li>\r\n	<li>\r\n	<p>Fotocopy SIUP dan Dokumen Biro Perjalanan;</p>\r\n	</li>\r\n	<li>\r\n	<p>Fotocopy KTP WNA;</p>\r\n	</li>\r\n	<li>\r\n	<p>Paspor (asli dan fotocopy);</p>\r\n	</li>\r\n	<li>\r\n	<p>KITAP (asli dan fotocopy);</p>\r\n	</li>\r\n	<li>\r\n	<p>Fotocopy cap/ stiker ITAP;</p>\r\n	</li>\r\n	<li>\r\n	<p>Perdim 24 dan 25 (dapat diambil di Kantor Imigrasi); dan</p>\r\n	</li>\r\n	<li>\r\n	<p>Surat Kuasa (bermaterai) dan FC KTP Penerima Kuasa.</p>\r\n	</li>\r\n</ol>\r\n\r\n<p>&nbsp;</p>\r\n\r\n<p>Syarat Perpanjangan KITAP Tak Terbatas</p>\r\n\r\n<ol>\r\n	<li>\r\n	<p>Surat Permohonan dari Penjamin;</p>\r\n	</li>\r\n	<li>\r\n	<p>Surat Jaminan (bermaterai);</p>\r\n	</li>\r\n	<li>\r\n	<p>Fotocopy KTP dan ID Card Penjamin;</p>\r\n	</li>\r\n	<li>\r\n	<p>Paspor (asli dan fotocopy);</p>\r\n	</li>\r\n	<li>\r\n	<p>KITAP (asli dan fotocopy);</p>\r\n	</li>\r\n	<li>\r\n	<p>Fotocopy KTP WNA;</p>\r\n	</li>\r\n	<li>\r\n	<p>Fotocopy cap/ stiker ITAP;</p>\r\n	</li>\r\n	<li>\r\n	<p>Dokumen Pendukung:</p>\r\n	</li>\r\n	<li>\r\n	<p>TKA: fotocopy Pengesahan RPTKA, Hasil Penilaian Kelayakan Pengesahan RPTKA, Notifikasi Pembayaran DKPTKA, dan Bukti Pembayaran DKPTKA</p>\r\n	</li>\r\n	<li>\r\n	<p>Investor: Nomor Izin Berusaha dan Izin Usaha;</p>\r\n	</li>\r\n	<li>\r\n	<p>Penyatuan Keluarga WNI: fotocopy KK, Akta Lahir, dan Akta Nikah;</p>\r\n	</li>\r\n	<li>\r\n	<p>Repatriasi: Dokumen WNI (KTP/Akta Lahir/Ijazah/Paspor RI);</p>\r\n	</li>\r\n	<li>\r\n	<p>Wisatawan Lansia : Dokumen Biro Perjalanan (Penjamin);</p>\r\n	</li>\r\n	<li value=\"9\">\r\n	<p>Perdim 24 dan 25 (dapat diambil di Kantor Imigrasi); dan</p>\r\n	</li>\r\n	<li>\r\n	<p>Surat Kuasa (bermaterai) dan FC KTP Penerima Kuasa.</p>\r\n	</li>\r\n</ol>\r\n\r\n<p>&nbsp;</p>\r\n\r\n<p>Syarat Penerbitan Duplikat KITAP</p>\r\n\r\n<ol>\r\n	<li>\r\n	<p>Surat Permohonan dari Penjamin;</p>\r\n	</li>\r\n	<li>\r\n	<p>Surat Jaminan (bermaterai);</p>\r\n	</li>\r\n	<li>\r\n	<p>Fotocopy KTP dan ID Card Penjamin;</p>\r\n	</li>\r\n	<li>\r\n	<p>Surat Keterangan Kehilangan Dokumen dari Kepolisian;</p>\r\n	</li>\r\n	<li>\r\n	<p>Paspor (asli dan fotocopy);</p>\r\n	</li>\r\n	<li>\r\n	<p>KITAP (asli dan fotocopy);</p>\r\n	</li>\r\n	<li>\r\n	<p>Fotocopy KTP WNA;</p>\r\n	</li>\r\n	<li>\r\n	<p>Fotocopy cap/ stiker ITAP;</p>\r\n	</li>\r\n	<li>\r\n	<p>Dokumen Pendukung:</p>\r\n	</li>\r\n	<li>\r\n	<p>Tenaga Kerja Asing: fotocopy Pengesahan RPTKA, Hasil Penilaian Kelayakan Pengesahan RPTKA, Notifikasi Pembayaran DKPTKA, dan Bukti Pembayaran DKPTKA;</p>\r\n	</li>\r\n	<li>\r\n	<p>Investor: Akta Perusahaan, Nomor Izin Berusaha, dan Izin Usaha;</p>\r\n	</li>\r\n	<li>\r\n	<p>Penyatuan Keluarga WNI: FC KK, Akta Lahir dan Akta Nikah;</p>\r\n	</li>\r\n	<li>\r\n	<p>Repatriasi: Dokumen WNI (KTP/Akta Lahir/Ijazah/Paspor RI);</p>\r\n	</li>\r\n	<li>\r\n	<p>Wisatawan Lansia : Dokumen Biro Perjalanan (Penjamin);</p>\r\n	</li>\r\n	<li value=\"10\">\r\n	<p>Perdim 24 dan 25 (dapat diambil di Kantor Imigrasi) ; dan</p>\r\n	</li>\r\n	<li>\r\n	<p>Surat Kuasa (bermaterai) dan FC KTP Penerima Kuasa.</p>\r\n	</li>\r\n</ol>\r\n\r\n<p>&nbsp;</p>\r\n\r\n<p>Syarat Permohonan KITAP Anak Eks Kewarganegaraan Ganda yang Memilih Menjadi WNA</p>\r\n\r\n<ol>\r\n	<li>\r\n	<p>Surat Permohonan dan Penjamin;</p>\r\n	</li>\r\n	<li>\r\n	<p>Surat Jaminan;</p>\r\n	</li>\r\n	<li>\r\n	<p>Fotocopy KTP dan Kartu Keluarga Penjamin;</p>\r\n	</li>\r\n	<li>\r\n	<p>Fotocopy Akta Nikah dan Lapor Nikah Orang Tua (jika pernikahan dilakukan di luar negeri, akta nikah diterjemahkan oleh Penerjemah Tersumpah);</p>\r\n	</li>\r\n	<li>\r\n	<p>Fotocopy Surat Keputusan Menteri;</p>\r\n	</li>\r\n	<li>\r\n	<p>Fotocopy Surat Pengembalian Dokumen Keimigrasian dari Kantor Imigrasi;</p>\r\n	</li>\r\n	<li>\r\n	<p>Fotocopy Akta Lahir anak;</p>\r\n	</li>\r\n	<li>\r\n	<p>Paspor (asli dan fotocopy);</p>\r\n	</li>\r\n	<li>\r\n	<p>Perdim 24 dan 25 (dapat diambil di Kantor Imigrasi); dan</p>\r\n	</li>\r\n	<li>\r\n	<p>Surat Kuasa (bermaterai) dan fotocopy KTP Penerima Kuasa.</p>\r\n	</li>\r\n</ol>','<p>Alur Proses Perpanjangan KITAP</p>\r\n\r\n<ol>\r\n	<li>\r\n	<p>Penyerahan Dokumen ke Kantor Imigrasi;</p>\r\n	</li>\r\n	<li>\r\n	<p>Pembayaran PNBP (ATM atau Transfer Bank);</p>\r\n	</li>\r\n	<li>\r\n	<p>Entri Data dan Pemindaian Dokumen;</p>\r\n	</li>\r\n	<li>\r\n	<p>Cek Lapangan (3 hari kerja setelah pembayaran);</p>\r\n	</li>\r\n	<li>\r\n	<p>Pengambilan Data Biometrik (3 hari kerja setelah cek lapangan);</p>\r\n	</li>\r\n	<li>\r\n	<p>Persetujuan Kepala Kantor (3 hari kerja);</p>\r\n	</li>\r\n	<li>\r\n	<p>Persetujuan Kantor Wilayah (7 hari kerja);</p>\r\n	</li>\r\n	<li>\r\n	<p>Persetujuan Direktorat Jenderal Imigrasi (7 hari kerja);</p>\r\n	</li>\r\n	<li>\r\n	<p>Registrasi Nomor Izin Tinggal;</p>\r\n	</li>\r\n	<li>\r\n	<p>Penyerahan Dokumen (3 hari kerja).</p>\r\n	</li>\r\n</ol>','<p>Tarif PNBP</p>\r\n\r\n<h5>&nbsp;</h5>\r\n\r\n<table>\r\n	<tbody>\r\n		<tr>\r\n			<td>ITAP Masa Berlaku 5 (Lima) Tahun</td>\r\n			<td>Rp 5.000.000,-</td>\r\n		</tr>\r\n		<tr>\r\n			<td>Perpanjangan ITAP Jangka Waktu Tidak Terbatas</td>\r\n			<td>Rp 10.200.000,-</td>\r\n		</tr>\r\n		<tr>\r\n			<td>ITAP Tidak dalam Rangka Bekerja untuk Rumah Kedua dengan Masa Tinggal Paling Lama 5 Tahun</td>\r\n			<td>Rp 15.000.000,-</td>\r\n		</tr>\r\n		<tr>\r\n			<td>ITAP Tidak dalam Rangka Bekerja untuk Rumah Kedua bagi Pengikut (Suami/Istri/Anak/Orang Tua) dengan Masa Tinggal Paling Lama 5 Tahun</td>\r\n			<td>Rp 5.000.000,- per orang</td>\r\n		</tr>\r\n		<tr>\r\n			<td>ITAP Tidak dalam Rangka Bekerja untuk Rumah Kedua dengan Jangka Waktu Tidak Terbatas</td>\r\n			<td>Rp 30.000.000,-</td>\r\n		</tr>\r\n		<tr>\r\n			<td>ITAP Tidak dalam Rangka Bekerja untuk Rumah Kedua bagi Pengikut (Suami/Istri/Anak/Orang Tua) dengan dengan Jangka Waktu Tidak Terbatas</td>\r\n			<td>Rp 15.000.000,- per orang</td>\r\n		</tr>\r\n	</tbody>\r\n</table>'),(10,'Alih Status Izin Tinggal','2023-08-15 04:14:43.453405','<p>Syarat Alih Status ITK ke ITAS Keluarga TKA</p>\r\n\r\n<p>&nbsp;</p>\r\n\r\n<ol>\r\n	<li>\r\n	<p>Surat Permohonan dari Penjamin;</p>\r\n	</li>\r\n	<li>\r\n	<p>Surat Jaminan (bermaterai);</p>\r\n	</li>\r\n	<li>\r\n	<p>Surat Tidak Keberatan Alih Penjamin (jika penjamin ITK dan ITAS berbeda);</p>\r\n	</li>\r\n	<li>\r\n	<p>Fotocopy KTP dan ID Card Penjamin;</p>\r\n	</li>\r\n	<li>\r\n	<p>Fotocopy Kartu Keluarga (Family Register);</p>\r\n	</li>\r\n	<li>\r\n	<p>Paspor (asli dan fotocopy);</p>\r\n	</li>\r\n	<li>\r\n	<p>e-Visa Kunjungan;</p>\r\n	</li>\r\n	<li>\r\n	<p>fotocopy cap/ stiker ITK;</p>\r\n	</li>\r\n	<li>\r\n	<p>e-KITAS TKA;</p>\r\n	</li>\r\n	<li>\r\n	<p>Fotocopy Pengesahan RPTKA, Hasil Penilaian Kelayakan Pengesahan RPTKA, Notifikasi Pembayaran DKPTKA, Bukti Pembayaran DKPTKA;</p>\r\n	</li>\r\n	<li>\r\n	<p>Dokumen Perusahaan:</p>\r\n	</li>\r\n	<li>\r\n	<p>Akta Pendirian Perusahaan</p>\r\n	</li>\r\n	<li>\r\n	<p>Surat Pengesahan Pendirian Badan Hukum dari AHU</p>\r\n	</li>\r\n	<li>\r\n	<p>Izin Usaha</p>\r\n	</li>\r\n	<li>\r\n	<p>Izin Lokasi</p>\r\n	</li>\r\n	<li>\r\n	<p>Nomor Induk Berusaha (NIB)</p>\r\n	</li>\r\n	<li>\r\n	<p>NPWP Perusahaan</p>\r\n	</li>\r\n	<li value=\"12\">\r\n	<p>Perdim 23,25 dan 27 (dapat diambil di Kantor Imigrasi);</p>\r\n	</li>\r\n	<li>\r\n	<p>Surat Kuasa (bermaterai) dan FC KTP Penerima Kuasa;</p>\r\n	</li>\r\n</ol>\r\n\r\n<p>Note: Permohonan diajukan saat izin tinggal berlaku &gt; 30 hari</p>','STANDAR','<h3><strong>ALIH STATUS ITK KE ITAS</strong></h3>\r\n\r\n<p><strong>Syarat Alih Status ITK ke ITAS Keluarga TKA</strong></p>\r\n\r\n<ol>\r\n	<li>\r\n	<p>Surat Permohonan dari Penjamin;</p>\r\n	</li>\r\n	<li>\r\n	<p>Surat Jaminan (bermaterai);</p>\r\n	</li>\r\n	<li>\r\n	<p>Surat Tidak Keberatan Alih Penjamin (jika penjamin ITK dan ITAS berbeda);</p>\r\n	</li>\r\n	<li>\r\n	<p>Fotocopy KTP dan ID Card Penjamin;</p>\r\n	</li>\r\n	<li>\r\n	<p>Fotocopy Kartu Keluarga (Family Register);</p>\r\n	</li>\r\n	<li>\r\n	<p>Paspor (asli dan fotocopy);</p>\r\n	</li>\r\n	<li>\r\n	<p>e-Visa Kunjungan;</p>\r\n	</li>\r\n	<li>\r\n	<p>fotocopy cap/ stiker ITK;</p>\r\n	</li>\r\n	<li>\r\n	<p>e-KITAS TKA;</p>\r\n	</li>\r\n	<li>\r\n	<p>Fotocopy Pengesahan RPTKA, Hasil Penilaian Kelayakan Pengesahan RPTKA, Notifikasi Pembayaran DKPTKA, Bukti Pembayaran DKPTKA;</p>\r\n	</li>\r\n	<li>\r\n	<p>Dokumen Perusahaan:</p>\r\n	</li>\r\n	<li>\r\n	<p>Akta Pendirian Perusahaan</p>\r\n	</li>\r\n	<li>\r\n	<p>Surat Pengesahan Pendirian Badan Hukum dari AHU</p>\r\n	</li>\r\n	<li>\r\n	<p>Izin Usaha</p>\r\n	</li>\r\n	<li>\r\n	<p>Izin Lokasi</p>\r\n	</li>\r\n	<li>\r\n	<p>Nomor Induk Berusaha (NIB)</p>\r\n	</li>\r\n	<li>\r\n	<p>NPWP Perusahaan</p>\r\n	</li>\r\n	<li value=\"12\">\r\n	<p>Perdim 23,25 dan 27 (dapat diambil di Kantor Imigrasi);</p>\r\n	</li>\r\n	<li>\r\n	<p>Surat Kuasa (bermaterai) dan FC KTP Penerima Kuasa;</p>\r\n	</li>\r\n</ol>\r\n\r\n<p>Note: Permohonan diajukan saat izin tinggal berlaku &gt; 30 hari</p>\r\n\r\n<p>&nbsp;</p>\r\n\r\n<p><strong>Syarat Alih Status ITK ke ITAS TKA</strong></p>\r\n\r\n<ol>\r\n	<li>\r\n	<p>Surat Permohonan dari Penjamin;</p>\r\n	</li>\r\n	<li>\r\n	<p>Surat Jaminan (bermaterai);</p>\r\n	</li>\r\n	<li>\r\n	<p>Surat Tidak Keberatan Alih Penjamin (jika penjamin ITK dan ITAS berbeda);</p>\r\n	</li>\r\n	<li>\r\n	<p>Fotocopy KTP dan ID Card Penjamin;</p>\r\n	</li>\r\n	<li>\r\n	<p>Paspor (asli dan fotocopy);</p>\r\n	</li>\r\n	<li>\r\n	<p>e-Visa Kunjungan;</p>\r\n	</li>\r\n	<li>\r\n	<p>Fotocopy cap/ stiker ITK;</p>\r\n	</li>\r\n	<li>\r\n	<p>Fotocopy Pengesahan RPTKA, Hasil Penilaian Kelayakan Pengesahan RPTKA, Notifikasi Pembayaran DKPTKA, Bukti Pembayaran DKPTKA;</p>\r\n	</li>\r\n	<li>\r\n	<p>Dokumen Perusahaan:</p>\r\n	</li>\r\n	<li>\r\n	<p>Akta Pendirian Perusahaan</p>\r\n	</li>\r\n	<li>\r\n	<p>Surat Pengesahan Pendirian Badan Hukum dari AHU</p>\r\n	</li>\r\n	<li>\r\n	<p>Izin Usaha</p>\r\n	</li>\r\n	<li>\r\n	<p>Izin Lokasi</p>\r\n	</li>\r\n	<li>\r\n	<p>Nomor Induk Berusaha (NIB)</p>\r\n	</li>\r\n	<li>\r\n	<p>NPWP Perusahaan</p>\r\n	</li>\r\n	<li value=\"10\">\r\n	<p>Perdim 23,25, dan 27 (dapat diambil di Kantor Imigrasi); dan</p>\r\n	</li>\r\n	<li>\r\n	<p>Surat Kuasa (bermaterai) dan FC KTP Penerima Kuasa.</p>\r\n	</li>\r\n</ol>\r\n\r\n<p>Note: Permohonan diajukan saat izin tinggal berlaku &gt; 30 hari</p>\r\n\r\n<p>&nbsp;</p>\r\n\r\n<p><strong>Syarat Alih Status ITK ke ITAS Investor</strong></p>\r\n\r\n<ol>\r\n	<li>\r\n	<p>Surat Permohonan dari Penjamin;</p>\r\n	</li>\r\n	<li>\r\n	<p>Surat Jaminan (bermaterai);</p>\r\n	</li>\r\n	<li>\r\n	<p>Surat Tidak Keberatan Alih Penjamin (jika penjamin ITK dan ITAS berbeda);</p>\r\n	</li>\r\n	<li>\r\n	<p>Fotocopy KTP dan ID Card Penjamin;</p>\r\n	</li>\r\n	<li>\r\n	<p>Fotocopy Akta Pendirian Perusahaan;</p>\r\n	</li>\r\n	<li>\r\n	<p>Surat Rekomendasi BKPM;</p>\r\n	</li>\r\n	<li>\r\n	<p>Paspor (asli dan fotocopy);</p>\r\n	</li>\r\n	<li>\r\n	<p>e-Visa Kunjungan;</p>\r\n	</li>\r\n	<li>\r\n	<p>Fotocopy cap/ stiker ITK;</p>\r\n	</li>\r\n	<li>\r\n	<p>Perdim 23,25, dan 27 (dapat diambil di Kantor Imigrasi); dan</p>\r\n	</li>\r\n	<li>\r\n	<p>Surat Kuasa (bermaterai) dan FC KTP Penerima Kuasa.</p>\r\n	</li>\r\n</ol>\r\n\r\n<p>Note: Permohonan diajukan saat izin tinggal berlaku &gt; 30 hari</p>\r\n\r\n<p>&nbsp;</p>\r\n\r\n<p><strong>Syarat Alih Status ITK ke ITAS Peneliti</strong></p>\r\n\r\n<ol>\r\n	<li>\r\n	<p>Surat Permohonan dari Penjamin;</p>\r\n	</li>\r\n	<li>\r\n	<p>Surat Jaminan (bermaterai);</p>\r\n	</li>\r\n	<li>\r\n	<p>Surat Tidak Keberatan Alih Penjamin (jika penjamin ITK dan ITAS berbeda);</p>\r\n	</li>\r\n	<li>\r\n	<p>Fotocopy KTP dan ID Card Penjamin;</p>\r\n	</li>\r\n	<li>\r\n	<p>Surat Izin Penelitian dari instansi terkait;</p>\r\n	</li>\r\n	<li>\r\n	<p>Paspor (asli dan fotocopy);</p>\r\n	</li>\r\n	<li>\r\n	<p>e-Visa Kunjungan;</p>\r\n	</li>\r\n	<li>\r\n	<p>Fotocopy cap/ stiker ITK;</p>\r\n	</li>\r\n	<li>\r\n	<p>Perdim 23,25, dan 27 (dapat diambil di Kantor Imigrasi); dan</p>\r\n	</li>\r\n	<li>\r\n	<p>Surat Kuasa (bermaterai) dan FC KTP Penerima Kuasa</p>\r\n	</li>\r\n</ol>\r\n\r\n<p>Note: Permohonan diajukan saat izin tinggal berlaku &gt; 30 hari</p>\r\n\r\n<p>&nbsp;</p>\r\n\r\n<p><strong>Syarat Alih Status ITK ke ITAS Pelajar</strong></p>\r\n\r\n<ol>\r\n	<li>\r\n	<p>Surat Permohonan dari Penjamin;</p>\r\n	</li>\r\n	<li>\r\n	<p>Surat Jaminan (bermaterai);</p>\r\n	</li>\r\n	<li>\r\n	<p>Surat Tidak Keberatan Alih Penjamin (jika penjamin ITK dan ITAS berbeda);</p>\r\n	</li>\r\n	<li>\r\n	<p>Fotocopy KTP dan ID Card Penjamin;</p>\r\n	</li>\r\n	<li>\r\n	<p>Surat Izin Belajar dari instansi terkait;</p>\r\n	</li>\r\n	<li>\r\n	<p>Paspor (asli dan fotocopy);</p>\r\n	</li>\r\n	<li>\r\n	<p>e-Visa Kunjungan;</p>\r\n	</li>\r\n	<li>\r\n	<p>Fotocopy cap/ stiker ITK;</p>\r\n	</li>\r\n	<li>\r\n	<p>Perdim 23,25, dan 27 (dapat diambil di Kantor Imigrasi); dan</p>\r\n	</li>\r\n	<li>\r\n	<p>Surat Kuasa (bermaterai) dan FC KTP Penerima Kuasa.</p>\r\n	</li>\r\n</ol>\r\n\r\n<p>Note: Permohonan diajukan saat izin tinggal berlaku &gt; 30 hari</p>\r\n\r\n<p>&nbsp;</p>\r\n\r\n<p><strong>Syarat Alih Status ITK ke ITAS Penyatuan Keluarga WNI</strong></p>\r\n\r\n<ol>\r\n	<li>\r\n	<p>Surat Permohonan dari Penjamin;</p>\r\n	</li>\r\n	<li>\r\n	<p>Surat Jaminan (bermaterai);</p>\r\n	</li>\r\n	<li>\r\n	<p>Surat Tidak Keberatan Alih Penjamin (jika penjamin ITK dan ITAS berbeda);</p>\r\n	</li>\r\n	<li>\r\n	<p>Fotocopy KTP dan ID Card Penjamin;</p>\r\n	</li>\r\n	<li>\r\n	<p>Surat Izin Belajar dari instansi terkait;</p>\r\n	</li>\r\n	<li>\r\n	<p>Paspor (asli dan fotocopy);</p>\r\n	</li>\r\n	<li>\r\n	<p>e-Visa Kunjungan;</p>\r\n	</li>\r\n	<li>\r\n	<p>Fotocopy cap/ stiker ITK;</p>\r\n	</li>\r\n	<li>\r\n	<p>Perdim 23,25, dan 27 (dapat diambil di Kantor Imigrasi); dan</p>\r\n	</li>\r\n	<li>\r\n	<p>Surat Kuasa (bermaterai) dan FC KTP Penerima Kuasa.</p>\r\n	</li>\r\n</ol>\r\n\r\n<p>Note: Permohonan diajukan saat izin tinggal berlaku &gt; 30 hari</p>\r\n\r\n<p>&nbsp;</p>\r\n\r\n<p><strong>Syarat Alih Status ITK ke ITAS Wisatawan Lansia</strong></p>\r\n\r\n<ol>\r\n	<li>\r\n	<p>Surat Permohonan dari Penjamin;</p>\r\n	</li>\r\n	<li>\r\n	<p>Surat Jaminan (bermaterai);</p>\r\n	</li>\r\n	<li>\r\n	<p>Surat Tidak Keberatan Alih Penjamin (jika penjamin ITK dan ITAS berbeda);</p>\r\n	</li>\r\n	<li>\r\n	<p>Fotocopy KTP dan ID Card Penjamin;</p>\r\n	</li>\r\n	<li>\r\n	<p>Fotocopy asuransi dan buku tabungan;</p>\r\n	</li>\r\n	<li>\r\n	<p>Surat Keterangan Memperkerjakan Pramuwisma;</p>\r\n	</li>\r\n	<li>\r\n	<p>Surat Pernyataan Tidak Bekerja;</p>\r\n	</li>\r\n	<li>\r\n	<p>Fotocopy Surat Perjanjian Sewa Tempat Tinggal;</p>\r\n	</li>\r\n	<li>\r\n	<p>Fotocopy SIUP dan Dokumen Biro Perjalanan;</p>\r\n	</li>\r\n	<li>\r\n	<p>Paspor (asli dan fotocopy);</p>\r\n	</li>\r\n	<li>\r\n	<p>e-Visa Kunjungan;</p>\r\n	</li>\r\n	<li>\r\n	<p>Fotocopy cap/ stiker ITK;</p>\r\n	</li>\r\n	<li>\r\n	<p>Perdim 23,25, dan 27 (dapat diambil di Kantor Imigrasi); dan</p>\r\n	</li>\r\n	<li>\r\n	<p>Surat Kuasa (bermaterai) dan FC KTP Penerima Kuasa.</p>\r\n	</li>\r\n</ol>\r\n\r\n<p>Note: Permohonan diajukan saat izin tinggal berlaku &gt; 30 hari</p>\r\n\r\n<p>&nbsp;</p>\r\n\r\n<p><strong>Syarat Alih Status ITK ke ITAS Bagi Eks WNI dalam Rangka Repatriasi</strong></p>\r\n\r\n<ol>\r\n	<li>\r\n	<p>Surat Permohonan dari Penjamin;</p>\r\n	</li>\r\n	<li>\r\n	<p>Surat Jaminan (bermaterai);</p>\r\n	</li>\r\n	<li>\r\n	<p>Surat Tidak Keberatan Alih Penjamin (jika penjamin ITK dan ITAS berbeda);</p>\r\n	</li>\r\n	<li>\r\n	<p>Fotocopy KTP dan Kartu Keluarga (KK) Penjamin;</p>\r\n	</li>\r\n	<li>\r\n	<p>Fotocopy Dokumen WNI (KTP/ Akta Lahir/ Ijazah/ Paspor RI);</p>\r\n	</li>\r\n	<li>\r\n	<p>Paspor (asli dan fotocopy);</p>\r\n	</li>\r\n	<li>\r\n	<p>e-Visa Kunjungan;</p>\r\n	</li>\r\n	<li>\r\n	<p>Fotocopy cap/ stiker ITK;</p>\r\n	</li>\r\n	<li>\r\n	<p>Perdim 23,25, dan 27 (dapat diambil di Kantor Imigrasi); dan</p>\r\n	</li>\r\n	<li>\r\n	<p>Surat Kuasa (bermaterai) dan FC KTP Penerima Kuasa.</p>\r\n	</li>\r\n</ol>\r\n\r\n<p>Note: Permohonan diajukan saat izin tinggal berlaku &gt; 30 hari</p>\r\n\r\n<p>&nbsp;</p>\r\n\r\n<p><strong>Syarat Alih Status ITK ke ITAS Bagi Staff kedutaan</strong></p>\r\n\r\n<ol>\r\n	<li>\r\n	<p>Surat Permohonan dari Penjamin;</p>\r\n	</li>\r\n	<li>\r\n	<p>Surat Jaminan (bermaterai);</p>\r\n	</li>\r\n	<li>\r\n	<p>Surat Tidak Keberatan Alih Penjamin (jika penjamin ITK dan ITAS berbeda);</p>\r\n	</li>\r\n	<li>\r\n	<p>Fotocopy KTP Penjamin;</p>\r\n	</li>\r\n	<li>\r\n	<p>Surat Rekomendasi (Kemenlu);</p>\r\n	</li>\r\n	<li>\r\n	<p>Pengesahan RPTKA, Hasil Peniliaian Kelayakan Pengesahan RPTKA, Notifikasi Pembayaran DKPTKA, Bukti Pembayaran DKPTKA (kecuali konsuler);</p>\r\n	</li>\r\n	<li>\r\n	<p>ID Card Duta Besar (Kemenlu);</p>\r\n	</li>\r\n	<li>\r\n	<p>Paspor (asli dan fotocopy);</p>\r\n	</li>\r\n	<li>\r\n	<p>e-Visa Kunjungan;</p>\r\n	</li>\r\n	<li>\r\n	<p>Fotocopy cap/ stiker ITK;</p>\r\n	</li>\r\n	<li>\r\n	<p>Perdim 23,25, dan 27 (dapat diambil di Kantor Imigrasi); dan</p>\r\n	</li>\r\n	<li>\r\n	<p>Surat Kuasa (bermaterai) dan FC KTP Penerima Kuasa.</p>\r\n	</li>\r\n</ol>\r\n\r\n<p>Note: Permohonan diajukan saat izin tinggal berlaku &gt; 30 hari</p>\r\n\r\n<p>&nbsp;</p>\r\n\r\n<p><strong>Alur Proses Alih Status ITK Menjadi ITAS</strong></p>\r\n\r\n<ol>\r\n	<li>\r\n	<p>Penyerahan Dokumen ke Kantor Imigrasi;</p>\r\n	</li>\r\n	<li>\r\n	<p>Pembayaran PNBP (ATM atau Transfer Bank);</p>\r\n	</li>\r\n	<li>\r\n	<p>Entri Data dan Pemindaian Dokumen;</p>\r\n	</li>\r\n	<li>\r\n	<p>Cek Lapangan (3 hari kerja setelah pembayaran);</p>\r\n	</li>\r\n	<li>\r\n	<p>Pengambilan Data Biometrik (3 hari kerja setelah cek lapangan);</p>\r\n	</li>\r\n	<li>\r\n	<p>Persetujuan Kepala Kantor (3 hari kerja);</p>\r\n	</li>\r\n	<li>\r\n	<p>Persetujuan Kantor Wilayah (7 hari kerja);</p>\r\n	</li>\r\n	<li>\r\n	<p>Persetujuan Direktorat Jenderal Imigrasi (7 hari kerja);</p>\r\n	</li>\r\n	<li>\r\n	<p>Registrasi Nomor Izin Tinggal;</p>\r\n	</li>\r\n	<li>\r\n	<p>Penyerahan Dokumen (3 hari kerja).</p>\r\n	</li>\r\n</ol>\r\n\r\n<p>&nbsp;</p>\r\n\r\n<h3><strong>ALIH STATUS ITAS KE ITAP</strong></h3>\r\n\r\n<p><strong>Alih Status ITAS ke ITAP Bukan Pemimpin Tertinggi Perusahaan (Menikah dengan WNI Lebih dari 2 Tahun)</strong></p>\r\n\r\n<ol>\r\n	<li>\r\n	<p>Surat Permohonan dari Perusahaan;</p>\r\n	</li>\r\n	<li>\r\n	<p>Surat Jaminan (bermaterai) dari perusahaan;</p>\r\n	</li>\r\n	<li>\r\n	<p>Fotocopy KTP dan ID Card Penjamin (dari perusahaan);</p>\r\n	</li>\r\n	<li>\r\n	<p>Fotocopy Pengesahan RPTKA yang masih berlaku, Hasil Penilaian Kelayakan Pengesahan RPTKA, Notifikasi Pembayaran DKPTKA, Bukti Pembayaran DKPTKA;</p>\r\n	</li>\r\n	<li>\r\n	<p>Fotocopy KTP dan Kartu Keluara Suami/ Istri WNI;</p>\r\n	</li>\r\n	<li>\r\n	<p>Fotocopy surat nikah dan lapor nikah;</p>\r\n	</li>\r\n	<li>\r\n	<p>Surat Pernyataan dan Jaminan (dari suami atau istri);</p>\r\n	</li>\r\n	<li>\r\n	<p>Pernyataan Integrasi;</p>\r\n	</li>\r\n	<li>\r\n	<p>Paspor (asli dan fotocopy);</p>\r\n	</li>\r\n	<li>\r\n	<p>e-KITAS;</p>\r\n	</li>\r\n	<li>\r\n	<p>Fotocopy cap/ stiker ITAS pertama s.d. terakhir;</p>\r\n	</li>\r\n	<li>\r\n	<p>Fotocopy Surat Keterangan Tempat Tinggal (SKTT);</p>\r\n	</li>\r\n	<li>\r\n	<p>Perdim 24,25, dan 27 (dapat diambil di Kantor Imigrasi); dan</p>\r\n	</li>\r\n	<li>\r\n	<p>Surat Kuasa (bermaterai) da fotocopy KTP Penerima Kuasa.</p>\r\n	</li>\r\n</ol>\r\n\r\n<p>Note: Permohonan diajukan saat izin tinggal berlaku &gt; 30 hari</p>\r\n\r\n<p>&nbsp;</p>\r\n\r\n<p><strong>Alih Status ITAS ke ITAP Pemimpin Tertinggi Perusahaan</strong></p>\r\n\r\n<ol>\r\n	<li>\r\n	<p>Surat Permohonan dari Perusahaan;</p>\r\n	</li>\r\n	<li>\r\n	<p>Surat Jaminan (bermaterai) dari perusahaan;</p>\r\n	</li>\r\n	<li>\r\n	<p>Fotocopy KTP dan ID Card Penjamin (dari perusahaan);</p>\r\n	</li>\r\n	<li>\r\n	<p>Fotocopy Pengesahan RPTKA yang masih berlaku, Hasil Penilaian Kelayakan Pengesahan RPTKA, Notifikasi Pembayaran DKPTKA, Bukti Pembayaran DKPTKA;</p>\r\n	</li>\r\n	<li>\r\n	<p>Fotocopy Akta Perusahaan;</p>\r\n	</li>\r\n	<li>\r\n	<p>Pernyataan Integrasi;</p>\r\n	</li>\r\n	<li>\r\n	<p>Paspor (asli dan fotocopy);</p>\r\n	</li>\r\n	<li>\r\n	<p>e-KITAS;</p>\r\n	</li>\r\n	<li>\r\n	<p>Fotocopy cap/ stiker ITAS pertama s.d. terakhir;</p>\r\n	</li>\r\n	<li>\r\n	<p>Fotocopy Surat Keterangan Tempat Tinggal (SKTT);</p>\r\n	</li>\r\n	<li>\r\n	<p>Perdim 24,25, dan 27 (dapat diambil di Kantor Imigrasi); dan</p>\r\n	</li>\r\n	<li>\r\n	<p>Surat Kuasa (bermaterai) da fotocopy KTP Penerima Kuasa.</p>\r\n	</li>\r\n</ol>\r\n\r\n<p>Note: Permohonan diajukan saat izin tinggal berlaku &gt; 30 hari</p>\r\n\r\n<p>&nbsp;</p>\r\n\r\n<p><strong>Alih Status ITAS ke ITAP Keluarga Pemimpin Tertinggi Perusahaan</strong></p>\r\n\r\n<ol>\r\n	<li>\r\n	<p>Surat Permohonan dari Perusahaan;</p>\r\n	</li>\r\n	<li>\r\n	<p>Surat Jaminan (bermaterai) dari perusahaan;</p>\r\n	</li>\r\n	<li>\r\n	<p>Fotocopy KTP dan ID Card Penjamin;</p>\r\n	</li>\r\n	<li>\r\n	<p>Fotocopy Kartu Keluarga (family register);</p>\r\n	</li>\r\n	<li>\r\n	<p>Fotocopy Pengesahan RPTKA;</p>\r\n	</li>\r\n	<li>\r\n	<p>Fotocopy ITAS/ KITAP TKA</p>\r\n	</li>\r\n	<li>\r\n	<p>Pernyataan Integrasi;</p>\r\n	</li>\r\n	<li>\r\n	<p>Paspor (asli dan fotocopy);</p>\r\n	</li>\r\n	<li>\r\n	<p>e-KITAS;</p>\r\n	</li>\r\n	<li>\r\n	<p>Fotocopy cap/ stiker ITAS pertama s.d. terakhir;</p>\r\n	</li>\r\n	<li>\r\n	<p>Fotocopy Surat Keterangan Tempat Tinggal (SKTT);</p>\r\n	</li>\r\n	<li>\r\n	<p>Perdim 24,25, dan 27 (dapat diambil di Kantor Imigrasi); dan</p>\r\n	</li>\r\n	<li>\r\n	<p>Surat Kuasa (bermaterai) da fotocopy KTP Penerima Kuasa.</p>\r\n	</li>\r\n</ol>\r\n\r\n<p>Note: Permohonan diajukan saat izin tinggal berlaku &gt; 30 hari</p>\r\n\r\n<p>&nbsp;</p>\r\n\r\n<p><strong>Alih Status ITAS ke ITAP Investor</strong></p>\r\n\r\n<ol>\r\n	<li>\r\n	<p>Surat Permohonan dari Perusahaan;</p>\r\n	</li>\r\n	<li>\r\n	<p>Surat Jaminan (bermaterai) dari perusahaan;</p>\r\n	</li>\r\n	<li>\r\n	<p>Fotocopy KTP dan ID Card Penjamin;</p>\r\n	</li>\r\n	<li>\r\n	<p>Surat Rekomendasi BKPM;</p>\r\n	</li>\r\n	<li>\r\n	<p>Dokumen Perusahaan:</p>\r\n	</li>\r\n	<li>\r\n	<p>Akta Pendirian Perusahaan,</p>\r\n	</li>\r\n	<li>\r\n	<p>Surat Pengesahan Pendirian Badan Hukum dari AHU,</p>\r\n	</li>\r\n	<li>\r\n	<p>Izin Usaha,</p>\r\n	</li>\r\n	<li>\r\n	<p>Izin Lokasi,</p>\r\n	</li>\r\n	<li>\r\n	<p>Nomor Induk Berusaha (NIB),</p>\r\n	</li>\r\n	<li>\r\n	<p>NPWP Perusahaan.</p>\r\n	</li>\r\n	<li value=\"6\">\r\n	<p>Pernyataan Integrasi;</p>\r\n	</li>\r\n	<li>\r\n	<p>Paspor (asli dan fotocopy);</p>\r\n	</li>\r\n	<li>\r\n	<p>e-KITAS;</p>\r\n	</li>\r\n	<li>\r\n	<p>Fotocopy cap/ stiker ITAS pertama s.d. terakhir;</p>\r\n	</li>\r\n	<li>\r\n	<p>Fotocopy Surat Keterangan Tempat Tinggal (SKTT);</p>\r\n	</li>\r\n	<li>\r\n	<p>Perdim 24,25, dan 27 (dapat diambil di Kantor Imigrasi); dan</p>\r\n	</li>\r\n	<li>\r\n	<p>Surat Kuasa (bermaterai) da fotocopy KTP Penerima Kuasa.</p>\r\n	</li>\r\n</ol>\r\n\r\n<p>Note: Permohonan diajukan saat izin tinggal berlaku &gt; 30 hari</p>\r\n\r\n<p>&nbsp;</p>\r\n\r\n<p><strong>Alih Status ITAS ke ITAP Keluarga Investor</strong></p>\r\n\r\n<ol>\r\n	<li>\r\n	<p>Surat Permohonan dari Penjamin;</p>\r\n	</li>\r\n	<li>\r\n	<p>Surat Jaminan (bermaterai);</p>\r\n	</li>\r\n	<li>\r\n	<p>Fotocopy KTP dan ID Card Penjamin;</p>\r\n	</li>\r\n	<li>\r\n	<p>Dokumen Perusahaan:</p>\r\n	</li>\r\n	<li>\r\n	<p>Akta Pendirian Perusahaan,</p>\r\n	</li>\r\n	<li>\r\n	<p>Surat Pengesahan Pendirian Badan Hukum dari AHU,</p>\r\n	</li>\r\n	<li>\r\n	<p>Izin Usaha,</p>\r\n	</li>\r\n	<li>\r\n	<p>Izin Lokasi,</p>\r\n	</li>\r\n	<li>\r\n	<p>Nomor Induk Berusaha (NIB),</p>\r\n	</li>\r\n	<li>\r\n	<p>NPWP Perusahaan.</p>\r\n	</li>\r\n	<li value=\"5\">\r\n	<p>Fotocopy ITAS/ KITAP Investor;</p>\r\n	</li>\r\n	<li>\r\n	<p>Pernyataan Integrasi (untuk WNA berusia di atas 18 tahun);</p>\r\n	</li>\r\n	<li>\r\n	<p>Fotocopy Kartu Keluarga (family register);</p>\r\n	</li>\r\n	<li>\r\n	<p>Paspor (asli dan fotocopy);</p>\r\n	</li>\r\n	<li>\r\n	<p>e-KITAS;</p>\r\n	</li>\r\n	<li>\r\n	<p>Fotocopy cap/ stiker ITAS pertama s.d. terakhir;</p>\r\n	</li>\r\n	<li>\r\n	<p>Fotocopy Surat Keterangan Tempat Tinggal (SKTT);</p>\r\n	</li>\r\n	<li>\r\n	<p>Perdim 24,25, dan 27 (dapat diambil di Kantor Imigrasi); dan</p>\r\n	</li>\r\n	<li>\r\n	<p>Surat Kuasa (bermaterai) da fotocopy KTP Penerima Kuasa.</p>\r\n	</li>\r\n</ol>\r\n\r\n<p>Note: Permohonan diajukan saat izin tinggal berlaku &gt; 30 hari</p>\r\n\r\n<p>&nbsp;</p>\r\n\r\n<p><strong>Alih Status ITAS ke ITAP Penyatuan Keluarga WNI</strong></p>\r\n\r\n<ol>\r\n	<li>\r\n	<p>Surat Permohonan dari Penjamin;</p>\r\n	</li>\r\n	<li>\r\n	<p>Surat Jaminan (bermaterai);</p>\r\n	</li>\r\n	<li>\r\n	<p>Fotocopy KTP dan Kartu Keluarga (KK) Penjamin;</p>\r\n	</li>\r\n	<li>\r\n	<p>Fotocopy Akta Nikah dan Lapor Nikah (jika pernikahan dilakukan di luar negeri, Akta Nikah diterjemahkan oleh Penerjemah Tersumpah);</p>\r\n	</li>\r\n	<li>\r\n	<p>Fotocopy Akta Lahir (untuk anak);</p>\r\n	</li>\r\n	<li>\r\n	<p>Pernyataan Integrasi (untuk WNA berusia di atas 18 tahun);</p>\r\n	</li>\r\n	<li>\r\n	<p>Paspor (asli dan fotocopy);</p>\r\n	</li>\r\n	<li>\r\n	<p>e-KITAS;</p>\r\n	</li>\r\n	<li>\r\n	<p>Fotocopy cap/ stiker ITAS pertama s.d. terakhir;</p>\r\n	</li>\r\n	<li>\r\n	<p>Fotocopy Surat Keterangan Tempat Tinggal (SKTT);</p>\r\n	</li>\r\n	<li>\r\n	<p>Perdim 24,25, dan 27 (dapat diambil di Kantor Imigrasi); dan</p>\r\n	</li>\r\n	<li>\r\n	<p>Surat Kuasa (bermaterai) da fotocopy KTP Penerima Kuasa.</p>\r\n	</li>\r\n</ol>\r\n\r\n<p>Note: Permohonan diajukan saat izin tinggal berlaku &gt; 30 hari</p>\r\n\r\n<p>&nbsp;</p>\r\n\r\n<p><strong>Alih Status ITAS ke ITAP Bagi Eks WNI dalam Rangka Repatriasi</strong></p>\r\n\r\n<ol>\r\n	<li>\r\n	<p>Surat Permohonan dari Penjamin;</p>\r\n	</li>\r\n	<li>\r\n	<p>Surat Jaminan (bermaterai);</p>\r\n	</li>\r\n	<li>\r\n	<p>Fotocopy KTP dan Kartu Keluarga (KK) Penjamin;</p>\r\n	</li>\r\n	<li>\r\n	<p>Fotocopy Dokumen WNI (KTP/ Akta Lahir/ Ijazah/ Paspor RI);</p>\r\n	</li>\r\n	<li>\r\n	<p>Pernyataan Integrasi;</p>\r\n	</li>\r\n	<li>\r\n	<p>Paspor (asli dan fotocopy);</p>\r\n	</li>\r\n	<li>\r\n	<p>e-KITAS;</p>\r\n	</li>\r\n	<li>\r\n	<p>Fotocopy cap/ stiker ITAS pertama s.d. terakhir;</p>\r\n	</li>\r\n	<li>\r\n	<p>Fotocopy Surat Keterangan Tempat Tinggal (SKTT);</p>\r\n	</li>\r\n	<li>\r\n	<p>Perdim 24,25, dan 27 (dapat diambil di Kantor Imigrasi); dan</p>\r\n	</li>\r\n	<li>\r\n	<p>Surat Kuasa (bermaterai) da fotocopy KTP Penerima Kuasa.</p>\r\n	</li>\r\n</ol>\r\n\r\n<p>Note: Permohonan diajukan saat izin tinggal berlaku &gt; 30 hari</p>\r\n\r\n<p>&nbsp;</p>\r\n\r\n<p><strong>Alih Status ITAS ke ITAP Wisatawan Lansia</strong></p>\r\n\r\n<ol>\r\n	<li>\r\n	<p>Surat Permohonan dari Penjamin;</p>\r\n	</li>\r\n	<li>\r\n	<p>Surat Jaminan (bermaterai);</p>\r\n	</li>\r\n	<li>\r\n	<p>Fotocopy KTP dan ID Card Penjamin;</p>\r\n	</li>\r\n	<li>\r\n	<p>Fotocopy Asuransi dan Buku Tabungan;</p>\r\n	</li>\r\n	<li>\r\n	<p>Surat Keterangan Mempekerjakan Pramuwisma;</p>\r\n	</li>\r\n	<li>\r\n	<p>Surat Pernyataan Tidak Bekerja;</p>\r\n	</li>\r\n	<li>\r\n	<p>Fotocopy Surat Perjanjian Sewa Tempat Tinggal;</p>\r\n	</li>\r\n	<li>\r\n	<p>Fotocopy SIUP dan Dokumen Biro Perjalanan;</p>\r\n	</li>\r\n	<li>\r\n	<p>Pernyataan Integrasi (untuk WNA berusia di atas 18 tahun);</p>\r\n	</li>\r\n	<li>\r\n	<p>Paspor (asli dan fotocopy);</p>\r\n	</li>\r\n	<li>\r\n	<p>e-KITAS;</p>\r\n	</li>\r\n	<li>\r\n	<p>Fotocopy cap/ stiker ITAS pertama s.d. terakhir;</p>\r\n	</li>\r\n	<li>\r\n	<p>Fotocopy Surat Keterangan Tempat Tinggal (SKTT);</p>\r\n	</li>\r\n	<li>\r\n	<p>Perdim 24,25, dan 27 (dapat diambil di Kantor Imigrasi); dan</p>\r\n	</li>\r\n	<li>\r\n	<p>Surat Kuasa (bermaterai) da fotocopy KTP Penerima Kuasa.</p>\r\n	</li>\r\n</ol>\r\n\r\n<p>&nbsp;</p>\r\n\r\n<p><strong>Alur Proses Alih Status Status ITAS Menjadi ITAP</strong></p>\r\n\r\n<ol>\r\n	<li>\r\n	<p>Penyerahan Dokumen ke Kantor Imigrasi;</p>\r\n	</li>\r\n	<li>\r\n	<p>Pembayaran PNBP (ATM atau Transfer Bank);</p>\r\n	</li>\r\n	<li>\r\n	<p>Entri Data dan Pemindaian Dokumen;</p>\r\n	</li>\r\n	<li>\r\n	<p>Cek Lapangan (3 hari kerja setelah pembayaran);</p>\r\n	</li>\r\n	<li>\r\n	<p>Pengambilan Data Biometrik (3 hari kerja setelah cek lapangan);</p>\r\n	</li>\r\n	<li>\r\n	<p>Persetujuan Kepala Kantor (3 hari kerja);</p>\r\n	</li>\r\n	<li>\r\n	<p>Persetujuan Kantor Wilayah (7 hari kerja);</p>\r\n	</li>\r\n	<li>\r\n	<p>Persetujuan Direktorat Jenderal Imigrasi (7 hari kerja);</p>\r\n	</li>\r\n	<li>\r\n	<p>Registrasi Nomor Izin Tinggal;</p>\r\n	</li>\r\n	<li>\r\n	<p>Penyerahan Dokumen (3 hari kerja).</p>\r\n	</li>\r\n</ol>\r\n\r\n<p>&nbsp;</p>','',''),(11,'perubahan alamat','2023-08-15 06:19:16.239869','<p><strong>Syarat Pengajuan Mutasi Alamat (Masuk/ Keluar/ Lokal)</strong></p>\r\n\r\n<ol>\r\n	<li>\r\n	<p>Surat Permohonan dari Penjamin (bermaterai);</p>\r\n	</li>\r\n	<li>\r\n	<p>Surat Jaminan dari Penjamin (bermaterai);</p>\r\n	</li>\r\n	<li>\r\n	<p>Surat Kuasa bermaterai (jika diperlukan);</p>\r\n	</li>\r\n	<li>\r\n	<p>Fotocopy KTP dan ID card (untuk penjamin dan penerima kuasa);</p>\r\n	</li>\r\n	<li>\r\n	<p>Paspor (asli dan fotocopy);</p>\r\n	</li>\r\n	<li>\r\n	<p>Dokumen keimigrasian (KITAS/ KITAP) (asli dan fotocopy);</p>\r\n	</li>\r\n	<li>\r\n	<p>Perdim 27 (dapat diambil di Kantor Imigrasi);</p>\r\n	</li>\r\n	<li>\r\n	<p>Surat Keterangan Tempat Tinggal (SKTT)/ Surat Keterangan Domisili;</p>\r\n	</li>\r\n	<li>\r\n	<p>Surat pengantar dari UPT (untuk mutasi masuk);</p>\r\n	</li>\r\n	<li>\r\n	<p>Dokumen pendukung:</p>\r\n	</li>\r\n	<li>\r\n	<p>Tenaga Kerja Asing: fotocopy pengesahan RPTKA, Hasil Penilaian Kelayakan RPTKA, Notifikasi Pembayaran DKPTKA, dan bukti pembayaran DKPTKA;</p>\r\n	</li>\r\n	<li>\r\n	<p>Pengikut TKA: dokumen pendukung TKA, Akta Lahir, Akta Nikah;</p>\r\n	</li>\r\n	<li>\r\n	<p>Investor: akta perusahaan, NIB, dan Izin Usaha;</p>\r\n	</li>\r\n	<li>\r\n	<p>Pelajar: Surat Keterangan Izin Belajar;</p>\r\n	</li>\r\n	<li>\r\n	<p>Peneliti: Surat Keterangan Izin Penelitian;</p>\r\n	</li>\r\n	<li>\r\n	<p>Penyatuan Keluarga WNI: KK, Akta Nikah, Akta Lahir (untuk anak);</p>\r\n	</li>\r\n	<li>\r\n	<p>Repatriasi: dokumen WNI (KTP/ Akta Lahir/ Ijazah/ Paspor RI);</p>\r\n	</li>\r\n	<li>\r\n	<p>Wisatawan lansia: dokumen biro perjalanan (penjamin).</p>\r\n	</li>\r\n</ol>','STANDAR','','<p>Alur Proses Permohonan Mutasi Alamat</p>\r\n\r\n<p>Mutasi Alamat Masuk dan Mutasi Alamat Lokal</p>\r\n\r\n<p>&nbsp;</p>\r\n\r\n<ol>\r\n	<li>\r\n	<p>Penyerahan dokumen persyaratan ke Kantor Imigrasi;</p>\r\n	</li>\r\n	<li>\r\n	<p>Entri data pada Sistem Keimigrasian;</p>\r\n	</li>\r\n	<li>\r\n	<p>Proses persetujuan permohonan oleh pejabat yang berwenang;</p>\r\n	</li>\r\n	<li>\r\n	<p>Penyerahan dokumen (3&nbsp;hari kerja setelah penyerahan dokumen persyaratan).</p>\r\n	</li>\r\n</ol>\r\n\r\n<p>Mutasi Alamat Keluar</p>\r\n\r\n<p>&nbsp;</p>\r\n\r\n<ol>\r\n	<li>\r\n	<p>Penyerahan dokumen persyaratan ke Kantor Imigrasi;</p>\r\n	</li>\r\n	<li>\r\n	<p>Entri data pada Sistem Keimigrasian;</p>\r\n	</li>\r\n	<li>\r\n	<p>Proses persetujuan permohonan oleh pejabat yang berwenang;</p>\r\n	</li>\r\n	<li>\r\n	<p>Pencabutan berkas riwayat permohonan;</p>\r\n	</li>\r\n	<li>\r\n	<p>Pembuatan Surat Pengantar Perubahan Alamat yang ditujukan kepada Kantor Imigrasi tujuan;</p>\r\n	</li>\r\n	<li>\r\n	<p>Penyerahan dokumen (3&nbsp;hari kerja setelah penyerahan dokumen persyaratan).</p>\r\n	</li>\r\n</ol>','<p>-</p>'),(12,'Pendaftaran ABG dan Fasilitas Keimigrasian','2023-08-15 05:41:09.593406','<h3>ANAK BERKEWARGANEGARAAN GANDA</h3>\r\n\r\n<p>Subjek Anak Berkewarganegaraan Ganda</p>\r\n\r\n<p>Affidavit atau yang sering dikenal sebagai Anak Berkewarganegaraan Ganda dapat diartikan secara sederhana adalah anak yang lahir dari hasil perkawinan dari ayah/ibu Warga Negara Indonesia dengan ayah/ibu Warga Negara Asing baik lahir di wilayah Indonesia maupun di luar wilayah Indonesia.</p>\r\n\r\n<p>Namun untuk pengertian lengkapnya merupakan pengertian yang diambil dari pasal 4 dan pasal 5 Undang-undang nomor 12 tahun 2006 tentang Kewarganegaraan yang terdapat 6 (enam) poin pengertian yaitu:</p>\r\n\r\n<ol>\r\n	<li>\r\n	<p>anak yang lahir dari perkawinan yang sah dari seorang ayah Warga Negara Indonesia dan ibu Warga Negara Asing;</p>\r\n	</li>\r\n	<li>\r\n	<p>anak yang lahir dari perkawinan yang sah dari seorang ayah Warga Negara Asing dan ibu Warga Negara Indonesia;</p>\r\n	</li>\r\n	<li>\r\n	<p>anak yang lahir di luar perkawinan yang sah dari seorang ibu Warga Negara Asing yang diakui oleh seorang ayah Warga Negara Indonesia sebagai anaknya dan pengakuan itu dilakukan sebelum anak tersebut berusia 18 (delapan belas) tahun atau belum kawin;</p>\r\n	</li>\r\n	<li>\r\n	<p>anak yang dilahirkan di luar wilayah negara Republik Indonesia dari seorang ayah dan ibu Warga Negara Indonesia yang karena ketentuan dari negara tempat anak tersebut dilahirkan memberikan kewarganegaraan kepada anak yang bersangkutan;</p>\r\n	</li>\r\n	<li>\r\n	<p>anak Warga Negara Indonesia yang lahir di luar perkawinan yang sah, belum berusia 18 (delapan belas) tahun dan belum kawin diakui secara sah oleh ayahnya yang berkewarganegaraan asing tetap diakui sebagai Warga Negara Indonesia;</p>\r\n	</li>\r\n	<li>\r\n	<p>anak Warga Negara Indonesia yang belum berusia 5 (lima) tahun diangkat secara sah sebagai anak oleh warga negara asing berdasarkan penetapan pengadilan tetap diakui sebagai Warga Negara Indonesia.</p>\r\n	</li>\r\n</ol>\r\n\r\n<p>Pendaftaran Anak Berkewarganegaraan Ganda wajib dilakukan oleh orangtua atau wali anak. Status Anak Berkewarganegaraan Ganda dan fasilitas keimigrasian berlaku sampai anak berusia 21 (dua puluh satu) tahun. Setelah itu, anak harus memilih kewarganegaraan (WNI atau WNA).</p>','STANDAR','<p>Syarat Permohonan Pendaftaran Anak Berkewarganegaraan Ganda</p>\r\n\r\n<ol>\r\n	<li>\r\n	<p>Formulir Pendaftaran (diisi dengan tinta hitam);</p>\r\n	</li>\r\n	<li>\r\n	<p>Surat Permohnan dari orang tua;</p>\r\n	</li>\r\n	<li>\r\n	<p>KTP ayah/ ibu WNI (asli dan fotocopy);</p>\r\n	</li>\r\n	<li>\r\n	<p>Kartu Keluarga yang sudah tercantum nama anak (asli dan fotocopy);</p>\r\n	</li>\r\n	<li>\r\n	<p>Akta Lahir anak dari Dispendukcapil (asli dan fotocopy);</p>\r\n	</li>\r\n	<li>\r\n	<p>Akta Nikah/ Akta Lapor Nikah Dispendukcapil/ Akta Perceraian/ Akta Kematian (asli dan fotocopy);</p>\r\n	</li>\r\n	<li>\r\n	<p>Paspor RI dan paspor asing anak (jika sudah ada);</p>\r\n	</li>\r\n	<li>\r\n	<p>Fotocopy paspor ayah/ ibu WNI;</p>\r\n	</li>\r\n	<li>\r\n	<p>Fotocopy paspor ayah/ ibu WNA (jika ada);</p>\r\n	</li>\r\n	<li>\r\n	<p>Fotocopy Izin Tinggal ayah/ ibu WNA (jika ada);</p>\r\n	</li>\r\n	<li>\r\n	<p>Pas foto anak terbaru dengan latar belakang putih, ukurang 4x6 cm sebanyak 4 lembar;</p>\r\n	</li>\r\n	<li>\r\n	<p>Keputusan Menteri Hukum dan HAM (jika anak lahir sebelum 1 Agustus 2006); dan</p>\r\n	</li>\r\n	<li>\r\n	<p>Surat Kuasa (bermaterai) dan fotocopy KTP penerima kuasa.</p>\r\n	</li>\r\n</ol>\r\n\r\n<p>&nbsp;</p>\r\n\r\n<p>Fasilitas Keimigrasian bagi Anak Berkewarganegaraan Ganda</p>\r\n\r\n<p>Fasilitas keimigrasian yang didapatkan oleh Anak Berkewarganegaraan Ganda yang sudah terdaftar adalah:</p>\r\n\r\n<ol>\r\n	<li>\r\n	<p>pembebasan dari kewajiban memiliki visa;</p>\r\n	</li>\r\n	<li>\r\n	<p>pembebasan dari kewajiban memiliki izin keimigrasian dan izin masuk kembali; dan</p>\r\n	</li>\r\n	<li>\r\n	<p>pemberian tanda masuk atau tanda keluar yang diperlakukan sebagaiamana layaknya Warga Negara Indonesia.</p>\r\n	</li>\r\n</ol>\r\n\r\n<p>&nbsp;</p>\r\n\r\n<p>Syarat Permohan Fasilitas Keimigrasian (Faskim)</p>\r\n\r\n<ol>\r\n	<li>\r\n	<p>Formulir Pendaftaran (diisi dengan tinta hitam);</p>\r\n	</li>\r\n	<li>\r\n	<p>Surat Permohnan dari orang tua;</p>\r\n	</li>\r\n	<li>\r\n	<p>KTP ayah/ ibu WNI (asli dan fotocopy);</p>\r\n	</li>\r\n	<li>\r\n	<p>Kartu Keluarga yang sudah tercantum nama anak (asli dan fotocopy);</p>\r\n	</li>\r\n	<li>\r\n	<p>Akta Lahir anak dari Dispendukcapil (asli dan fotocopy);</p>\r\n	</li>\r\n	<li>\r\n	<p>Akta Nikah/ Akta Lapor Nikah Dispendukcapil/ Akta Perceraian/ Akta Kematian (asli dan fotocopy);</p>\r\n	</li>\r\n	<li>\r\n	<p>Paspor RI dan paspor asing anak (jika sudah ada);</p>\r\n	</li>\r\n	<li>\r\n	<p>Fotocopy paspor ayah/ ibu WNI;</p>\r\n	</li>\r\n	<li>\r\n	<p>Fotocopy paspor ayah/ ibu WNA (jika ada);</p>\r\n	</li>\r\n	<li>\r\n	<p>Fotocopy Izin Tinggal ayah/ ibu WNA (jika ada);</p>\r\n	</li>\r\n	<li>\r\n	<p>Pas foto anak terbaru dengan latar belakang putih, ukurang 4x6 cm sebanyak 4 lembar;</p>\r\n	</li>\r\n	<li>\r\n	<p>Keputusan Menteri Hukum dan HAM (jika anak lahir sebelum 1 Agustus 2006);</p>\r\n	</li>\r\n	<li>\r\n	<p>Bukti pendaftaran Anak Berkewarganegaraan Ganda (Sertifikat Pendaftaran Anak Berkewarganegaraan Ganda); dan</p>\r\n	</li>\r\n	<li>\r\n	<p>Surat Kuasa (bermaterai) dan fotocopy KTP penerima kuasa.</p>\r\n	</li>\r\n</ol>\r\n\r\n<p>&nbsp;</p>\r\n\r\n<p>Alur Proses Pendaftaran ABG dan Permohonan Fasilitas Keimigrasian</p>\r\n\r\n<ol>\r\n	<li>\r\n	<p>Penyerahan dokumen persyaratan ke Kantor Imigrasi;</p>\r\n	</li>\r\n	<li>\r\n	<p>Entri data pada Sistem Keimigrasian;</p>\r\n	</li>\r\n	<li>\r\n	<p>Pembayaran PNBP (ATM atau tranfer bank);</p>\r\n	</li>\r\n	<li>\r\n	<p>Pemindaian dokumen;</p>\r\n	</li>\r\n	<li>\r\n	<p>Proses persetujuan permohonan oleh pejabat yang berwenang; dan</p>\r\n	</li>\r\n	<li>\r\n	<p>Penyerahan dokumen (2 hari kerja setelah penyerahan dokumen).</p>\r\n	</li>\r\n</ol>\r\n\r\n<p>&nbsp;</p>\r\n\r\n<p>Syarat Anak Berkewarganegaraan Ganda Terbatas Memilih WNI/ WNA</p>\r\n\r\n<ol>\r\n	<li>\r\n	<p>Surat Permohnan dari orang tua;</p>\r\n	</li>\r\n	<li>\r\n	<p>KTP, KK, dan Paspor ayah/ ibu WNI (asli dan fotocopy);</p>\r\n	</li>\r\n	<li>\r\n	<p>Sertifikat Pendaftaran Anak Berkewarganegaraan Ganda (asli dan fotocopy);</p>\r\n	</li>\r\n	<li>\r\n	<p>Kartu Fasilitas Keimigrasian (Faskim) (asli dan fotocopy);</p>\r\n	</li>\r\n	<li>\r\n	<p>Paspor RI dan Paspor asing anak (asli dan fotocopy);</p>\r\n	</li>\r\n	<li>\r\n	<p>Surat Keputusan Menteri (asli dan fotocopy);</p>\r\n	</li>\r\n	<li>\r\n	<p>Surat Kehilangan Kewarganegaraan dari Kedutaan/ Perwakilan Negara Asing (jika memilih WNI);</p>\r\n	</li>\r\n	<li>\r\n	<p>Akta Lahir anak dari Dispendukcapil (asli dan fotocopy);</p>\r\n	</li>\r\n	<li>\r\n	<p>Akta Nikah/ Akta Lapor Nikah Dispendukcapil/ Akta Perceraian/ Akta Kematian (aslid dan fotocopy);</p>\r\n	</li>\r\n	<li>\r\n	<p>Fotocopy paspor ayah/ ibu WNA (jika ada); dan</p>\r\n	</li>\r\n	<li>\r\n	<p>Fotocopy Izin Tinggal ayah/ ibu WNA (jika ada).</p>\r\n	</li>\r\n</ol>\r\n\r\n<p>&nbsp;</p>\r\n\r\n<p>Syarat Pengembalian Dokumen Keimigrasian Bagi Subjek ABG</p>\r\n\r\n<ol>\r\n	<li>\r\n	<p>Surat permohonan dari orang tua WNI;</p>\r\n	</li>\r\n	<li>\r\n	<p>Fotocopy KTP dan Kartu Keluarga ayah/ ibu WNI;</p>\r\n	</li>\r\n	<li>\r\n	<p>ITAS/ KITAP anak (asli dan fotocopy);</p>\r\n	</li>\r\n	<li>\r\n	<p>Paspor anak (asli dan fotocopy);</p>\r\n	</li>\r\n	<li>\r\n	<p>Akta Lahir anak dari Dispendukcapil (asli dan fotocopy);</p>\r\n	</li>\r\n	<li>\r\n	<p>Akta Nikah/ Akta Lapor Nikah Dispendukcapil/ Akta Perceraian/ Akta Kematian (asli dan fotocopy);</p>\r\n	</li>\r\n	<li>\r\n	<p>Surat Keputusan AHU (asli dan fotocopy)</p>\r\n	</li>\r\n</ol>\r\n\r\n<p>Note: jika orang tua memperoleh Kewarganegaraan RI melalui naturalisasi, wajib melampirkan dokumen Perwarganegaraan Indonesia.</p>','<p>Alur Proses Pengembalian Dokumen Keimigrasian</p>\r\n\r\n<p>&nbsp;</p>\r\n\r\n<ol>\r\n	<li>\r\n	<p>Penyerahan dokumen persyaratan ke Kantor Imigrasi;</p>\r\n	</li>\r\n	<li>\r\n	<p>Entri data pada Sistem Keimigrasian;</p>\r\n	</li>\r\n	<li>\r\n	<p>Proses persetujaun permohonan oleh pejabat yang berwenang;</p>\r\n	</li>\r\n	<li>\r\n	<p>Penyerahan dokumen (2 hari kerja setelah penyerahan dokumen persyaratan).</p>\r\n	</li>\r\n</ol>','<p>Tarif PNBP</p>\r\n\r\n<h5>Anak Berkewarganegaraan Ganda</h5>\r\n\r\n<table>\r\n	<tbody>\r\n		<tr>\r\n			<td>Pendaftaran Anak Berkewarganegaraan Ganda Terbatas</td>\r\n			<td>Rp 0,-</td>\r\n		</tr>\r\n		<tr>\r\n			<td>Fasilitas Keimigrasian</td>\r\n			<td>Rp 400.000,-</td>\r\n		</tr>\r\n	</tbody>\r\n</table>\r\n\r\n<h5>Penelaah Status Keimigrasian</h5>\r\n\r\n<table>\r\n	<tbody>\r\n		<tr>\r\n			<td>Surat Keterangan Keimigrasian (SKIM)</td>\r\n			<td>Rp 3.000.000,-</td>\r\n		</tr>\r\n	</tbody>\r\n</table>'),(30,'Dasar Hukum PPID','2023-05-30 13:15:03.222824','<p>&nbsp;</p>\r\n\r\n<table border=\"1\" cellpadding=\"1\" cellspacing=\"1\" style=\"width:500px\">\r\n	<tbody>\r\n		<tr>\r\n			<td>\r\n			<p><strong>Pasal 2</strong></p>\r\n\r\n			<p>1.&nbsp;Undang-Undang Nomor 40 Tahun 1999 tentang Pers;</p>\r\n\r\n			<p>2.&nbsp;Undang-Undang Nomor 32 Tahun 2004 tentang Penyiaran;</p>\r\n\r\n			<p>3.&nbsp;Undang-Undang Nomor 11 Tahun 2008 tentang Informasi dan Transaksi Elektronik;</p>\r\n\r\n			<p>4.&nbsp;Undang-Undang Nomor 14 Tahun 2008 tentang Keterbukaan Informasi Publik;</p>\r\n\r\n			<p>5.&nbsp;Undang-Undang Nomor 25 Tahun 2009 tentang Pelayanan Publik;</p>\r\n\r\n			<p>6.&nbsp;Peraturan Menteri Hukum dan Hak Asasi Manusia Republik Indonesia Nomor M.HH-05.OT.01.01 Tahun Tahun 2010 tentang Organisasi dan Tata Kerja Kementerian Hukum dan Hak Asasi Manusia Republik Indonesia;</p>\r\n\r\n			<p>7.&nbsp;Peraturan Menteri Hukum dan Hak Asasi Manusia Republik Indonesia Nomor M.HH-04.IN.04.02 Tahun 2011 tentang Tata Cara Pengelolaan dan Pelayanan Informasi Publik Kementerian Hukum dan Hak Asasi Manusia Republik Indonesia;</p>\r\n\r\n			<p>8.&nbsp;Keputusan Menteri Hukum dan Hak Asasi Manusia Nomor M.HH-01.IN.01.03 Tahun 2010 tentang Pejabat Pengelola Informasi dan Dokumentasi Kementerian Hukum dan Hak Asasi Manusia Republik Indonesia.</p>\r\n			</td>\r\n		</tr>\r\n	</tbody>\r\n</table>\r\n\r\n<p>&nbsp;</p>','STANDAR','','',''),(31,'SK Penetapan PPID','2023-05-30 13:42:36.602902','<p><img src=\"/images/uploads/2023/05/30/image-20230530204204-1.png\" style=\"height:705px; width:500px\" /></p>\r\n\r\n<p><img src=\"/images/uploads/2023/05/30/image-20230530204223-2.png\" style=\"height:705px; width:500px\" /></p>\r\n\r\n<p><img src=\"/images/uploads/2023/05/30/image-20230530204228-3.png\" style=\"height:705px; width:500px\" /></p>\r\n\r\n<p><img src=\"/images/uploads/2023/05/30/image-20230530204232-4.png\" style=\"height:705px; width:500px\" /></p>\r\n\r\n<p>&nbsp;</p>','STANDAR','','',''),(44,'Test Dokumen Perjalanan','2023-05-29 12:04:59.810349','<table border=\"1\" cellpadding=\"1\" cellspacing=\"1\" style=\"width:500px\">\r\n	<tbody>\r\n		<tr>\r\n			<td>sadfas</td>\r\n			<td>asdfas</td>\r\n		</tr>\r\n		<tr>\r\n			<td>asdfsa</td>\r\n			<td>f</td>\r\n		</tr>\r\n		<tr>\r\n			<td>asdfsadf</td>\r\n			<td>asdfsadf</td>\r\n		</tr>\r\n	</tbody>\r\n</table>\r\n\r\n<p>&nbsp;</p>','STANDAR','','',''),(45,'Test Visa Kunjungan','2023-05-29 12:05:27.467068','<table border=\"1\" cellpadding=\"1\" cellspacing=\"1\" style=\"width:500px\">\r\n	<tbody>\r\n		<tr>\r\n			<td>\r\n			<table>\r\n				<tbody>\r\n					<tr>\r\n						<td colspan=\"3\">\r\n						<p><strong>VISA KUNJUNGAN</strong></p>\r\n						</td>\r\n					</tr>\r\n					<tr>\r\n						<td>Visa Tinggal Terbatas</td>\r\n						<td>PerPermohonan</td>\r\n						<td>US$150</td>\r\n					</tr>\r\n					<tr>\r\n						<td>Visa Tinggal Terbatas Saat Kedatangan</td>\r\n						<td>PerPermohonan</td>\r\n						<td>Rp 700.000</td>\r\n					</tr>\r\n					<tr>\r\n						<td>PERSETUJUAN VISA DIREKTUR JENDERAL IMIGRASI</td>\r\n						<td>PerPermohonan</td>\r\n						<td>Rp 200.000</td>\r\n					</tr>\r\n				</tbody>\r\n			</table>\r\n			</td>\r\n		</tr>\r\n	</tbody>\r\n</table>\r\n\r\n<p>&nbsp;</p>','STANDAR','','',''),(46,'Test Tinggal Terbatas','2023-05-29 12:06:00.826741','<table border=\"1\" cellpadding=\"1\" cellspacing=\"1\" style=\"width:500px\">\r\n	<tbody>\r\n		<tr>\r\n			<td>\r\n			<table>\r\n				<tbody>\r\n					<tr>\r\n						<td colspan=\"3\">\r\n						<table>\r\n							<tbody>\r\n								<tr>\r\n									<td colspan=\"3\">\r\n									<p><strong>VISA TINGGAL TERBATAS</strong></p>\r\n									</td>\r\n								</tr>\r\n								<tr>\r\n									<td>Visa Tinggal Terbatas</td>\r\n									<td>PerPermohonan</td>\r\n									<td>US$150</td>\r\n								</tr>\r\n								<tr>\r\n									<td>Visa Tinggal Terbatas Saat Kedatangan</td>\r\n									<td>PerPermohonan</td>\r\n									<td>Rp 700.000</td>\r\n								</tr>\r\n								<tr>\r\n									<td>PERSETUJUAN VISA DIREKTUR JENDERAL IMIGRASI</td>\r\n									<td>PerPermohonan</td>\r\n									<td>Rp 200.000</td>\r\n								</tr>\r\n							</tbody>\r\n						</table>\r\n						</td>\r\n					</tr>\r\n				</tbody>\r\n			</table>\r\n			</td>\r\n		</tr>\r\n	</tbody>\r\n</table>\r\n\r\n<p>&nbsp;</p>','STANDAR','','',''),(57,'Pengertian','2023-05-30 13:08:05.212845','<p>Kantor Imigrasi Kelas II TPI Cilegon mendukung program pemerintah untuk melakukan penataan terhadap sistem penyelenggaraan organisasi Kementerian Hukum dan HAM Republik Indonesia yang baik, efektif dan efisien sehingga dapat melayani masyarakat secara cepat tepat dan profesional.</p>\r\n\r\n<p>Dalam penerapan Reformasi Birokrasi Kantor Imigrasi Kelas II TPI Cilegon berkomitmen mewujudkan Pembangunan Zona Integritas atau ZI menuju Wilayah Bebas dari Korupsi (WBK) dan Wilayah Birokrasi Bersih dan Melayani (WBBM) untuk membangun Unit Kerja Bebas dalam hal pencegahan korupsi dan pungutan liar serta meningkatkan kualitas pelayanan publik sesuai slogan &ldquo;Akan Sangat Baik Bila Pelayanan Kami Memuaskan Masyarakat&rdquo;.</p>\r\n\r\n<p>Syarat Pembanguan Zona Integritas disuatu Lembaga apabila telah mendapat opini dari BPK RI minimal Wajar Dalam Pengecualian (WDP), sementara Kementerian Hukum dan HAM RI telah mendapat opini dari BPK RI bahkan lebih tinggi Wajar Tanpa Pengecualian (WTP). Peluang ini direspon cepat oleh Kantor Imigrasi Kelas II TPI Cilegon untuk menjadi salah satu unit kerja yang melaksanakan Pembangunan Zona Integritas (PZI) menuju WBK dan WBBM.</p>\r\n\r\n<p>Kantor Imigrasi Kelas II TPI Cilegon membangun Zona Integritas dengan berpedoman pada Pernyataan Komitmen Bersama Pembangunan Zona Integritas menuju WBK dan WBBM dilingkungan Kementerian Hukum Dan HAM RI yang ditandatangani oleh Menteri Hukum dan HAM RI yang disertai oleh seluruh Unit Eselon 1 dilingkungan Kementerian Hukum dan HAM RI.</p>\r\n\r\n<p>Penandatanganan Pencanangan Pembangunan Zona Integritas di Kantor Wilayah Kementerian Hukum dan HAM Banten dengan disaksikan oleh unsur FORKOPIMDA dan Tokoh Masyarakat.</p>\r\n\r\n<p>Dengan komitmen yang penuh dari pimpinan dan seluruh jajaran dibuktikan dengan Pembuatan Surat Keputusan Tim Kerja, Mendeklarasikan Pembangunan Zona Integritas melalui Penandatanganan Pakta Integritas, Pemasangan Banner tentang Zona Integritas dilingkungan Kantor Imigrasi Kelas II TPI Cilegon.</p>','STANDAR','','',''),(58,'6 Area Perubahan','2023-05-30 13:10:31.583316','<p><strong>Program 1. Manajemen Perubahan</strong></p>\r\n\r\n<p>Manajemen Perubahan bertujuan untuk mengubah secara sistematis dan konsisten mekanisme kerja pola pikir dan budaya kerja. Untuk mendorong Pembangunan Zona Integritas dibentuknya Tim Kerja dalam bentuk Surat Keputusan Kepala Kantor untuk menyusun rencana Pembangunan Zona Integritas dilakukan pemantauan dan evaluasi capaian Pembangunan Zona Integritas.</p>\r\n\r\n<p>Penyusunan rencana pembangunan oleh Tim Kerja terdiri atas rencana aksi dan capaian target yang menjadi sasaran pemantauan dan evaluasi capaian hasil Pembanguan Zona Integritas dilakukan dalam rangka perkembangan pelaksanaan secara berkala (per bulan, triwulan, semester) guna meminimalkan resiko yang dihadapi dan melakukan perbaikan atas masalah yang dihadapi sesuai rekomendasi pimpinan.</p>\r\n\r\n<p>Perubahan pola pikir dan budaya kerja dilakukan dengan cara Pimpinan menjadi teladan bagi anggotanya/menetapkan agen perubahan membangun budaya kerja dan pola pikir serta keterlibatan seluruh anggota dalam Pembangunan Zona Integritas.</p>\r\n\r\n<p>&nbsp;</p>\r\n\r\n<p><strong>Program 2. Penataan Tata Laksana</strong></p>\r\n\r\n<p>Merupakan Peningkatan efisiensi dan efektifitas secara prosedur yang jelas terukur melalui beberapa hal: Penyusunan SOP dalam setiap kegiatan layanan, ketersediaan E Office dalam pelaksanaan tugas pengisian jurnal harian, keterbukaan informasi publik dengan adanya website, Instagram, twitter, facebook, youtube Humas Kantor Imigrasi Kelas II TPI Cilegon.</p>\r\n\r\n<p>&nbsp;</p>\r\n\r\n<p><strong>Program 3. Penataan Sistem Manajemen SDM</strong></p>\r\n\r\n<p>Penataan Sistem Manajemen SDM untuk meningkatkan profesionalisme dan akuntabilitas disiplin melalui perencanaan kebutuhan pegawai, pola mutasi internal, pengembangan pegawai berbasis kompetensi, dengan adanya pembinaan mental melalui siraman rohani, penetapan kerja individu (pengisian jurnal harian, penegakan aturan disiplin dan kode etik sistem informasi kepegawaian atau simpeg, bentuk konsistensi Kantor Imigrasi Kelas II TPI Cilegon dalam Pembangunan Zona Integritas berupa Pemberian Reward kepada pegawai yang berprestasi guna menumbuhkan motivasi kerja</p>\r\n\r\n<p>&nbsp;</p>\r\n\r\n<p><strong>Program 4. Penguatan Akuntabilitas</strong></p>\r\n\r\n<p>Kepala Kantor berperan dalam menciptakan hubungan kerja yang baik, penguatan akuntabilitas dilaksanakan melalui keterlibatan langsung Kepala Kantor Imigrasi Kelas II TPI Cilegon dalam melakukan penyusunan, perencanaan penetapan kinerja serta memantau pencapaian kinerja secara berkala dalam rangka menyampaikan target.</p>\r\n\r\n<p>&nbsp;</p>\r\n\r\n<p><strong>Program 5. Penguatan Pengawasan</strong></p>\r\n\r\n<p>Bertujuan untuk menciptakan penyelenggaraan kinerja yang bersih dan bebas dari KKN, pengendalaian gratifikasi dengan dibentuknya Tim Unit Pengendalian Gratifikasi, melakukan pemasangan CCTV di ruang pelayanan publik , pemasangan spanduk dan banner bertuliskan tolak gratifikasi, pemasangan nomor pengaduan Kepala Kantor dan adanya ruang pengaduan masyarakat serta penanganan benturan kepentingan, penerapan sistem pengawasan internal serta mensosialisasikan Whistle Blowing System. Kegiatan tersebut dilengkapi dengan Surat Kepala Kantor untuk penunjukkan setiap anggota dan melaporkan hasil kegiatan secara berkala. Dibentuknya Tim Pengawasan Internal. Dibentuknya Tim Pengawasan Internal dengan tujuan melakukan pengawasan internal kantor dan mencegah segala hal yang menghambat Pembangunan Zona Integritas serta penegakkan disiplin pegawai.</p>\r\n\r\n<p>&nbsp;</p>\r\n\r\n<p><strong>Program 6. Peningkatan Kualitas Pelayanan Publik</strong></p>\r\n\r\n<p>Peningkatan Kualitas Pelayanan dengan menghadirkan inovasi pelayanan melalui pemenuhan standar pelayanan dengan peningkatan sarana dan prasarana serta meningkatkan kemampuan pegawai dalam membangun budaya pelayanan prima melalui pelatihan hospitality. Dalam peningkatan kualitas pelayanan masyarakat dapat memberi penilaian melalui alat indeks kepuasan masyarakat di media pengaduan masyarakat yang disediakan dengan menjadikan setiap keluhan untuk melakukan perbaikan layanan.</p>','STANDAR','','','');
/*!40000 ALTER TABLE `main_content` ENABLE KEYS */;
UNLOCK TABLES;

--
-- Table structure for table `main_filearsipdandokumen`
--

DROP TABLE IF EXISTS `main_filearsipdandokumen`;
/*!40101 SET @saved_cs_client     = @@character_set_client */;
/*!40101 SET character_set_client = utf8 */;
CREATE TABLE `main_filearsipdandokumen` (
  `id` bigint(20) NOT NULL AUTO_INCREMENT,
  `category` varchar(50) NOT NULL,
  `file_name` varchar(200) NOT NULL,
  `file` varchar(100) NOT NULL,
  `file_added_at` datetime(6) NOT NULL,
  PRIMARY KEY (`id`)
) ENGINE=InnoDB AUTO_INCREMENT=26 DEFAULT CHARSET=utf8mb4 COLLATE=utf8mb4_general_ci;
/*!40101 SET character_set_client = @saved_cs_client */;

--
-- Dumping data for table `main_filearsipdandokumen`
--

LOCK TABLES `main_filearsipdandokumen` WRITE;
/*!40000 ALTER TABLE `main_filearsipdandokumen` DISABLE KEYS */;
INSERT INTO `main_filearsipdandokumen` VALUES (2,'DAFTAR_ISIAN_PELAKSANAAN_ANGGARAN','Test 2','files/chamber_v2.12.0_amd64.deb','2023-05-30 11:30:58.889540'),(3,'TIMPORA','PERATURAN MENTERI HUKUM DAN HAK ASASI MANUSIA  REPUBLIK INDONESIA NOMOR 50 TAHUN 2016 TENTANG TIM PENGAWASAN ORANG ASING','files/Permenkumham_Nomor_50_Tahun_2016.pdf','2023-05-30 11:41:14.070675'),(18,'LAPORAN_AKUNTABILITAS_KINERJA','LAKIP 2021','files/LAKIP_2021.pdf','2023-09-11 02:20:28.229845'),(22,'LAPORAN_AKUNTABILITAS_KINERJA','LAKIP 2022','files/LAKIP_2022_perbaikan.pdf','2023-09-11 03:17:25.233460'),(25,'LAPORAN_AKUNTABILITAS_KINERJA','RENSTRA KUMHAM','files/RENSTRA_KUMHAM_2020-2024_FINAL_CETAK_1_1_RVrThbc.pdf','2023-10-25 07:55:29.007699');
/*!40000 ALTER TABLE `main_filearsipdandokumen` ENABLE KEYS */;
UNLOCK TABLES;

--
-- Table structure for table `main_fotogaleri`
--

DROP TABLE IF EXISTS `main_fotogaleri`;
/*!40101 SET @saved_cs_client     = @@character_set_client */;
/*!40101 SET character_set_client = utf8 */;
CREATE TABLE `main_fotogaleri` (
  `id` bigint(20) NOT NULL AUTO_INCREMENT,
  `galeri_image_file` varchar(100) NOT NULL,
  `descripion_image` varchar(200) NOT NULL,
  `image_added_at` datetime(6) NOT NULL,
  `foto_category` varchar(200) NOT NULL,
  PRIMARY KEY (`id`)
) ENGINE=InnoDB AUTO_INCREMENT=27 DEFAULT CHARSET=utf8mb4 COLLATE=utf8mb4_general_ci;
/*!40101 SET character_set_client = @saved_cs_client */;

--
-- Dumping data for table `main_fotogaleri`
--

LOCK TABLES `main_fotogaleri` WRITE;
/*!40000 ALTER TABLE `main_fotogaleri` DISABLE KEYS */;
INSERT INTO `main_fotogaleri` VALUES (21,'foto/IMG_9057.jpg','Kanim Cilegon','2023-07-21 08:49:17.091973','STANDAR'),(22,'foto/WhatsApp_Image_2023-07-24_at_12.20.04.jpeg','Zona integritas','2023-07-24 07:16:35.917312','STANDAR');
/*!40000 ALTER TABLE `main_fotogaleri` ENABLE KEYS */;
UNLOCK TABLES;

--
-- Table structure for table `main_indexkepuasanmasyarakat`
--

DROP TABLE IF EXISTS `main_indexkepuasanmasyarakat`;
/*!40101 SET @saved_cs_client     = @@character_set_client */;
/*!40101 SET character_set_client = utf8 */;
CREATE TABLE `main_indexkepuasanmasyarakat` (
  `id` bigint(20) NOT NULL AUTO_INCREMENT,
  `date` datetime(6) NOT NULL,
  `total_sangat_baik` int(11) NOT NULL,
  `total_baik` int(11) NOT NULL,
  `total_kurang_baik` int(11) NOT NULL,
  `total_tidak_baik` int(11) NOT NULL,
  `p` varchar(5) NOT NULL,
  PRIMARY KEY (`id`)
) ENGINE=InnoDB AUTO_INCREMENT=6 DEFAULT CHARSET=utf8mb4 COLLATE=utf8mb4_general_ci;
/*!40101 SET character_set_client = @saved_cs_client */;

--
-- Dumping data for table `main_indexkepuasanmasyarakat`
--

LOCK TABLES `main_indexkepuasanmasyarakat` WRITE;
/*!40000 ALTER TABLE `main_indexkepuasanmasyarakat` DISABLE KEYS */;
INSERT INTO `main_indexkepuasanmasyarakat` VALUES (1,'2023-07-01 15:13:20.000000',5,1,6,1,'1'),(2,'2023-07-06 15:13:44.000000',6,1,67,2,'2'),(3,'2023-06-14 15:13:55.000000',7,2,6,1,'1'),(4,'2023-06-15 15:14:07.000000',6,1,7,1,'2'),(5,'2023-05-31 09:23:52.000000',30,0,0,0,'IKM');
/*!40000 ALTER TABLE `main_indexkepuasanmasyarakat` ENABLE KEYS */;
UNLOCK TABLES;

--
-- Table structure for table `main_indexpersepsikorupsi`
--

DROP TABLE IF EXISTS `main_indexpersepsikorupsi`;
/*!40101 SET @saved_cs_client     = @@character_set_client */;
/*!40101 SET character_set_client = utf8 */;
CREATE TABLE `main_indexpersepsikorupsi` (
  `id` bigint(20) NOT NULL AUTO_INCREMENT,
  `date` datetime(6) NOT NULL,
  `total_sangat_baik` int(11) NOT NULL,
  `total_baik` int(11) NOT NULL,
  `total_kurang_baik` int(11) NOT NULL,
  `total_tidak_baik` int(11) NOT NULL,
  `p` varchar(5) NOT NULL,
  PRIMARY KEY (`id`)
) ENGINE=InnoDB AUTO_INCREMENT=5 DEFAULT CHARSET=utf8mb4 COLLATE=utf8mb4_general_ci;
/*!40101 SET character_set_client = @saved_cs_client */;

--
-- Dumping data for table `main_indexpersepsikorupsi`
--

LOCK TABLES `main_indexpersepsikorupsi` WRITE;
/*!40000 ALTER TABLE `main_indexpersepsikorupsi` DISABLE KEYS */;
INSERT INTO `main_indexpersepsikorupsi` VALUES (1,'2023-07-03 15:12:21.000000',4,2,5,6,'1'),(2,'2023-07-04 15:13:01.000000',24,5,6,1,'2'),(3,'2023-06-02 15:14:17.000000',7,25,6,1,'1'),(4,'2023-06-15 15:14:27.000000',6,1,7,2,'2');
/*!40000 ALTER TABLE `main_indexpersepsikorupsi` ENABLE KEYS */;
UNLOCK TABLES;

--
-- Table structure for table `main_ipkandikm`
--

DROP TABLE IF EXISTS `main_ipkandikm`;
/*!40101 SET @saved_cs_client     = @@character_set_client */;
/*!40101 SET character_set_client = utf8 */;
CREATE TABLE `main_ipkandikm` (
  `id` bigint(20) NOT NULL AUTO_INCREMENT,
  `date` datetime(6) NOT NULL,
  PRIMARY KEY (`id`)
) ENGINE=InnoDB DEFAULT CHARSET=utf8mb4 COLLATE=utf8mb4_general_ci;
/*!40101 SET character_set_client = @saved_cs_client */;

--
-- Dumping data for table `main_ipkandikm`
--

LOCK TABLES `main_ipkandikm` WRITE;
/*!40000 ALTER TABLE `main_ipkandikm` DISABLE KEYS */;
/*!40000 ALTER TABLE `main_ipkandikm` ENABLE KEYS */;
UNLOCK TABLES;

--
-- Table structure for table `main_kakanim`
--

DROP TABLE IF EXISTS `main_kakanim`;
/*!40101 SET @saved_cs_client     = @@character_set_client */;
/*!40101 SET character_set_client = utf8 */;
CREATE TABLE `main_kakanim` (
  `id` bigint(20) NOT NULL AUTO_INCREMENT,
  `name` varchar(50) NOT NULL,
  `masa_jabatan` varchar(50) NOT NULL,
  `foto` varchar(100) NOT NULL,
  PRIMARY KEY (`id`)
) ENGINE=InnoDB AUTO_INCREMENT=7 DEFAULT CHARSET=utf8mb4 COLLATE=utf8mb4_general_ci;
/*!40101 SET character_set_client = @saved_cs_client */;

--
-- Dumping data for table `main_kakanim`
--

LOCK TABLES `main_kakanim` WRITE;
/*!40000 ALTER TABLE `main_kakanim` DISABLE KEYS */;
INSERT INTO `main_kakanim` VALUES (4,'MUHAMMAD DENY FIRMANSYAH','2023-Sekarang','kakanim/IMG_2200-removebg.png'),(5,'RUHIYAT M TOLIB','2021-2023','kakanim/kakanim_pak_tolib.jpg'),(6,'FAHRUL NOVRY AZMAN','2020-2021','kakanim/FAHRUL.jpg');
/*!40000 ALTER TABLE `main_kakanim` ENABLE KEYS */;
UNLOCK TABLES;

--
-- Table structure for table `main_laporanpelayananwna`
--

DROP TABLE IF EXISTS `main_laporanpelayananwna`;
/*!40101 SET @saved_cs_client     = @@character_set_client */;
/*!40101 SET character_set_client = utf8 */;
CREATE TABLE `main_laporanpelayananwna` (
  `id` bigint(20) NOT NULL AUTO_INCREMENT,
  `date` datetime(6) NOT NULL,
  `total_ijin_tinggal_kunjungan` int(11) NOT NULL,
  `total_izin_tinggal_terbatas` int(11) NOT NULL,
  PRIMARY KEY (`id`)
) ENGINE=InnoDB AUTO_INCREMENT=2 DEFAULT CHARSET=utf8mb4 COLLATE=utf8mb4_general_ci;
/*!40101 SET character_set_client = @saved_cs_client */;

--
-- Dumping data for table `main_laporanpelayananwna`
--

LOCK TABLES `main_laporanpelayananwna` WRITE;
/*!40000 ALTER TABLE `main_laporanpelayananwna` DISABLE KEYS */;
/*!40000 ALTER TABLE `main_laporanpelayananwna` ENABLE KEYS */;
UNLOCK TABLES;

--
-- Table structure for table `main_laporanpelayananwni`
--

DROP TABLE IF EXISTS `main_laporanpelayananwni`;
/*!40101 SET @saved_cs_client     = @@character_set_client */;
/*!40101 SET character_set_client = utf8 */;
CREATE TABLE `main_laporanpelayananwni` (
  `id` bigint(20) NOT NULL AUTO_INCREMENT,
  `date` datetime(6) NOT NULL,
  `total_paspor_baru` int(11) NOT NULL,
  `total_pergantian_paspor` int(11) NOT NULL,
  `total_pergantian_paspor_hilang_rusak` int(11) NOT NULL,
  `total_penyerahan_paspor` int(11) NOT NULL,
  PRIMARY KEY (`id`)
) ENGINE=InnoDB AUTO_INCREMENT=4 DEFAULT CHARSET=utf8mb4 COLLATE=utf8mb4_general_ci;
/*!40101 SET character_set_client = @saved_cs_client */;

--
-- Dumping data for table `main_laporanpelayananwni`
--

LOCK TABLES `main_laporanpelayananwni` WRITE;
/*!40000 ALTER TABLE `main_laporanpelayananwni` DISABLE KEYS */;
/*!40000 ALTER TABLE `main_laporanpelayananwni` ENABLE KEYS */;
UNLOCK TABLES;

--
-- Table structure for table `main_listperusahaandanpenginapanwilayahkerja`
--

DROP TABLE IF EXISTS `main_listperusahaandanpenginapanwilayahkerja`;
/*!40101 SET @saved_cs_client     = @@character_set_client */;
/*!40101 SET character_set_client = utf8 */;
CREATE TABLE `main_listperusahaandanpenginapanwilayahkerja` (
  `id` bigint(20) NOT NULL AUTO_INCREMENT,
  `wilayah_kerja` varchar(20) NOT NULL,
  `list_of_perusahaan_penginapan` longtext NOT NULL,
  `create_at` datetime(6) NOT NULL,
  PRIMARY KEY (`id`)
) ENGINE=InnoDB AUTO_INCREMENT=11 DEFAULT CHARSET=utf8mb4 COLLATE=utf8mb4_general_ci;
/*!40101 SET character_set_client = @saved_cs_client */;

--
-- Dumping data for table `main_listperusahaandanpenginapanwilayahkerja`
--

LOCK TABLES `main_listperusahaandanpenginapanwilayahkerja` WRITE;
/*!40000 ALTER TABLE `main_listperusahaandanpenginapanwilayahkerja` DISABLE KEYS */;
INSERT INTO `main_listperusahaandanpenginapanwilayahkerja` VALUES (1,'BOJONEGARA','<ol>\r\n	<li style=\"margin-right: 130px;\"><span style=\"font-size:11pt\"><span style=\"font-family:Calibri,sans-serif\"><strong><span dir=\"ltr\" lang=\"ms\" style=\"font-family:&quot;Arial&quot;,sans-serif\">PT. ANGEL PRODUCTS PT. APEXINDO</span></strong></span></span></li>\r\n	<li><span style=\"font-size:11pt\"><span style=\"font-family:Calibri,sans-serif\"><strong><span dir=\"ltr\" lang=\"ms\" style=\"font-family:&quot;Arial&quot;,sans-serif\">PT. EMIRA ENERGI</span></strong></span></span></li>\r\n	<li style=\"margin-right: 90px;\"><span style=\"font-size:11pt\"><span style=\"font-family:Calibri,sans-serif\"><strong><span dir=\"ltr\" lang=\"ms\" style=\"font-family:&quot;Arial&quot;,sans-serif\">PT. BAKRIE CONSTRUCTION PT. GTA CONSTRUCTION PT. ARTHA TEKNIK ABADI</span></strong></span></span></li>\r\n	<li style=\"margin-right: 70px;\"><span style=\"font-size:11pt\"><span style=\"font-family:Calibri,sans-serif\"><strong><span dir=\"ltr\" lang=\"ms\" style=\"font-family:&quot;Arial&quot;,sans-serif\">PT. JAVA TAIKO MINERALINDO PT. SUMBER GUNUNG MAJU PT. APEXINDO PRATAMA DUTA</span></strong></span></span></li>\r\n	<li style=\"margin-right: 5px;\"><span style=\"font-size:11pt\"><span style=\"font-family:Calibri,sans-serif\"><strong><span dir=\"ltr\" lang=\"ms\" style=\"font-family:&quot;Arial&quot;,sans-serif\">PT. RAJA GIEDANG MAS NOJONEGARA PT. GUNUNG PATSEAN SUMBER REJEKI PT. FARIKA STEEL</span></strong></span></span></li>\r\n	<li style=\"margin-right: 94px;\"><span style=\"font-size:11pt\"><span style=\"font-family:Calibri,sans-serif\"><strong><span dir=\"ltr\" lang=\"ms\" style=\"font-family:&quot;Arial&quot;,sans-serif\">PT. BITUNG SARANA MULIA PT. BANDAR BAKAU JAYA</span></strong></span></span></li>\r\n	<li style=\"margin-right: 65px;\"><span style=\"font-size:11pt\"><span style=\"font-family:Calibri,sans-serif\"><strong><span dir=\"ltr\" lang=\"ms\" style=\"font-family:&quot;Arial&quot;,sans-serif\">PT. WASKITA BETON PRECAST PT. HAKAASTON BOJONEGARA PT. KARYA PUTRA BERKAH</span></strong></span></span></li>\r\n	<li style=\"margin-right: 109px;\"><span style=\"font-size:11pt\"><span style=\"font-family:Calibri,sans-serif\"><strong><span dir=\"ltr\" lang=\"ms\" style=\"font-family:&quot;Arial&quot;,sans-serif\">PT. KAISHUN INDUSTRIES PT. SMS</span></strong></span></span></li>\r\n	<li style=\"margin-right: 36px;\"><span style=\"font-size:11pt\"><span style=\"font-family:Calibri,sans-serif\"><strong><span dir=\"ltr\" lang=\"ms\" style=\"font-family:&quot;Arial&quot;,sans-serif\">PT. SAMUDERA MARINE INDONESIA PT. BATU ALAM MAKMUR</span></strong></span></span></li>\r\n	<li style=\"margin-right: 118px;\"><span style=\"font-size:11pt\"><span style=\"font-family:Calibri,sans-serif\"><strong><span dir=\"ltr\" lang=\"ms\" style=\"font-family:&quot;Arial&quot;,sans-serif\">PT. PACIFIC LUBRITAMA PT. ROYAL KARYA</span></strong></span></span></li>\r\n	<li style=\"margin-right: 58px;\"><span style=\"font-size:11pt\"><span style=\"font-family:Calibri,sans-serif\"><strong><span dir=\"ltr\" lang=\"ms\" style=\"font-family:&quot;Arial&quot;,sans-serif\">PT. GAMA BOJONEGARA GAYA PT. CHINA HARBOUR INDONESIA</span></strong></span></span></li>\r\n	<li style=\"margin-right: 36px;\"><span style=\"font-size:11pt\"><span style=\"font-family:Calibri,sans-serif\"><strong><span dir=\"ltr\" lang=\"ms\" style=\"font-family:&quot;Arial&quot;,sans-serif\">PT. CILEGON DISTRIBUSINDO RAYA PT. HAOHAN CEMENT</span></strong></span></span></li>\r\n	<li style=\"margin-right: 1px;\"><span style=\"font-size:11pt\"><span style=\"font-family:Calibri,sans-serif\"><strong><span dir=\"ltr\" lang=\"ms\" style=\"font-family:&quot;Arial&quot;,sans-serif\">PT. MOTIVE MULIA MERAH PUTIH BETON PT. SUN FOOK CEMENT</span></strong></span></span></li>\r\n	<li style=\"margin-right: 65px;\"><span style=\"font-size:11pt\"><span style=\"font-family:Calibri,sans-serif\"><strong><span dir=\"ltr\" lang=\"ms\" style=\"font-family:&quot;Arial&quot;,sans-serif\">PT. MULTIMAS NABATI ASAHAN PT. ASTASITI MAHADHANA</span></strong></span></span></li>\r\n	<li style=\"margin-right: 90px;\"><span style=\"font-size:11pt\"><span style=\"font-family:Calibri,sans-serif\"><strong><span dir=\"ltr\" lang=\"ms\" style=\"font-family:&quot;Arial&quot;,sans-serif\">PT. SINAR DINAMIKA BETON PT. PILAREN CILEGON</span></strong></span></span></li>\r\n	<li style=\"margin-right: 128px;\"><span style=\"font-size:11pt\"><span style=\"font-family:Calibri,sans-serif\"><strong><span dir=\"ltr\" lang=\"ms\" style=\"font-family:&quot;Arial&quot;,sans-serif\">PT. PUTRA BAJA DELI PT. SHINKO PLANTECH PLTU JAWA 7</span></strong></span></span></li>\r\n	<li style=\"margin-right: 13px;\"><span style=\"font-size:11pt\"><span style=\"font-family:Calibri,sans-serif\"><strong><span dir=\"ltr\" lang=\"ms\" style=\"font-family:&quot;Arial&quot;,sans-serif\">PT. ARTAWA INDONESIA WORKSHOP PT. SUN FOOK INDUSTRIES INDONESIA HOTEL DE LUMA</span></strong></span></span></li>\r\n</ol>','2023-06-04 20:19:13.520840'),(2,'CIBEBER','<ol>\r\n	<li><span style=\"font-size:11pt\"><span style=\"font-family:Calibri,sans-serif\"><strong><span dir=\"ltr\" lang=\"ms\" style=\"font-size:16.0pt\"><span style=\"font-family:&quot;Arial&quot;,sans-serif\">PT. CILEGON KARYA NUSA</span></span></strong></span></span></li>\r\n	<li><span style=\"font-size:11pt\"><span style=\"font-family:Calibri,sans-serif\"><strong><span dir=\"ltr\" lang=\"ms\" style=\"font-size:16.0pt\"><span style=\"font-family:&quot;Arial&quot;,sans-serif\">PT. SARANA TEHNIK ABADI</span></span></strong></span></span></li>\r\n	<li><span style=\"font-size:11pt\"><span style=\"font-family:Calibri,sans-serif\"><strong><span dir=\"ltr\" lang=\"ms\" style=\"font-size:16.0pt\"><span style=\"font-family:&quot;Arial&quot;,sans-serif\">PT. BHINNEKA BAJANAS</span></span></strong></span></span></li>\r\n	<li><span style=\"font-size:11pt\"><span style=\"font-family:Calibri,sans-serif\"><strong><span dir=\"ltr\" lang=\"ms\" style=\"font-size:16.0pt\"><span style=\"font-family:&quot;Arial&quot;,sans-serif\">PT. GUNA TEGUH ABADI</span></span></strong></span></span></li>\r\n	<li><span style=\"font-size:11pt\"><span style=\"font-family:Calibri,sans-serif\"><strong><span dir=\"ltr\" lang=\"ms\" style=\"font-size:16.0pt\"><span style=\"font-family:&quot;Arial&quot;,sans-serif\">PT. WINTECO INDONESIA</span></span></strong></span></span></li>\r\n	<li><span style=\"font-size:11pt\"><span style=\"font-family:Calibri,sans-serif\"><strong><span dir=\"ltr\" lang=\"ms\" style=\"font-size:16.0pt\"><span style=\"font-family:&quot;Arial&quot;,sans-serif\">PT. SENTRA KARYA MANDIRI</span></span></strong></span></span></li>\r\n	<li><span style=\"font-size:11pt\"><span style=\"font-family:Calibri,sans-serif\"><strong><span dir=\"ltr\" lang=\"ms\" style=\"font-size:16.0pt\"><span style=\"font-family:&quot;Arial&quot;,sans-serif\">PT. BANGUN BETON INDONESIA</span></span></strong></span></span></li>\r\n	<li><span style=\"font-size:11pt\"><span style=\"font-family:Calibri,sans-serif\"><strong><span dir=\"ltr\" lang=\"ms\" style=\"font-size:16.0pt\"><span style=\"font-family:&quot;Arial&quot;,sans-serif\">PT. ASA PRIMA ABADI</span></span></strong></span></span></li>\r\n	<li><span style=\"font-size:11pt\"><span style=\"font-family:Calibri,sans-serif\"><strong><span dir=\"ltr\" lang=\"ms\" style=\"font-size:16.0pt\"><span style=\"font-family:&quot;Arial&quot;,sans-serif\">PT. BANGUN ASA KALIMAYA</span></span></strong></span></span></li>\r\n	<li><span style=\"font-size:11pt\"><span style=\"font-family:Calibri,sans-serif\"><strong><span dir=\"ltr\" lang=\"ms\" style=\"font-size:16.0pt\"><span style=\"font-family:&quot;Arial&quot;,sans-serif\">PT. ANEXCO MITRA ABADI</span></span></strong></span></span></li>\r\n	<li><span style=\"font-size:11pt\"><span style=\"font-family:Calibri,sans-serif\"><strong><span dir=\"ltr\" lang=\"ms\" style=\"font-size:16.0pt\"><span style=\"font-family:&quot;Arial&quot;,sans-serif\">PT. ATUR ADI YASA</span></span></strong></span></span></li>\r\n	<li><span style=\"font-size:11pt\"><span style=\"font-family:Calibri,sans-serif\"><strong><span dir=\"ltr\" lang=\"ms\" style=\"font-size:16.0pt\"><span style=\"font-family:&quot;Arial&quot;,sans-serif\">PT. CHONG RO INDONESIA</span></span></strong></span></span></li>\r\n	<li><span style=\"font-size:11pt\"><span style=\"font-family:Calibri,sans-serif\"><strong><span dir=\"ltr\" lang=\"ms\" style=\"font-size:16.0pt\"><span style=\"font-family:&quot;Arial&quot;,sans-serif\">HOTEL ARISU</span></span></strong></span></span></li>\r\n	<li><span style=\"font-size:11pt\"><span style=\"font-family:Calibri,sans-serif\"><strong><span dir=\"ltr\" lang=\"ms\" style=\"font-size:16.0pt\"><span style=\"font-family:&quot;Arial&quot;,sans-serif\">HOTEL GRAND MANGKU PUTRA</span></span></strong></span></span></li>\r\n	<li><span style=\"font-size:11pt\"><span style=\"font-family:Calibri,sans-serif\"><strong><span dir=\"ltr\" lang=\"ms\" style=\"font-size:16.0pt\"><span style=\"font-family:&quot;Arial&quot;,sans-serif\">HOTEL HORISON FORBIS</span></span></strong></span></span></li>\r\n	<li><span style=\"font-size:11pt\"><span style=\"font-family:Calibri,sans-serif\"><strong><span dir=\"ltr\" lang=\"ms\" style=\"font-size:16.0pt\"><span style=\"font-family:&quot;Arial&quot;,sans-serif\">HOTEL SARI KURING</span></span></strong></span></span></li>\r\n	<li><strong><span dir=\"ltr\" lang=\"ms\" style=\"font-size:16.0pt\"><span style=\"font-family:&quot;Arial&quot;,sans-serif\">PCI TAMAN TROPIS</span></span></strong></li>\r\n</ol>','2023-06-04 20:19:33.340334'),(3,'CILEGON','<ol>\r\n	<li><span style=\"font-size:11pt\"><span style=\"font-family:Calibri,sans-serif\"><strong><span dir=\"ltr\" lang=\"ms\" style=\"font-size:18.0pt\"><span style=\"font-family:&quot;Arial&quot;,sans-serif\">PT. TIMAH INDUSTRI</span></span></strong></span></span></li>\r\n	<li><span style=\"font-size:11pt\"><span style=\"font-family:Calibri,sans-serif\"><strong><span dir=\"ltr\" lang=\"ms\" style=\"font-size:18.0pt\"><span style=\"font-family:&quot;Arial&quot;,sans-serif\">PT. ARTHA TEKNIK ABADI</span></span></strong></span></span></li>\r\n	<li style=\"margin-right: 1px;\"><span style=\"font-size:11pt\"><span style=\"font-family:Calibri,sans-serif\"><strong><span dir=\"ltr\" lang=\"ms\" style=\"font-size:18.0pt\"><span style=\"font-family:&quot;Arial&quot;,sans-serif\">PT. PGAS SOLUTION (PGN SUBSIDIARY) PT. DUTA INTAN METALINDO</span></span></strong></span></span></li>\r\n	<li><span style=\"font-size:11pt\"><span style=\"font-family:Calibri,sans-serif\"><strong><span dir=\"ltr\" lang=\"ms\" style=\"font-size:18.0pt\"><span style=\"font-family:&quot;Arial&quot;,sans-serif\">HOTEL AMARIS</span></span></strong></span></span></li>\r\n	<li style=\"margin-right: 77px;\"><span style=\"font-size:11pt\"><span style=\"font-family:Calibri,sans-serif\"><strong><span dir=\"ltr\" lang=\"ms\" style=\"font-size:18.0pt\"><span style=\"font-family:&quot;Arial&quot;,sans-serif\">GUEST HOUSE MELODY PERUMAHAN BUMI RAKATA ASRI</span></span></strong></span></span></li>\r\n</ol>','2023-06-04 20:19:44.490478'),(4,'CITANGKIL','<ol>\r\n	<li><span style=\"font-size:11pt\"><span style=\"font-family:Calibri,sans-serif\"><strong><span dir=\"ltr\" lang=\"ms\" style=\"font-size:8.0pt\"><span style=\"font-family:&quot;Arial&quot;,sans-serif\">PT. LATINUSA</span></span></strong></span></span></li>\r\n	<li style=\"margin-right: 1px;\"><span style=\"font-size:11pt\"><span style=\"font-family:Calibri,sans-serif\"><strong><span dir=\"ltr\" lang=\"ms\" style=\"font-size:8.0pt\"><span style=\"font-family:&quot;Arial&quot;,sans-serif\">PT. KRAKATAU PEMBENGKELAN DAN PERAWATAN PT. KRAKATAU BLUE WATER</span></span></strong></span></span></li>\r\n	<li><span style=\"font-size:11pt\"><span style=\"font-family:Calibri,sans-serif\"><strong><span dir=\"ltr\" lang=\"ms\" style=\"font-size:8.0pt\"><span style=\"font-family:&quot;Arial&quot;,sans-serif\">PT. KRAKATAU POSCO</span></span></strong></span></span></li>\r\n	<li style=\"margin-right: 67px;\"><span style=\"font-size:11pt\"><span style=\"font-family:Calibri,sans-serif\"><strong><span dir=\"ltr\" lang=\"ms\" style=\"font-size:8.0pt\"><span style=\"font-family:&quot;Arial&quot;,sans-serif\">PT. KRAKATAU STEEL HOT STRIP MILL PT. KRAKATAU STEEL</span></span></strong></span></span></li>\r\n	<li><span style=\"font-size:11pt\"><span style=\"font-family:Calibri,sans-serif\"><strong><span dir=\"ltr\" lang=\"ms\" style=\"font-size:8.0pt\"><span style=\"font-family:&quot;Arial&quot;,sans-serif\">PT. KRAKATAU TIRTA INDSUTRI</span></span></strong></span></span></li>\r\n	<li style=\"margin-right: 1px;\"><span style=\"font-size:11pt\"><span style=\"font-family:Calibri,sans-serif\"><strong><span dir=\"ltr\" lang=\"ms\" style=\"font-size:8.0pt\"><span style=\"font-family:&quot;Arial&quot;,sans-serif\">PT. KRAKATAU POSCO CHEMCTECH CALCINATION PT. KRAKATAU NIPPON STEEL SUMIKIN INDONESIA PT. KRAKATAU POSCHEM DONGSUH CHEMICAL PT. HALEYORA CILEGON</span></span></strong></span></span></li>\r\n	<li style=\"margin-right: 94px;\"><span style=\"font-size:11pt\"><span style=\"font-family:Calibri,sans-serif\"><strong><span dir=\"ltr\" lang=\"ms\" style=\"font-size:8.0pt\"><span style=\"font-family:&quot;Arial&quot;,sans-serif\">PT. HITACHI METALS INDONESIA PT. MAHAKARYA PUTRA MANDIRI PT. KRAKATAU OSAKA STEEL PT. FEDERAL KARYATAMA</span></span></strong></span></span></li>\r\n	<li><span style=\"font-size:11pt\"><span style=\"font-family:Calibri,sans-serif\"><strong><span dir=\"ltr\" lang=\"ms\" style=\"font-size:8.0pt\"><span style=\"font-family:&quot;Arial&quot;,sans-serif\">PT. WASTEC</span></span></strong></span></span></li>\r\n	<li><span style=\"font-size:11pt\"><span style=\"font-family:Calibri,sans-serif\"><strong><span dir=\"ltr\" lang=\"ms\" style=\"font-size:8.0pt\"><span style=\"font-family:&quot;Arial&quot;,sans-serif\">PT. CABOT INDONESIA</span></span></strong></span></span></li>\r\n	<li style=\"margin-right: 103px;\"><span style=\"font-size:11pt\"><span style=\"font-family:Calibri,sans-serif\"><strong><span dir=\"ltr\" lang=\"ms\" style=\"font-size:8.0pt\"><span style=\"font-family:&quot;Arial&quot;,sans-serif\">PT. KRAKATAU DAYA LISTRIK PT. PUTRA CILEGON MANDIRI PT. CIGADING HABEAM CENTER PT. AIR LIQUIDE INDONESIA</span></span></strong></span></span></li>\r\n	<li style=\"margin-right: 104px;\"><span style=\"font-size:11pt\"><span style=\"font-family:Calibri,sans-serif\"><strong><span dir=\"ltr\" lang=\"ms\" style=\"font-size:8.0pt\"><span style=\"font-family:&quot;Arial&quot;,sans-serif\">PT. KRAKATAU DAYA TIRTA PELABUHAN CILEGON MANDIRI PT. KHI PIPE</span></span></strong></span></span></li>\r\n	<li style=\"margin-right: 67px;\"><span style=\"font-size:11pt\"><span style=\"font-family:Calibri,sans-serif\"><strong><span dir=\"ltr\" lang=\"ms\" style=\"font-size:8.0pt\"><span style=\"font-family:&quot;Arial&quot;,sans-serif\">PT. KRAKATAU DAEDONG MACHINERY PT. KRAKATAU ARGO LOGISTICS</span></span></strong></span></span></li>\r\n	<li style=\"margin-right: 67px; text-align: justify;\"><span style=\"font-size:11pt\"><span style=\"font-family:Calibri,sans-serif\"><strong><span dir=\"ltr\" lang=\"ms\" style=\"font-size:8.0pt\"><span style=\"font-family:&quot;Arial&quot;,sans-serif\">PT. KRAKATAU STEEL HSM PROJECT 1 PT. KRAKATAU STEEL HSM PROJECT 2 BLAST FURNACE</span></span></strong></span></span></li>\r\n	<li style=\"margin-right: 138px;\"><span style=\"font-size:11pt\"><span style=\"font-family:Calibri,sans-serif\"><strong><span dir=\"ltr\" lang=\"ms\" style=\"font-size:8.0pt\"><span style=\"font-family:&quot;Arial&quot;,sans-serif\">PURNA BAJA HARSCO PT. ARCHROMA CILEGON</span></span></strong></span></span></li>\r\n	<li style=\"margin-right: 67px;\"><span style=\"font-size:11pt\"><span style=\"font-family:Calibri,sans-serif\"><strong><span dir=\"ltr\" lang=\"ms\" style=\"font-size:8.0pt\"><span style=\"font-family:&quot;Arial&quot;,sans-serif\">PT. WIJAYA KARYA KRAKATAU BETON PT. SAMSON TIARA</span></span></strong></span></span></li>\r\n	<li><span style=\"font-size:11pt\"><span style=\"font-family:Calibri,sans-serif\"><strong><span dir=\"ltr\" lang=\"ms\" style=\"font-size:8.0pt\"><span style=\"font-family:&quot;Arial&quot;,sans-serif\">PT. HARBISON WALKER</span></span></strong></span></span></li>\r\n	<li><span style=\"font-size:11pt\"><span style=\"font-family:Calibri,sans-serif\"><strong><span dir=\"ltr\" lang=\"ms\" style=\"font-size:8.0pt\"><span style=\"font-family:&quot;Arial&quot;,sans-serif\">PT. BLUESCOPE INDONESIA</span></span></strong></span></span></li>\r\n	<li style=\"margin-right: 48px;\"><span style=\"font-size:11pt\"><span style=\"font-family:Calibri,sans-serif\"><strong><span dir=\"ltr\" lang=\"ms\" style=\"font-size:8.0pt\"><span style=\"font-family:&quot;Arial&quot;,sans-serif\">PT. DAEKYUNG INDAH HEAVY INDSUTRY PT. THERMAX INTERNATIONAL INDONESIA PT. ROHM &amp; HAAS</span></span></strong></span></span></li>\r\n	<li><span style=\"font-size:11pt\"><span style=\"font-family:Calibri,sans-serif\"><strong><span dir=\"ltr\" lang=\"ms\" style=\"font-size:8.0pt\"><span style=\"font-family:&quot;Arial&quot;,sans-serif\">PT. ALBA PUTRA</span></span></strong></span></span></li>\r\n	<li style=\"margin-right: 100px;\"><span style=\"font-size:11pt\"><span style=\"font-family:Calibri,sans-serif\"><strong><span dir=\"ltr\" lang=\"ms\" style=\"font-size:8.0pt\"><span style=\"font-family:&quot;Arial&quot;,sans-serif\">PT. KARUNIA BERCA INDONESIA PT. SURYA BESINDO SAKTI</span></span></strong></span></span></li>\r\n	<li style=\"margin-right: 109px;\"><span style=\"font-size:11pt\"><span style=\"font-family:Calibri,sans-serif\"><strong><span dir=\"ltr\" lang=\"ms\" style=\"font-size:8.0pt\"><span style=\"font-family:&quot;Arial&quot;,sans-serif\">PT. RC GREASE LUBRICANT PT. COKRO PUTRA PERSADA PT. CIOMAS ARIYA SAMUDERA PT. MMC METAL FABRICATION PT. SWING INDONESIA</span></span></strong></span></span></li>\r\n	<li style=\"margin-right: 41px;\"><span style=\"font-size:11pt\"><span style=\"font-family:Calibri,sans-serif\"><strong><span dir=\"ltr\" lang=\"ms\" style=\"font-size:8.0pt\"><span style=\"font-family:&quot;Arial&quot;,sans-serif\">PT. SODIUM DEDOCYLBENZENE INDONESIA PT. JINSUNG KS</span></span></strong></span></span></li>\r\n	<li><span style=\"font-size:11pt\"><span style=\"font-family:Calibri,sans-serif\"><strong><span dir=\"ltr\" lang=\"ms\" style=\"font-size:8.0pt\"><span style=\"font-family:&quot;Arial&quot;,sans-serif\">PT. KRnG</span></span></strong></span></span></li>\r\n	<li><span style=\"font-size:11pt\"><span style=\"font-family:Calibri,sans-serif\"><strong><span dir=\"ltr\" lang=\"ms\" style=\"font-size:8.0pt\"><span style=\"font-family:&quot;Arial&quot;,sans-serif\">PT.DIPY INTI ENERGI</span></span></strong></span></span></li>\r\n	<li style=\"margin-right: 21px;\"><span style=\"font-size:11pt\"><span style=\"font-family:Calibri,sans-serif\"><strong><span dir=\"ltr\" lang=\"ms\" style=\"font-size:8.0pt\"><span style=\"font-family:&quot;Arial&quot;,sans-serif\">PT. KRAKATAU BANDAR SAMUDERA DRY PORT PT. ADIL JAYA CILEGON</span></span></strong></span></span></li>\r\n	<li style=\"margin-right: 65px;\"><span style=\"font-size:11pt\"><span style=\"font-family:Calibri,sans-serif\"><strong><span dir=\"ltr\" lang=\"ms\" style=\"font-size:8.0pt\"><span style=\"font-family:&quot;Arial&quot;,sans-serif\">PT. NIPPON STEEL TEXENG INDONESIA PT. AZBIL BERCA INDONESIA</span></span></strong></span></span></li>\r\n	<li style=\"margin-right: 70px;\"><span style=\"font-size:11pt\"><span style=\"font-family:Calibri,sans-serif\"><strong><span dir=\"ltr\" lang=\"ms\" style=\"font-size:8.0pt\"><span style=\"font-family:&quot;Arial&quot;,sans-serif\">PT. BINESQO MULYATAMA INDONSEIA PT. PERTAMINA GAS</span></span></strong></span></span></li>\r\n	<li style=\"margin-right: 93px;\"><span style=\"font-size:11pt\"><span style=\"font-family:Calibri,sans-serif\"><strong><span dir=\"ltr\" lang=\"ms\" style=\"font-size:8.0pt\"><span style=\"font-family:&quot;Arial&quot;,sans-serif\">PT. CENTRAL BERKAT INDONESIA PT. ARTAS ENERGI PETROGAS PT. KRAKATAU KONSULTAN</span></span></strong></span></span></li>\r\n	<li style=\"margin-right: 75px;\"><span style=\"font-size:11pt\"><span style=\"font-family:Calibri,sans-serif\"><strong><span dir=\"ltr\" lang=\"ms\" style=\"font-size:8.0pt\"><span style=\"font-family:&quot;Arial&quot;,sans-serif\">CV. HAFIS NURYATAMA KONSTRUKSI GUESTHOUSE AIRLANGGA</span></span></strong></span></span></li>\r\n</ol>','2023-06-04 20:19:57.511928'),(5,'CIWANDAN','<ol>\r\n	<li><span style=\"font-size:11pt\"><span style=\"font-family:Calibri,sans-serif\"><strong><span dir=\"ltr\" lang=\"ms\" style=\"font-size:8.0pt\"><span style=\"font-family:&quot;Arial&quot;,sans-serif\">PT. LATINUSA</span></span></strong></span></span></li>\r\n	<li style=\"margin-right: 1px;\"><span style=\"font-size:11pt\"><span style=\"font-family:Calibri,sans-serif\"><strong><span dir=\"ltr\" lang=\"ms\" style=\"font-size:8.0pt\"><span style=\"font-family:&quot;Arial&quot;,sans-serif\">PT. KRAKATAU PEMBENGKELAN DAN PERAWATAN PT. KRAKATAU BLUE WATER</span></span></strong></span></span></li>\r\n	<li><span style=\"font-size:11pt\"><span style=\"font-family:Calibri,sans-serif\"><strong><span dir=\"ltr\" lang=\"ms\" style=\"font-size:8.0pt\"><span style=\"font-family:&quot;Arial&quot;,sans-serif\">PT. KRAKATAU POSCO</span></span></strong></span></span></li>\r\n	<li style=\"margin-right: 67px;\"><span style=\"font-size:11pt\"><span style=\"font-family:Calibri,sans-serif\"><strong><span dir=\"ltr\" lang=\"ms\" style=\"font-size:8.0pt\"><span style=\"font-family:&quot;Arial&quot;,sans-serif\">PT. KRAKATAU STEEL HOT STRIP MILL PT. KRAKATAU STEEL</span></span></strong></span></span></li>\r\n	<li><span style=\"font-size:11pt\"><span style=\"font-family:Calibri,sans-serif\"><strong><span dir=\"ltr\" lang=\"ms\" style=\"font-size:8.0pt\"><span style=\"font-family:&quot;Arial&quot;,sans-serif\">PT. KRAKATAU TIRTA INDSUTRI</span></span></strong></span></span></li>\r\n	<li style=\"margin-right: 1px;\"><span style=\"font-size:11pt\"><span style=\"font-family:Calibri,sans-serif\"><strong><span dir=\"ltr\" lang=\"ms\" style=\"font-size:8.0pt\"><span style=\"font-family:&quot;Arial&quot;,sans-serif\">PT. KRAKATAU POSCO CHEMCTECH CALCINATION PT. KRAKATAU NIPPON STEEL SUMIKIN INDONESIA PT. KRAKATAU POSCHEM DONGSUH CHEMICAL PT. HALEYORA CILEGON</span></span></strong></span></span></li>\r\n	<li style=\"margin-right: 94px;\"><span style=\"font-size:11pt\"><span style=\"font-family:Calibri,sans-serif\"><strong><span dir=\"ltr\" lang=\"ms\" style=\"font-size:8.0pt\"><span style=\"font-family:&quot;Arial&quot;,sans-serif\">PT. HITACHI METALS INDONESIA PT. MAHAKARYA PUTRA MANDIRI PT. KRAKATAU OSAKA STEEL PT. FEDERAL KARYATAMA</span></span></strong></span></span></li>\r\n	<li><span style=\"font-size:11pt\"><span style=\"font-family:Calibri,sans-serif\"><strong><span dir=\"ltr\" lang=\"ms\" style=\"font-size:8.0pt\"><span style=\"font-family:&quot;Arial&quot;,sans-serif\">PT. WASTEC</span></span></strong></span></span></li>\r\n	<li><span style=\"font-size:11pt\"><span style=\"font-family:Calibri,sans-serif\"><strong><span dir=\"ltr\" lang=\"ms\" style=\"font-size:8.0pt\"><span style=\"font-family:&quot;Arial&quot;,sans-serif\">PT. CABOT INDONESIA</span></span></strong></span></span></li>\r\n	<li style=\"margin-right: 103px;\"><span style=\"font-size:11pt\"><span style=\"font-family:Calibri,sans-serif\"><strong><span dir=\"ltr\" lang=\"ms\" style=\"font-size:8.0pt\"><span style=\"font-family:&quot;Arial&quot;,sans-serif\">PT. KRAKATAU DAYA LISTRIK PT. PUTRA CILEGON MANDIRI PT. CIGADING HABEAM CENTER PT. AIR LIQUIDE INDONESIA</span></span></strong></span></span></li>\r\n	<li style=\"margin-right: 104px;\"><span style=\"font-size:11pt\"><span style=\"font-family:Calibri,sans-serif\"><strong><span dir=\"ltr\" lang=\"ms\" style=\"font-size:8.0pt\"><span style=\"font-family:&quot;Arial&quot;,sans-serif\">PT. KRAKATAU DAYA TIRTA PELABUHAN CILEGON MANDIRI PT. KHI PIPE</span></span></strong></span></span></li>\r\n	<li style=\"margin-right: 67px;\"><span style=\"font-size:11pt\"><span style=\"font-family:Calibri,sans-serif\"><strong><span dir=\"ltr\" lang=\"ms\" style=\"font-size:8.0pt\"><span style=\"font-family:&quot;Arial&quot;,sans-serif\">PT. KRAKATAU DAEDONG MACHINERY PT. KRAKATAU ARGO LOGISTICS</span></span></strong></span></span></li>\r\n	<li style=\"margin-right: 67px; text-align: justify;\"><span style=\"font-size:11pt\"><span style=\"font-family:Calibri,sans-serif\"><strong><span dir=\"ltr\" lang=\"ms\" style=\"font-size:8.0pt\"><span style=\"font-family:&quot;Arial&quot;,sans-serif\">PT. KRAKATAU STEEL HSM PROJECT 1 PT. KRAKATAU STEEL HSM PROJECT 2 BLAST FURNACE</span></span></strong></span></span></li>\r\n	<li style=\"margin-right: 138px;\"><span style=\"font-size:11pt\"><span style=\"font-family:Calibri,sans-serif\"><strong><span dir=\"ltr\" lang=\"ms\" style=\"font-size:8.0pt\"><span style=\"font-family:&quot;Arial&quot;,sans-serif\">PURNA BAJA HARSCO PT. ARCHROMA CILEGON</span></span></strong></span></span></li>\r\n	<li style=\"margin-right: 67px;\"><span style=\"font-size:11pt\"><span style=\"font-family:Calibri,sans-serif\"><strong><span dir=\"ltr\" lang=\"ms\" style=\"font-size:8.0pt\"><span style=\"font-family:&quot;Arial&quot;,sans-serif\">PT. WIJAYA KARYA KRAKATAU BETON PT. SAMSON TIARA</span></span></strong></span></span></li>\r\n	<li><span style=\"font-size:11pt\"><span style=\"font-family:Calibri,sans-serif\"><strong><span dir=\"ltr\" lang=\"ms\" style=\"font-size:8.0pt\"><span style=\"font-family:&quot;Arial&quot;,sans-serif\">PT. HARBISON WALKER</span></span></strong></span></span></li>\r\n	<li><span style=\"font-size:11pt\"><span style=\"font-family:Calibri,sans-serif\"><strong><span dir=\"ltr\" lang=\"ms\" style=\"font-size:8.0pt\"><span style=\"font-family:&quot;Arial&quot;,sans-serif\">PT. BLUESCOPE INDONESIA</span></span></strong></span></span></li>\r\n	<li style=\"margin-right: 48px;\"><span style=\"font-size:11pt\"><span style=\"font-family:Calibri,sans-serif\"><strong><span dir=\"ltr\" lang=\"ms\" style=\"font-size:8.0pt\"><span style=\"font-family:&quot;Arial&quot;,sans-serif\">PT. DAEKYUNG INDAH HEAVY INDSUTRY PT. THERMAX INTERNATIONAL INDONESIA PT. ROHM &amp; HAAS</span></span></strong></span></span></li>\r\n	<li><span style=\"font-size:11pt\"><span style=\"font-family:Calibri,sans-serif\"><strong><span dir=\"ltr\" lang=\"ms\" style=\"font-size:8.0pt\"><span style=\"font-family:&quot;Arial&quot;,sans-serif\">PT. ALBA PUTRA</span></span></strong></span></span></li>\r\n	<li style=\"margin-right: 100px;\"><span style=\"font-size:11pt\"><span style=\"font-family:Calibri,sans-serif\"><strong><span dir=\"ltr\" lang=\"ms\" style=\"font-size:8.0pt\"><span style=\"font-family:&quot;Arial&quot;,sans-serif\">PT. KARUNIA BERCA INDONESIA PT. SURYA BESINDO SAKTI</span></span></strong></span></span></li>\r\n	<li style=\"margin-right: 109px;\"><span style=\"font-size:11pt\"><span style=\"font-family:Calibri,sans-serif\"><strong><span dir=\"ltr\" lang=\"ms\" style=\"font-size:8.0pt\"><span style=\"font-family:&quot;Arial&quot;,sans-serif\">PT. RC GREASE LUBRICANT PT. COKRO PUTRA PERSADA PT. CIOMAS ARIYA SAMUDERA PT. MMC METAL FABRICATION PT. SWING INDONESIA</span></span></strong></span></span></li>\r\n	<li style=\"margin-right: 41px;\"><span style=\"font-size:11pt\"><span style=\"font-family:Calibri,sans-serif\"><strong><span dir=\"ltr\" lang=\"ms\" style=\"font-size:8.0pt\"><span style=\"font-family:&quot;Arial&quot;,sans-serif\">PT. SODIUM DEDOCYLBENZENE INDONESIA PT. JINSUNG KS</span></span></strong></span></span></li>\r\n	<li><span style=\"font-size:11pt\"><span style=\"font-family:Calibri,sans-serif\"><strong><span dir=\"ltr\" lang=\"ms\" style=\"font-size:8.0pt\"><span style=\"font-family:&quot;Arial&quot;,sans-serif\">PT. KRnG</span></span></strong></span></span></li>\r\n	<li><span style=\"font-size:11pt\"><span style=\"font-family:Calibri,sans-serif\"><strong><span dir=\"ltr\" lang=\"ms\" style=\"font-size:8.0pt\"><span style=\"font-family:&quot;Arial&quot;,sans-serif\">PT.DIPY INTI ENERGI</span></span></strong></span></span></li>\r\n	<li style=\"margin-right: 21px;\"><span style=\"font-size:11pt\"><span style=\"font-family:Calibri,sans-serif\"><strong><span dir=\"ltr\" lang=\"ms\" style=\"font-size:8.0pt\"><span style=\"font-family:&quot;Arial&quot;,sans-serif\">PT. KRAKATAU BANDAR SAMUDERA DRY PORT PT. ADIL JAYA CILEGON</span></span></strong></span></span></li>\r\n	<li style=\"margin-right: 65px;\"><span style=\"font-size:11pt\"><span style=\"font-family:Calibri,sans-serif\"><strong><span dir=\"ltr\" lang=\"ms\" style=\"font-size:8.0pt\"><span style=\"font-family:&quot;Arial&quot;,sans-serif\">PT. NIPPON STEEL TEXENG INDONESIA PT. AZBIL BERCA INDONESIA</span></span></strong></span></span></li>\r\n	<li style=\"margin-right: 70px;\"><span style=\"font-size:11pt\"><span style=\"font-family:Calibri,sans-serif\"><strong><span dir=\"ltr\" lang=\"ms\" style=\"font-size:8.0pt\"><span style=\"font-family:&quot;Arial&quot;,sans-serif\">PT. BINESQO MULYATAMA INDONSEIA PT. PERTAMINA GAS</span></span></strong></span></span></li>\r\n	<li style=\"margin-right: 93px;\"><span style=\"font-size:11pt\"><span style=\"font-family:Calibri,sans-serif\"><strong><span dir=\"ltr\" lang=\"ms\" style=\"font-size:8.0pt\"><span style=\"font-family:&quot;Arial&quot;,sans-serif\">PT. CENTRAL BERKAT INDONESIA PT. ARTAS ENERGI PETROGAS PT. KRAKATAU KONSULTAN</span></span></strong></span></span></li>\r\n	<li style=\"margin-right: 75px;\"><span style=\"font-size:11pt\"><span style=\"font-family:Calibri,sans-serif\"><strong><span dir=\"ltr\" lang=\"ms\" style=\"font-size:8.0pt\"><span style=\"font-family:&quot;Arial&quot;,sans-serif\">CV. HAFIS NURYATAMA KONSTRUKSI GUESTHOUSE AIRLANGGA</span></span></strong></span></span></li>\r\n</ol>','2023-06-04 20:20:07.870364'),(6,'GEROGOL','<ol>\r\n	<li style=\"margin-right: 167px;\"><span style=\"font-size:11pt\"><span style=\"font-family:Calibri,sans-serif\"><strong><span dir=\"ltr\" lang=\"ms\" style=\"font-family:&quot;Arial&quot;,sans-serif\">PT. DOVER CHEMICAL PT. SABA PRATAMA</span></strong></span></span></li>\r\n	<li style=\"margin-right: 49px;\"><span style=\"font-size:11pt\"><span style=\"font-family:Calibri,sans-serif\"><strong><span dir=\"ltr\" lang=\"ms\" style=\"font-family:&quot;Arial&quot;,sans-serif\">PT. MITSUBISHI CHEMICAL INDONESIA PT. MC PET FILM INDONESIA</span></strong></span></span></li>\r\n	<li style=\"margin-right: 92px;\"><span style=\"font-size:11pt\"><span style=\"font-family:Calibri,sans-serif\"><strong><span dir=\"ltr\" lang=\"ms\" style=\"font-family:&quot;Arial&quot;,sans-serif\">PT. STANDARD TOYO POLYMER PT. POLYTECH INDOHAUSEN PT. PRATAMA GALUH PERKASA PT. BUANA CENTRA SWAKARSA PT. PGN</span></strong></span></span></li>\r\n	<li style=\"margin-right: 119px;\"><span style=\"font-size:11pt\"><span style=\"font-family:Calibri,sans-serif\"><strong><span dir=\"ltr\" lang=\"ms\" style=\"font-family:&quot;Arial&quot;,sans-serif\">PT. UNGGUL INDAH CAHAYA PT. SAMATOR INDSUTRI</span></strong></span></span></li>\r\n	<li style=\"margin-right: 117px;\"><span style=\"font-size:11pt\"><span style=\"font-family:Calibri,sans-serif\"><strong><span dir=\"ltr\" lang=\"ms\" style=\"font-family:&quot;Arial&quot;,sans-serif\">PT. HOKARI LINEX PRATAMA PT. LOTTE CHEMICAL</span></strong></span></span></li>\r\n	<li><span style=\"font-size:11pt\"><span style=\"font-family:Calibri,sans-serif\"><strong><span dir=\"ltr\" lang=\"ms\" style=\"font-family:&quot;Arial&quot;,sans-serif\">PT. BUMI MULIA INDAH LESTARI</span></strong></span></span></li>\r\n	<li style=\"margin-right: 62px;\"><span style=\"font-size:11pt\"><span style=\"font-family:Calibri,sans-serif\"><strong><span dir=\"ltr\" lang=\"ms\" style=\"font-family:&quot;Arial&quot;,sans-serif\">PT. BP PTEROCHEMICAL INDONESIA PT. STYRON INDONESIA</span></strong></span></span></li>\r\n	<li><span style=\"font-size:11pt\"><span style=\"font-family:Calibri,sans-serif\"><strong><span dir=\"ltr\" lang=\"ms\" style=\"font-family:&quot;Arial&quot;,sans-serif\">PT. BUMI MERAK TRANSPORT</span></strong></span></span></li>\r\n	<li style=\"margin-right: 64px;\"><span style=\"font-size:11pt\"><span style=\"font-family:Calibri,sans-serif\"><strong><span dir=\"ltr\" lang=\"ms\" style=\"font-family:&quot;Arial&quot;,sans-serif\">PT. TRINSEOMATERIALS INDONESIA PT. VOPAK TERMINAL MERAK</span></strong></span></span></li>\r\n	<li><span style=\"font-size:11pt\"><span style=\"font-family:Calibri,sans-serif\"><strong><span dir=\"ltr\" lang=\"ms\" style=\"font-family:&quot;Arial&quot;,sans-serif\">PT. CASTROL INDONESIA</span></strong></span></span></li>\r\n	<li><span style=\"font-size:11pt\"><span style=\"font-family:Calibri,sans-serif\"><strong><span dir=\"ltr\" lang=\"ms\" style=\"font-family:&quot;Arial&quot;,sans-serif\">PT. PERTAMINA TERMINAL TANJUNG GEREM PT. COMMONWEALTH STEEL</span></strong></span></span></li>\r\n	<li><span style=\"font-size:11pt\"><span style=\"font-family:Calibri,sans-serif\"><strong><span dir=\"ltr\" lang=\"ms\" style=\"font-family:&quot;Arial&quot;,sans-serif\">PT. TENARIS SPIJ</span></strong></span></span></li>\r\n	<li><span style=\"font-size:11pt\"><span style=\"font-family:Calibri,sans-serif\"><strong><span dir=\"ltr\" lang=\"ms\" style=\"font-family:&quot;Arial&quot;,sans-serif\">PT. STOLLBERG SAMIL</span></strong></span></span></li>\r\n	<li style=\"margin-right: 110px;\"><span style=\"font-size:11pt\"><span style=\"font-family:Calibri,sans-serif\"><strong><span dir=\"ltr\" lang=\"ms\" style=\"font-family:&quot;Arial&quot;,sans-serif\">PT. DAEWOO LOGISTICS ASIA PT. IPCR</span></strong></span></span></li>\r\n	<li><span style=\"font-size:11pt\"><span style=\"font-family:Calibri,sans-serif\"><strong><span dir=\"ltr\" lang=\"ms\" style=\"font-family:&quot;Arial&quot;,sans-serif\">PT. MCA INDONESIA</span></strong></span></span></li>\r\n	<li><span style=\"font-size:11pt\"><span style=\"font-family:Calibri,sans-serif\"><strong><span dir=\"ltr\" lang=\"ms\" style=\"font-family:&quot;Arial&quot;,sans-serif\">PT. POSCOMTECH INDONESIA</span></strong></span></span></li>\r\n</ol>','2023-06-04 20:20:18.290668'),(7,'JOMBANG','<ol>\r\n	<li style=\"margin-right: 167px;\"><span style=\"font-size:11pt\"><span style=\"font-family:Calibri,sans-serif\"><strong><span dir=\"ltr\" lang=\"ms\" style=\"font-family:&quot;Arial&quot;,sans-serif\">PT. DOVER CHEMICAL PT. SABA PRATAMA</span></strong></span></span></li>\r\n	<li style=\"margin-right: 49px;\"><span style=\"font-size:11pt\"><span style=\"font-family:Calibri,sans-serif\"><strong><span dir=\"ltr\" lang=\"ms\" style=\"font-family:&quot;Arial&quot;,sans-serif\">PT. MITSUBISHI CHEMICAL INDONESIA PT. MC PET FILM INDONESIA</span></strong></span></span></li>\r\n	<li style=\"margin-right: 92px;\"><span style=\"font-size:11pt\"><span style=\"font-family:Calibri,sans-serif\"><strong><span dir=\"ltr\" lang=\"ms\" style=\"font-family:&quot;Arial&quot;,sans-serif\">PT. STANDARD TOYO POLYMER PT. POLYTECH INDOHAUSEN PT. PRATAMA GALUH PERKASA PT. BUANA CENTRA SWAKARSA PT. PGN</span></strong></span></span></li>\r\n	<li style=\"margin-right: 119px;\"><span style=\"font-size:11pt\"><span style=\"font-family:Calibri,sans-serif\"><strong><span dir=\"ltr\" lang=\"ms\" style=\"font-family:&quot;Arial&quot;,sans-serif\">PT. UNGGUL INDAH CAHAYA PT. SAMATOR INDSUTRI</span></strong></span></span></li>\r\n	<li style=\"margin-right: 117px;\"><span style=\"font-size:11pt\"><span style=\"font-family:Calibri,sans-serif\"><strong><span dir=\"ltr\" lang=\"ms\" style=\"font-family:&quot;Arial&quot;,sans-serif\">PT. HOKARI LINEX PRATAMA PT. LOTTE CHEMICAL</span></strong></span></span></li>\r\n	<li><span style=\"font-size:11pt\"><span style=\"font-family:Calibri,sans-serif\"><strong><span dir=\"ltr\" lang=\"ms\" style=\"font-family:&quot;Arial&quot;,sans-serif\">PT. BUMI MULIA INDAH LESTARI</span></strong></span></span></li>\r\n	<li style=\"margin-right: 62px;\"><span style=\"font-size:11pt\"><span style=\"font-family:Calibri,sans-serif\"><strong><span dir=\"ltr\" lang=\"ms\" style=\"font-family:&quot;Arial&quot;,sans-serif\">PT. BP PTEROCHEMICAL INDONESIA PT. STYRON INDONESIA</span></strong></span></span></li>\r\n	<li><span style=\"font-size:11pt\"><span style=\"font-family:Calibri,sans-serif\"><strong><span dir=\"ltr\" lang=\"ms\" style=\"font-family:&quot;Arial&quot;,sans-serif\">PT. BUMI MERAK TRANSPORT</span></strong></span></span></li>\r\n	<li style=\"margin-right: 64px;\"><span style=\"font-size:11pt\"><span style=\"font-family:Calibri,sans-serif\"><strong><span dir=\"ltr\" lang=\"ms\" style=\"font-family:&quot;Arial&quot;,sans-serif\">PT. TRINSEOMATERIALS INDONESIA PT. VOPAK TERMINAL MERAK</span></strong></span></span></li>\r\n	<li><span style=\"font-size:11pt\"><span style=\"font-family:Calibri,sans-serif\"><strong><span dir=\"ltr\" lang=\"ms\" style=\"font-family:&quot;Arial&quot;,sans-serif\">PT. CASTROL INDONESIA</span></strong></span></span></li>\r\n	<li><span style=\"font-size:11pt\"><span style=\"font-family:Calibri,sans-serif\"><strong><span dir=\"ltr\" lang=\"ms\" style=\"font-family:&quot;Arial&quot;,sans-serif\">PT. PERTAMINA TERMINAL TANJUNG GEREM PT. COMMONWEALTH STEEL</span></strong></span></span></li>\r\n	<li><span style=\"font-size:11pt\"><span style=\"font-family:Calibri,sans-serif\"><strong><span dir=\"ltr\" lang=\"ms\" style=\"font-family:&quot;Arial&quot;,sans-serif\">PT. TENARIS SPIJ</span></strong></span></span></li>\r\n	<li><span style=\"font-size:11pt\"><span style=\"font-family:Calibri,sans-serif\"><strong><span dir=\"ltr\" lang=\"ms\" style=\"font-family:&quot;Arial&quot;,sans-serif\">PT. STOLLBERG SAMIL</span></strong></span></span></li>\r\n	<li style=\"margin-right: 110px;\"><span style=\"font-size:11pt\"><span style=\"font-family:Calibri,sans-serif\"><strong><span dir=\"ltr\" lang=\"ms\" style=\"font-family:&quot;Arial&quot;,sans-serif\">PT. DAEWOO LOGISTICS ASIA PT. IPCR</span></strong></span></span></li>\r\n	<li><span style=\"font-size:11pt\"><span style=\"font-family:Calibri,sans-serif\"><strong><span dir=\"ltr\" lang=\"ms\" style=\"font-family:&quot;Arial&quot;,sans-serif\">PT. MCA INDONESIA</span></strong></span></span></li>\r\n	<li><span style=\"font-size:11pt\"><span style=\"font-family:Calibri,sans-serif\"><strong><span dir=\"ltr\" lang=\"ms\" style=\"font-family:&quot;Arial&quot;,sans-serif\">PT. POSCOMTECH INDONESIA</span></strong></span></span></li>\r\n</ol>','2023-06-04 20:20:27.300282'),(8,'PULOAMPEL','<ol>\r\n	<li style=\"margin-right: 167px;\"><span style=\"font-size:11pt\"><span style=\"font-family:Calibri,sans-serif\"><strong><span dir=\"ltr\" lang=\"ms\" style=\"font-family:&quot;Arial&quot;,sans-serif\">PT. DOVER CHEMICAL PT. SABA PRATAMA</span></strong></span></span></li>\r\n	<li style=\"margin-right: 49px;\"><span style=\"font-size:11pt\"><span style=\"font-family:Calibri,sans-serif\"><strong><span dir=\"ltr\" lang=\"ms\" style=\"font-family:&quot;Arial&quot;,sans-serif\">PT. MITSUBISHI CHEMICAL INDONESIA PT. MC PET FILM INDONESIA</span></strong></span></span></li>\r\n	<li style=\"margin-right: 92px;\"><span style=\"font-size:11pt\"><span style=\"font-family:Calibri,sans-serif\"><strong><span dir=\"ltr\" lang=\"ms\" style=\"font-family:&quot;Arial&quot;,sans-serif\">PT. STANDARD TOYO POLYMER PT. POLYTECH INDOHAUSEN PT. PRATAMA GALUH PERKASA PT. BUANA CENTRA SWAKARSA PT. PGN</span></strong></span></span></li>\r\n	<li style=\"margin-right: 119px;\"><span style=\"font-size:11pt\"><span style=\"font-family:Calibri,sans-serif\"><strong><span dir=\"ltr\" lang=\"ms\" style=\"font-family:&quot;Arial&quot;,sans-serif\">PT. UNGGUL INDAH CAHAYA PT. SAMATOR INDSUTRI</span></strong></span></span></li>\r\n	<li style=\"margin-right: 117px;\"><span style=\"font-size:11pt\"><span style=\"font-family:Calibri,sans-serif\"><strong><span dir=\"ltr\" lang=\"ms\" style=\"font-family:&quot;Arial&quot;,sans-serif\">PT. HOKARI LINEX PRATAMA PT. LOTTE CHEMICAL</span></strong></span></span></li>\r\n	<li><span style=\"font-size:11pt\"><span style=\"font-family:Calibri,sans-serif\"><strong><span dir=\"ltr\" lang=\"ms\" style=\"font-family:&quot;Arial&quot;,sans-serif\">PT. BUMI MULIA INDAH LESTARI</span></strong></span></span></li>\r\n	<li style=\"margin-right: 62px;\"><span style=\"font-size:11pt\"><span style=\"font-family:Calibri,sans-serif\"><strong><span dir=\"ltr\" lang=\"ms\" style=\"font-family:&quot;Arial&quot;,sans-serif\">PT. BP PTEROCHEMICAL INDONESIA PT. STYRON INDONESIA</span></strong></span></span></li>\r\n	<li><span style=\"font-size:11pt\"><span style=\"font-family:Calibri,sans-serif\"><strong><span dir=\"ltr\" lang=\"ms\" style=\"font-family:&quot;Arial&quot;,sans-serif\">PT. BUMI MERAK TRANSPORT</span></strong></span></span></li>\r\n	<li style=\"margin-right: 64px;\"><span style=\"font-size:11pt\"><span style=\"font-family:Calibri,sans-serif\"><strong><span dir=\"ltr\" lang=\"ms\" style=\"font-family:&quot;Arial&quot;,sans-serif\">PT. TRINSEOMATERIALS INDONESIA PT. VOPAK TERMINAL MERAK</span></strong></span></span></li>\r\n	<li><span style=\"font-size:11pt\"><span style=\"font-family:Calibri,sans-serif\"><strong><span dir=\"ltr\" lang=\"ms\" style=\"font-family:&quot;Arial&quot;,sans-serif\">PT. CASTROL INDONESIA</span></strong></span></span></li>\r\n	<li><span style=\"font-size:11pt\"><span style=\"font-family:Calibri,sans-serif\"><strong><span dir=\"ltr\" lang=\"ms\" style=\"font-family:&quot;Arial&quot;,sans-serif\">PT. PERTAMINA TERMINAL TANJUNG GEREM PT. COMMONWEALTH STEEL</span></strong></span></span></li>\r\n	<li><span style=\"font-size:11pt\"><span style=\"font-family:Calibri,sans-serif\"><strong><span dir=\"ltr\" lang=\"ms\" style=\"font-family:&quot;Arial&quot;,sans-serif\">PT. TENARIS SPIJ</span></strong></span></span></li>\r\n	<li><span style=\"font-size:11pt\"><span style=\"font-family:Calibri,sans-serif\"><strong><span dir=\"ltr\" lang=\"ms\" style=\"font-family:&quot;Arial&quot;,sans-serif\">PT. STOLLBERG SAMIL</span></strong></span></span></li>\r\n	<li style=\"margin-right: 110px;\"><span style=\"font-size:11pt\"><span style=\"font-family:Calibri,sans-serif\"><strong><span dir=\"ltr\" lang=\"ms\" style=\"font-family:&quot;Arial&quot;,sans-serif\">PT. DAEWOO LOGISTICS ASIA PT. IPCR</span></strong></span></span></li>\r\n	<li><span style=\"font-size:11pt\"><span style=\"font-family:Calibri,sans-serif\"><strong><span dir=\"ltr\" lang=\"ms\" style=\"font-family:&quot;Arial&quot;,sans-serif\">PT. MCA INDONESIA</span></strong></span></span></li>\r\n	<li><span style=\"font-size:11pt\"><span style=\"font-family:Calibri,sans-serif\"><strong><span dir=\"ltr\" lang=\"ms\" style=\"font-family:&quot;Arial&quot;,sans-serif\">PT. POSCOMTECH INDONESIA</span></strong></span></span></li>\r\n</ol>','2023-06-04 20:20:36.070526'),(9,'PULOMERAK','<ol>\r\n	<li style=\"margin-right: 70px;\"><span style=\"font-size:11pt\"><span style=\"font-family:Calibri,sans-serif\"><strong><span dir=\"ltr\" lang=\"ms\" style=\"font-size:10.0pt\"><span style=\"font-family:&quot;Arial&quot;,sans-serif\">INDONESIA POWER SURALAYA PLTU JAWA IX</span></span></strong></span></span></li>\r\n	<li><span style=\"font-size:11pt\"><span style=\"font-family:Calibri,sans-serif\"><strong><span dir=\"ltr\" lang=\"ms\" style=\"font-size:10.0pt\"><span style=\"font-family:&quot;Arial&quot;,sans-serif\">PELABUHAN IKPT</span></span></strong></span></span></li>\r\n	<li><span style=\"font-size:11pt\"><span style=\"font-family:Calibri,sans-serif\"><strong><span dir=\"ltr\" lang=\"ms\" style=\"font-size:10.0pt\"><span style=\"font-family:&quot;Arial&quot;,sans-serif\">PT. LINGGA PERDANA</span></span></strong></span></span></li>\r\n	<li style=\"margin-right: 36px;\"><span style=\"font-size:11pt\"><span style=\"font-family:Calibri,sans-serif\"><strong><span dir=\"ltr\" lang=\"ms\" style=\"font-size:10.0pt\"><span style=\"font-family:&quot;Arial&quot;,sans-serif\">PT. MERAK BANGUN SAMUDERA PERTAMINA LPG TANJUNG SEKONG PT. ORBIT TERMINAL MERAK</span></span></strong></span></span></li>\r\n	<li><span style=\"font-size:11pt\"><span style=\"font-family:Calibri,sans-serif\"><strong><span dir=\"ltr\" lang=\"ms\" style=\"font-size:10.0pt\"><span style=\"font-family:&quot;Arial&quot;,sans-serif\">PT. PLN PERSERO</span></span></strong></span></span></li>\r\n	<li><span style=\"font-size:11pt\"><span style=\"font-family:Calibri,sans-serif\"><strong><span dir=\"ltr\" lang=\"ms\" style=\"font-size:10.0pt\"><span style=\"font-family:&quot;Arial&quot;,sans-serif\">PT. BAHTERA ADHIGUNA PUTERA</span></span></strong></span></span></li>\r\n	<li style=\"margin-right: 1px;\"><span style=\"font-size:11pt\"><span style=\"font-family:Calibri,sans-serif\"><strong><span dir=\"ltr\" lang=\"ms\" style=\"font-size:10.0pt\"><span style=\"font-family:&quot;Arial&quot;,sans-serif\">PT. TOMINDO MAS BULK TANK TERMINAL PT. ELNUSA FABRIKASI KONSTRUKSI</span></span></strong></span></span></li>\r\n	<li><span style=\"font-size:11pt\"><span style=\"font-family:Calibri,sans-serif\"><strong><span dir=\"ltr\" lang=\"ms\" style=\"font-size:10.0pt\"><span style=\"font-family:&quot;Arial&quot;,sans-serif\">PT. INDAH KIAT PULP &amp; PAPER TBK</span></span></strong></span></span></li>\r\n</ol>','2023-06-04 20:20:46.980088'),(10,'PURWAKARTA','<ol>\r\n	<li><span style=\"font-size:11pt\"><span style=\"font-family:Calibri,sans-serif\"><strong><span dir=\"ltr\" lang=\"ms\" style=\"font-size:9.0pt\"><span style=\"font-family:&quot;Arial&quot;,sans-serif\">PT. KRAKATAU INDUSTRIAL ESTATE SLS BEARINDO CILEGON</span></span></strong></span></span></li>\r\n	<li><span style=\"font-size:11pt\"><span style=\"font-family:Calibri,sans-serif\"><strong><span dir=\"ltr\" lang=\"ms\" style=\"font-size:9.0pt\"><span style=\"font-family:&quot;Arial&quot;,sans-serif\">PT. PURNA SENTANA BAJA</span></span></strong></span></span></li>\r\n	<li><span style=\"font-size:11pt\"><span style=\"font-family:Calibri,sans-serif\"><strong><span dir=\"ltr\" lang=\"ms\" style=\"font-size:9.0pt\"><span style=\"font-family:&quot;Arial&quot;,sans-serif\">PT. KRAKATAU STEEL PERSERO PT. ANDARU BERKAH MAS ABADI PT. KRAKATAU WAJATAMA</span></span></strong></span></span></li>\r\n	<li><span style=\"font-size:11pt\"><span style=\"font-family:Calibri,sans-serif\"><strong><span dir=\"ltr\" lang=\"ms\" style=\"font-size:9.0pt\"><span style=\"font-family:&quot;Arial&quot;,sans-serif\">PT. KRAKATAU ENGINEERING PT. TRAKINDO UTAMA</span></span></strong></span></span></li>\r\n	<li><span style=\"font-size:11pt\"><span style=\"font-family:Calibri,sans-serif\"><strong><span dir=\"ltr\" lang=\"ms\" style=\"font-size:9.0pt\"><span style=\"font-family:&quot;Arial&quot;,sans-serif\">PT. MCA INDONESIA</span></span></strong></span></span></li>\r\n	<li><span style=\"font-size:11pt\"><span style=\"font-family:Calibri,sans-serif\"><strong><span dir=\"ltr\" lang=\"ms\" style=\"font-size:9.0pt\"><span style=\"font-family:&quot;Arial&quot;,sans-serif\">PT. CENTURY METALINDO PT. ALAM MAKMUR PUTERA</span></span></strong></span></span></li>\r\n	<li><span style=\"font-size:11pt\"><span style=\"font-family:Calibri,sans-serif\"><strong><span dir=\"ltr\" lang=\"ms\" style=\"font-size:9.0pt\"><span style=\"font-family:&quot;Arial&quot;,sans-serif\">PT. GLOBAL HATERINDO TEKNIK PT. KOSTEC PRIMA BAJA</span></span></strong></span></span></li>\r\n	<li><span style=\"font-size:11pt\"><span style=\"font-family:Calibri,sans-serif\"><strong><span dir=\"ltr\" lang=\"ms\" style=\"font-size:9.0pt\"><span style=\"font-family:&quot;Arial&quot;,sans-serif\">PT. SWON TECH</span></span></strong></span></span></li>\r\n	<li><span style=\"font-size:11pt\"><span style=\"font-family:Calibri,sans-serif\"><strong><span dir=\"ltr\" lang=\"ms\" style=\"font-size:9.0pt\"><span style=\"font-family:&quot;Arial&quot;,sans-serif\">SINGAPORE INTERNATIONAL SCHOOL HOTEL ROYALE KRAKATAU KRAKATAU TOWNHOUSE</span></span></strong></span></span></li>\r\n	<li><span style=\"font-size:11pt\"><span style=\"font-family:Calibri,sans-serif\"><strong><span dir=\"ltr\" lang=\"ms\" style=\"font-size:9.0pt\"><span style=\"font-family:&quot;Arial&quot;,sans-serif\">PALM HILLS</span></span></strong></span></span></li>\r\n	<li><span style=\"font-size:11pt\"><span style=\"font-family:Calibri,sans-serif\"><strong><span dir=\"ltr\" lang=\"ms\" style=\"font-size:9.0pt\"><span style=\"font-family:&quot;Arial&quot;,sans-serif\">PERUMAHAN METRO CILEGON PETROJAYA BORAL PLASTERBOARD</span></span></strong></span></span></li>\r\n</ol>\r\n\r\n<p>&nbsp;</p>','2023-06-04 20:20:56.310364');
/*!40000 ALTER TABLE `main_listperusahaandanpenginapanwilayahkerja` ENABLE KEYS */;
UNLOCK TABLES;

--
-- Table structure for table `main_mainmenu`
--

DROP TABLE IF EXISTS `main_mainmenu`;
/*!40101 SET @saved_cs_client     = @@character_set_client */;
/*!40101 SET character_set_client = utf8 */;
CREATE TABLE `main_mainmenu` (
  `id` bigint(20) NOT NULL AUTO_INCREMENT,
  `main_menu_name` varchar(50) NOT NULL,
  `create_at` datetime(6) NOT NULL,
  PRIMARY KEY (`id`)
) ENGINE=InnoDB AUTO_INCREMENT=9 DEFAULT CHARSET=utf8mb4 COLLATE=utf8mb4_general_ci;
/*!40101 SET character_set_client = @saved_cs_client */;

--
-- Dumping data for table `main_mainmenu`
--

LOCK TABLES `main_mainmenu` WRITE;
/*!40000 ALTER TABLE `main_mainmenu` DISABLE KEYS */;
INSERT INTO `main_mainmenu` VALUES (1,'Beranda','2023-05-29 03:30:03.163119'),(2,'Layanan Imigrasi','2023-05-29 03:30:11.139675'),(3,'Informasi Publik','2023-05-29 03:30:21.568638'),(4,'Profile','2023-05-29 03:30:28.547668'),(5,'PPID','2023-05-29 03:30:32.371301'),(6,'Biaya Keimigrasian','2023-05-29 11:24:59.412015'),(8,'Zona Integritas','2023-05-30 08:27:15.417147');
/*!40000 ALTER TABLE `main_mainmenu` ENABLE KEYS */;
UNLOCK TABLES;

--
-- Table structure for table `main_menu`
--

DROP TABLE IF EXISTS `main_menu`;
/*!40101 SET @saved_cs_client     = @@character_set_client */;
/*!40101 SET character_set_client = utf8 */;
CREATE TABLE `main_menu` (
  `id` bigint(20) NOT NULL AUTO_INCREMENT,
  `menu_name` varchar(200) NOT NULL,
  `create_at` datetime(6) NOT NULL,
  `main_menu_id` bigint(20) NOT NULL,
  PRIMARY KEY (`id`),
  KEY `main_menu_main_menu_id_a1223e89_fk_main_mainmenu_id` (`main_menu_id`),
  CONSTRAINT `main_menu_main_menu_id_a1223e89_fk_main_mainmenu_id` FOREIGN KEY (`main_menu_id`) REFERENCES `main_mainmenu` (`id`)
) ENGINE=InnoDB AUTO_INCREMENT=18 DEFAULT CHARSET=utf8mb4 COLLATE=utf8mb4_general_ci;
/*!40101 SET character_set_client = @saved_cs_client */;

--
-- Dumping data for table `main_menu`
--

LOCK TABLES `main_menu` WRITE;
/*!40000 ALTER TABLE `main_menu` DISABLE KEYS */;
INSERT INTO `main_menu` VALUES (2,'Warga Negara Indonesia','2023-05-29 03:31:53.941376',2),(3,'Warga Negara Asing','2023-05-29 03:32:29.611261',2),(5,'Berita','2023-05-29 03:32:52.904287',3),(6,'Arsip dan Dokumen','2023-05-29 03:33:01.942024',3),(7,'Dasbor Publik','2023-05-29 03:33:09.054288',3),(8,'Profile','2023-05-29 03:33:42.061067',4),(9,'Galeri','2023-05-29 03:33:47.757615',4),(10,'PPID','2023-05-29 03:33:58.443135',5),(11,'Biaya Keimigrasian','2023-05-29 10:04:57.860731',3),(12,'Dokumen Perjalanan','2023-05-29 11:25:32.757079',6),(13,'Visa','2023-05-29 11:25:37.832263',6),(14,'Izin Keimigrasian','2023-05-29 11:25:47.274506',6),(15,'PNBP Keimigrasian Lainnya','2023-05-29 11:25:57.066012',6),(16,'Timpora','2023-05-30 08:26:18.284198',3),(17,'Zona Integritasi','2023-05-30 08:27:16.647584',8);
/*!40000 ALTER TABLE `main_menu` ENABLE KEYS */;
UNLOCK TABLES;

--
-- Table structure for table `main_strukturorganisasi`
--

DROP TABLE IF EXISTS `main_strukturorganisasi`;
/*!40101 SET @saved_cs_client     = @@character_set_client */;
/*!40101 SET character_set_client = utf8 */;
CREATE TABLE `main_strukturorganisasi` (
  `id` bigint(20) NOT NULL AUTO_INCREMENT,
  `name` varchar(50) NOT NULL,
  `jabatan` varchar(100) NOT NULL,
  `TMT` datetime(6) NOT NULL,
  `foto` varchar(100) NOT NULL,
  PRIMARY KEY (`id`)
) ENGINE=InnoDB AUTO_INCREMENT=28 DEFAULT CHARSET=utf8mb4 COLLATE=utf8mb4_general_ci;
/*!40101 SET character_set_client = @saved_cs_client */;

--
-- Dumping data for table `main_strukturorganisasi`
--

LOCK TABLES `main_strukturorganisasi` WRITE;
/*!40000 ALTER TABLE `main_strukturorganisasi` DISABLE KEYS */;
INSERT INTO `main_strukturorganisasi` VALUES (3,'MUHAMMAD DENY FIRMANSYAH','KEPALA_KANTOR','2023-01-10 09:13:05.000000','photo_pejabat/placeholder.png'),(4,'DEDEN RIDWAN','KASUBAG_TATA_USAHA','2023-07-13 09:14:41.000000','photo_pejabat/placeholder_nijSZAc.png'),(5,'YUIRIS WIBOWO SUSANTO','KASI_LALU_LINTAS_DAN_IZIN_TINGGAL_KEIMIGRASIAN','2023-07-13 09:50:50.000000','photo_pejabat/placeholder_waRYNmJ.png'),(6,'NIDYA OKTAVIYANTI','KASI_TEKNOLOGI_DAN_INFORMASI_KEIMIGRASIAN','2023-07-13 09:51:37.000000','photo_pejabat/placeholder_YrcNlOA.png'),(7,'MUHAMMAD GAZEL ENIM FEBRIANTO','KASI_INTELEJEN_DAN_PENINDAKAN_KEIMIGRASIAN','2023-07-13 09:52:32.000000','photo_pejabat/placeholder_i4s21Nj.png'),(8,'MUHAMMAD SURYA DHARMA GALIB','KAUR_KEPEGAWAIAN','2023-07-13 10:03:29.000000','photo_pejabat/placeholder_L66CXmi.png'),(9,'RADEN FAJAR JAYA WICAKSONO','KASUBSI_IZIN_TINGGAL_KEIMIGRASIAN','2023-07-13 10:05:19.000000','photo_pejabat/placeholder_TTqfVZv.png'),(10,'GALIH NUR RAHARTADI','KASUBSI_TEKNOLOGI_INFORMASI_KEIMIGRASIAN','2023-07-13 10:05:43.000000','photo_pejabat/placeholder_ILqwhj8.png'),(11,'ARISMAN MUHARDI','KASUBSI_INFORMASI_DAN_KOMUNIKASI_KEIMIGRASIAN','2023-07-13 10:06:01.000000','photo_pejabat/placeholder_6zpRM7M.png'),(12,'ZAQI YUNAHAR','KASUBSI_INTELIJEN_KEIMIGRASIAN','2023-07-13 10:09:10.000000','photo_pejabat/placeholder_UiRMbAQ.png'),(13,'ADITYA NUGRAHA','KASUBSI_PENINDAKAN_KEIMIGRASIAN','2023-07-13 10:09:41.000000','photo_pejabat/198911032009011001.jpeg'),(14,'ANGGA PRASETYA ALI SAPUTRA','KASUBSI_LALU_LINTAS_KEIMIGRASIAN','2023-07-13 10:11:13.000000','photo_pejabat/placeholder_YBYVfqj.png'),(16,'RADEN FAJAR JAYA WICAKSONO','KASUBSI_IZIN_TINGGAL_KEIMIGRASIAN','2023-07-13 13:44:00.000000','photo_pejabat/placeholder_Fn1w9NP.png'),(17,'MUHAMMAD DENY FIRMANSYAH','KEPALA_KANTOR','2023-07-14 15:07:40.000000','photo_pejabat/IMG_2200-removebg.png'),(18,'DEDEN RIDWAN','KASUBAG_TATA_USAHA','2023-07-17 09:10:01.000000','photo_pejabat/KTU_Deden.jpg'),(19,'RADEN FAJAR JAYA WICAKSONO','KASUBSI_IZIN_TINGGAL_KEIMIGRASIAN','2023-07-17 09:13:02.000000','photo_pejabat/Kasubsi_Intal_Fajar.jpg'),(20,'GALIH NUR RAHARTADI','KASUBSI_TEKNOLOGI_INFORMASI_KEIMIGRASIAN','2023-07-17 09:13:49.000000','photo_pejabat/Kasubsi_TI_Galih.jpg'),(21,'MUHAMMAD SURYA DHARMA GALIB','KAUR_KEPEGAWAIAN','2023-07-17 09:14:28.000000','photo_pejabat/Kaur_wai_Surya.jpg'),(22,'ARISMAN MUHARDI','KASUBSI_INFORMASI_DAN_KOMUNIKASI_KEIMIGRASIAN','2023-07-17 09:14:57.000000','photo_pejabat/Kasubsi_InKom_Arisman.jpg'),(23,'MUHAMMAD GAZEL ENIM FEBRIANTO','KASI_INTELEJEN_DAN_PENINDAKAN_KEIMIGRASIAN','2023-07-17 09:33:23.000000','photo_pejabat/gazel.jpeg'),(24,'ZAQI YUNAHAR','KASUBSI_INTELIJEN_KEIMIGRASIAN','2023-07-17 09:34:12.000000','photo_pejabat/WhatsApp_Image_2023-01-31_at_12.33.55-removebg-preview.png'),(25,'ANGGA PRASETYA ALI SAPUTRA','KASUBSI_LALU_LINTAS_KEIMIGRASIAN','2023-07-17 09:34:52.000000','photo_pejabat/WhatsApp_Image_2023-01-31_at_14.00.38.jpeg'),(26,'NIDYA OKTAVIYANTI','KASI_TEKNOLOGI_DAN_INFORMASI_KEIMIGRASIAN','2023-07-17 09:36:03.000000','photo_pejabat/nindya.jpeg'),(27,'YUIRIS WIBOWO SUSANTO','KASI_LALU_LINTAS_DAN_IZIN_TINGGAL_KEIMIGRASIAN','2023-07-17 09:40:35.000000','photo_pejabat/Yuris.jpeg');
/*!40000 ALTER TABLE `main_strukturorganisasi` ENABLE KEYS */;
UNLOCK TABLES;

--
-- Table structure for table `main_submenu`
--

DROP TABLE IF EXISTS `main_submenu`;
/*!40101 SET @saved_cs_client     = @@character_set_client */;
/*!40101 SET character_set_client = utf8 */;
CREATE TABLE `main_submenu` (
  `id` bigint(20) NOT NULL AUTO_INCREMENT,
  `submenu_name` varchar(200) NOT NULL,
  `create_at` datetime(6) NOT NULL,
  `permalink` varchar(50) NOT NULL,
  `menu_id` bigint(20) NOT NULL,
  PRIMARY KEY (`id`),
  KEY `main_submenu_menu_id_0a3daf3f_fk_main_menu_id` (`menu_id`),
  CONSTRAINT `main_submenu_menu_id_0a3daf3f_fk_main_menu_id` FOREIGN KEY (`menu_id`) REFERENCES `main_menu` (`id`)
) ENGINE=InnoDB AUTO_INCREMENT=62 DEFAULT CHARSET=utf8mb4 COLLATE=utf8mb4_general_ci;
/*!40101 SET character_set_client = @saved_cs_client */;

--
-- Dumping data for table `main_submenu`
--

LOCK TABLES `main_submenu` WRITE;
/*!40000 ALTER TABLE `main_submenu` DISABLE KEYS */;
INSERT INTO `main_submenu` VALUES (1,'Paspor Baru','2023-05-29 03:34:25.213998','paspor-baru',2),(2,'Penyerahan Paspor','2023-05-29 03:34:37.551817','penyerahan-paspor',2),(3,'Pergantian Paspor','2023-05-29 03:34:52.213018','pergantian-paspor',2),(4,'Pergantian Paspor Hilang/Rusak','2023-05-29 03:35:09.723998','pergantian-paspor-hilang-rusak',2),(5,'Perpanjang Visa Kunjungan Saat Kedatangan','2023-05-29 03:35:57.162504','perpanjang-visa-kunjungan-saat-kedatangan',3),(6,'Izin Tinggal Kunjungan','2023-05-29 03:36:11.394849','izin-tinggal-kunjungan',3),(7,'Izin Tinggal Terbatas','2023-05-29 03:36:23.549111','izin-tinggal-terbatas',3),(8,'Izin Masuk Kembali','2023-05-29 03:36:39.355410','izin-masuk-kembali',3),(9,'Izin Tinggal Tetap','2023-05-29 03:36:49.606460','izin-tinggal-tetap',3),(10,'Alih Status Izin Tinggal','2023-05-29 03:37:02.343980','alih-status-izin-tinggal',3),(11,'Perubahan Alamat','2023-05-29 03:37:11.532844','perubahan-alamat',3),(12,'Pendaftaran Anak Berkewarganegaraan Ganda dan Fasilitas Keimigrasian (Ganda Terbatas)','2023-05-29 03:37:42.101827','pendaftaran-anak-berkewarganegaraan-ganda',3),(14,'Kantor Imigrasi Cilegon','2023-05-29 03:38:17.030159','kantor-imigrasi-cilegon',5),(15,'Kemenkumham Republik Indonesia','2023-05-29 03:38:38.081072','kemenkumham-republik-indonesia',5),(16,'Kemenkumham Kanwil Banten','2023-05-29 03:38:54.374042','kemenkumham-kanwil-banten',5),(17,'Daftar Isian Pelaksanaan Anggaran','2023-05-29 03:39:14.661679','daftar-isian-pelaksanaan-anggaran',6),(18,'Laporan Akuntabilitas Kinerja','2023-05-29 03:39:36.393052','laporan-akuntabilitas-kinerja',6),(19,'Laporan Pelayanan','2023-05-29 03:39:54.152240','laporan-pelayanan',7),(20,'IPK dan IKM','2023-05-29 03:40:06.945893','ipk-dan-ikm',7),(21,'Sejarah Imigrasi','2023-05-29 03:40:22.451908','sejarah-imigrasi',8),(22,'Sejarah Kantor','2023-05-29 03:40:34.072923','sejarah-kantor',8),(23,'Visi dan Misi','2023-05-29 03:40:43.278856','visi-dan-misi',8),(24,'Struktur Organisasi','2023-05-29 03:40:55.155271','struktur-organisasi',8),(25,'Tugas dan Fungsi','2023-05-29 03:41:09.250262','tugas-dan-funsi',8),(26,'Wilayah Kerja','2023-05-29 03:41:17.550220','wilayah-kerja',8),(27,'Kakanim dari Waktu','2023-05-29 03:41:36.448495','kakanim-dari-waktu',8),(28,'Foto','2023-05-29 03:41:51.754950','foto',9),(29,'VIdeo','2023-05-29 03:41:59.534361','video',9),(30,'Dasar Hukum PPID','2023-05-29 03:43:01.253137','dasar-hukum-ppid',10),(31,'SK Penetapan PPID','2023-05-29 03:43:16.566953','sk-penetapan-ppid',10),(32,'Struktur PPID','2023-05-29 03:43:27.633385','struktur-ppid',10),(33,'Tugas dan Fungsi PPID','2023-05-29 03:45:03.434112','tugas-dan-fungsi-ppid',10),(34,'Standar Pelayanan Informasi','2023-05-29 03:45:27.554993','standar-pelayanan-informasi',10),(35,'Kegiatan Tata kelola Informasi Publik','2023-05-29 03:46:23.970774','kegiatan-tata-kelola-informasi-publik',10),(36,'SK Informasi yang Dikecualikan','2023-05-29 03:56:30.258021','sk-informasi-yang-dikecualikan',10),(37,'Daftar Informasi Publik','2023-05-29 03:56:45.118841','daftar-informasi-publik',10),(38,'Informasi Berkala','2023-05-29 03:56:56.718837','informasi-berkala',10),(39,'Informasi Setiap Saat','2023-05-29 03:57:09.524382','informasi-setiap-saat',10),(40,'Informasi Serta Merta','2023-05-29 03:57:19.861309','informasi-serta-merta',10),(41,'Informasi Dikecualikan','2023-05-29 03:57:29.365276','informasi-dikecualikan',10),(42,'Profile PPID','2023-05-29 03:57:37.536672','profile-ppid',10),(43,'Form Permintaan Informasi & Pernyataan Kebenaran','2023-05-29 03:58:04.833381','form-permintaan-informasi-dan-pernyataan-kebenaran',10),(44,'Dokumen Perjalanan Republik Indonesia','2023-05-29 11:27:20.338672','dokumen-perjalanan-republik-indonesia',12),(45,'Visa Kunjungan','2023-05-29 11:27:35.986326','visa-kunjungan',13),(46,'Visa Tinggal Terbatas','2023-05-29 11:27:48.228837','visa-tinggal-terbatas',13),(47,'Izin Kunjungan','2023-05-29 11:28:00.177243','izin-kunjungan',14),(48,'Izin Tinggal Tetap','2023-05-29 11:28:14.521471','izin-tinggal-tetap',14),(49,'Izin Masuk Kembali (Re-Entry Permit)','2023-05-29 11:28:32.311065','izin-masuk-kembali',14),(50,'Biaya Beban','2023-05-29 11:28:42.925813','biaya-beban',15),(51,'Smart Card','2023-05-29 11:28:54.416125','smart-card',15),(52,'Kartu Perjalanan Pebisnis Asia Pacific Economic Cooperation (KPP APEC)/APEC Business Travel Card (ABTC)','2023-05-29 11:29:45.105107','kartu-perjalanan-pebisnis-asia',15),(53,'Fasilitas Keimigrasian (Afidavit) Bagi Anak Berkewarganegaraan Ganda','2023-05-29 11:30:13.390497','fasilitas-keimigrasian',15),(54,'Surat Keterangan Keimigrasian','2023-05-29 11:30:27.862528','surat-keterangan-keimigrasian',15),(55,'Izin Tinggal Terbatas','2023-05-29 11:32:56.084681','izin-tinggal-terbatas',14),(56,'Dasar Hukum Pembentukan TIMPORA','2023-05-30 08:26:44.943144','dasar-hukum-pembentukan-timpora',16),(57,'Pengertian','2023-05-30 08:27:36.883253','pengertian',17),(58,'6 Area Perubahan','2023-05-30 08:27:51.537037','6-area-perubahan',17),(59,'Dokumentasi Kegiatan PZI','2023-05-30 08:28:15.231632','dokumentasi-kegiatan-pzi',17),(60,'Jingle Kantor Imigrasi Kelas II TPI Cilegon','2023-05-30 08:28:40.369168','jingle-kantor-imigrasi-kelas-ii-tpi-cilegon',17),(61,'Paparan WBK (Zona Integritas) Tahun 2022','2023-05-30 08:29:01.329929','paparan-wbk-2022',17);
/*!40000 ALTER TABLE `main_submenu` ENABLE KEYS */;
UNLOCK TABLES;

--
-- Table structure for table `main_visidanmisi`
--

DROP TABLE IF EXISTS `main_visidanmisi`;
/*!40101 SET @saved_cs_client     = @@character_set_client */;
/*!40101 SET character_set_client = utf8 */;
CREATE TABLE `main_visidanmisi` (
  `id` bigint(20) NOT NULL AUTO_INCREMENT,
  `visi` varchar(200) NOT NULL,
  `misi` longtext NOT NULL,
  `moto_1` varchar(50) NOT NULL,
  `moto_2` varchar(50) NOT NULL,
  `moto_3` varchar(50) NOT NULL,
  `tata_nilai_profesional` varchar(300) NOT NULL,
  `tata_nilai_akuntabel` varchar(300) NOT NULL,
  `tata_nilai_sinergi` varchar(300) NOT NULL,
  `tata_nilai_transparan` varchar(300) NOT NULL,
  `tata_nilai_inovarif` varchar(300) NOT NULL,
  PRIMARY KEY (`id`)
) ENGINE=InnoDB AUTO_INCREMENT=2 DEFAULT CHARSET=utf8mb4 COLLATE=utf8mb4_general_ci;
/*!40101 SET character_set_client = @saved_cs_client */;

--
-- Dumping data for table `main_visidanmisi`
--

LOCK TABLES `main_visidanmisi` WRITE;
/*!40000 ALTER TABLE `main_visidanmisi` DISABLE KEYS */;
INSERT INTO `main_visidanmisi` VALUES (1,'Masyarakat Memperoleh Kepastian Hukum','<ol>\r\n	<li>Mewujudkan Peraturan Perundang-Undangan Yang Berkualitas;</li>\r\n	<li>Mewujudkan Pelayanan Hukum Yang Berkualitas;</li>\r\n	<li>Mewujudkan Penegakan Hukum Yang Berkualitas;</li>\r\n	<li>Mewujudkan Penghormatan, Pemenuhan Dan ;Perlindungan HAM;</li>\r\n	<li>Mewujudkan Layanan Manajemen Administrasi Kementrian Hukum dan HAM; Serta</li>\r\n	<li>Mewujudkan Aparatur Kementrian Hukum dan HAM yang Profesional Dan Berintegritas</li>\r\n</ol>','Ramah dan Pasti','Janji Layanan','Kepastian Persyaratan','Kementerian Hukum dan HAM menjunjung tinggi tata nilai kami \"P-A-S-T-I\"','Setiap kegiatan dalam rangka penyelenggaraan pemerintah dapat dipertanggungjawabkan kepada masyarakat sesuai dengan ketentuan atau peraturan yang berlaku','Komitmen untuk membangun dan memastikan hubungan kerjasama yang produktif serta kemitraan yang harmonis dengan para pemangku kepentingan untuk menemukan dan melaksanakan solusi terbaik, bermanfaat, dan berkualitas','Kementerian Hukum dan HAM menjamin akses atau kebebasan bagi setiap orang untuk memperoleh informasi tentang penyelenggaraan pemerintahan, yakni informasi tentang kebijakan, proses pembuatan dan pelaksanaannya, serta hasil-hasil yang dicapai','Kementerian Hukum dan HAM mendukung kreatifitas dan mengembangkan inisiatif untuk selalu melakukan pembaharuan dalam penyelenggaraan tugas dan fungsinya.');
/*!40000 ALTER TABLE `main_visidanmisi` ENABLE KEYS */;
UNLOCK TABLES;

--
-- Table structure for table `main_youtubevideo`
--

DROP TABLE IF EXISTS `main_youtubevideo`;
/*!40101 SET @saved_cs_client     = @@character_set_client */;
/*!40101 SET character_set_client = utf8 */;
CREATE TABLE `main_youtubevideo` (
  `id` bigint(20) NOT NULL AUTO_INCREMENT,
  `video_title` varchar(200) NOT NULL,
  `url` varchar(200) NOT NULL,
  `image_url` varchar(200) NOT NULL,
  `create_at` datetime(6) NOT NULL,
  `youtube_category` varchar(50) NOT NULL,
  PRIMARY KEY (`id`)
) ENGINE=InnoDB AUTO_INCREMENT=11 DEFAULT CHARSET=utf8mb4 COLLATE=utf8mb4_general_ci;
/*!40101 SET character_set_client = @saved_cs_client */;

--
-- Dumping data for table `main_youtubevideo`
--

LOCK TABLES `main_youtubevideo` WRITE;
/*!40000 ALTER TABLE `main_youtubevideo` DISABLE KEYS */;
INSERT INTO `main_youtubevideo` VALUES (1,'Aplikasi Pendaftaran Paspor Melalui M-Paspor Kantor Imigrasi Kelas II TPI Cilegon','https://www.youtube.com/watch?v=DeeSDf8QyeU','https://img.youtube.com/vi/DeeSDf8QyeU/0.jpg','2023-05-29 04:26:26.790365','2023-05-30 13:29:35.161454+00:00'),(2,'PERESMIAN RUANG DETENI GEDUNG SEKSI INTELIJEN DAN PENINDAKAN KEIMIGRASIAN KANTOR IMIGRASI CILEGON','https://www.youtube.com/watch?v=hDLRtLZtdXY','https://img.youtube.com/vi/hDLRtLZtdXY/0.jpg','2023-05-29 04:26:53.299271','2023-05-30 13:29:35.161454+00:00'),(3,'Pegawai Kantor Imigrasi Cilegon antusias mengikuti Sosialisasi M-Paspor','https://www.youtube.com/watch?v=5c1Eq7O6ET4','https://img.youtube.com/vi/5c1Eq7O6ET4/0.jpg','2023-05-29 04:27:09.786320','2023-05-30 13:29:35.161454+00:00'),(4,'Tutorial Penggunaan Aplikasi Mobile Paspor ( M-Paspor)','https://www.youtube.com/watch?v=6_Wduu9bOSE','https://img.youtube.com/vi/6_Wduu9bOSE/0.jpg','2023-05-29 04:27:26.527028','2023-05-30 13:29:35.161454+00:00'),(5,'Sosialisasi Keimigrasian di Wilayah kerja Kantor Imigrasi Kelas II TPI Cilegon','https://www.youtube.com/watch?v=jXWWImd2Row','https://img.youtube.com/vi/jXWWImd2Row/0.jpg','2023-05-29 04:27:43.112720','STANDAR'),(6,'Jingle Kantor Imigrasi Cilegon \'Menggapai Asa\'','https://www.youtube.com/watch?v=RGofCJ0OTzg','https://img.youtube.com/vi/RGofCJ0OTzg/0.jpg','2023-05-30 13:31:27.237761','JINGLE'),(7,'Paparan Zona Integritas','https://www.youtube.com/watch?v=9vrByf4JJxw','https://img.youtube.com/vi/9vrByf4JJxw/0.jpg','2023-05-30 13:32:37.379755','ZONA_INTEGRITAS'),(8,'M-PASPOR','https://www.youtube.com/watch?v=DeeSDf8QyeU','https://img.youtube.com/vi/DeeSDf8QyeU/0.jpg','2023-07-13 05:02:23.650757','STANDAR'),(9,'M-PASPOR','https://www.youtube.com/watch?v=DeeSDf8QyeU','https://www.youtube.com/watch?v=DeeSDf8QyeU','2023-07-13 05:04:46.377013','STANDAR'),(10,'M-PASPOR','https://www.youtube.com/watch?v=DeeSDf8QyeU','https://www.youtube.com/watch?v=DeeSDf8QyeU','2023-07-13 06:53:35.015035','STANDAR');
/*!40000 ALTER TABLE `main_youtubevideo` ENABLE KEYS */;
UNLOCK TABLES;
/*!40103 SET TIME_ZONE=@OLD_TIME_ZONE */;

/*!40101 SET SQL_MODE=@OLD_SQL_MODE */;
/*!40014 SET FOREIGN_KEY_CHECKS=@OLD_FOREIGN_KEY_CHECKS */;
/*!40014 SET UNIQUE_CHECKS=@OLD_UNIQUE_CHECKS */;
/*!40101 SET CHARACTER_SET_CLIENT=@OLD_CHARACTER_SET_CLIENT */;
/*!40101 SET CHARACTER_SET_RESULTS=@OLD_CHARACTER_SET_RESULTS */;
/*!40101 SET COLLATION_CONNECTION=@OLD_COLLATION_CONNECTION */;
/*!40111 SET SQL_NOTES=@OLD_SQL_NOTES */;

-- Dump completed on 2023-11-06 10:01:04
